[{"name":"ISEQ$$_35592688","lastNumber":1},{"name":"ISEQ$$_35592765","lastNumber":1},{"name":"PIPELINEDEFINITION_SEQ","lastNumber":181},{"name":"ISEQ$$_35592841","lastNumber":1},{"name":"JOBDATA_SEQ","lastNumber":261},{"name":"ISEQ$$_35592664","lastNumber":1},{"name":"TASK_SEQ","lastNumber":461},{"name":"ISEQ$$_35592669","lastNumber":1},{"name":"ISEQ$$_35592701","lastNumber":1},{"name":"BUILDLIST_SEQ","lastNumber":1},{"name":"ISEQ$$_35592706","lastNumber":1},{"name":"LOGSEGMENT_SEQ","lastNumber":2481},{"name":"ISEQ$$_35592829","lastNumber":1},{"name":"PIPELINE_SEQ","lastNumber":1},{"name":"BUILDOUTPUT_SEQ","lastNumber":341},{"name":"TYPED_SEQ","lastNumber":61},{"name":"LOG_SEQ","lastNumber":501},{"name":"JOBSCMURL_SEQ","lastNumber":341},{"name":"TREND_SEQ","lastNumber":1},{"name":"ISEQ$$_35592682","lastNumber":1},{"name":"ISEQ$$_35592853","lastNumber":1},{"name":"ISEQ$$_35592952","lastNumber":1},{"name":"YAMLSTATUS_SEQ","lastNumber":1},{"name":"ISEQ$$_35592676","lastNumber":1},{"name":"ISEQ$$_35592731","lastNumber":1},{"name":"ISEQ$$_35592696","lastNumber":1},{"name":"BUILD_SEQ","lastNumber":461},{"name":"ISEQ$$_35592659","lastNumber":1},{"name":"JOBOUTPUT_SEQ","lastNumber":301},{"name":"STORAGECREDENTIAL_SEQ","lastNumber":1},{"name":"ISEQ$$_35592711","lastNumber":1},{"name":"ISEQ$$_35592876","lastNumber":1},{"name":"ISEQ$$_35592898","lastNumber":1},{"name":"ISEQ$$_35592817","lastNumber":1},{"name":"ISEQ$$_35592739","lastNumber":1},{"name":"BUILDDATA_SEQ","lastNumber":501},{"name":"JOBCONFIG_SEQ","lastNumber":1},{"name":"EVENT_SEQ","lastNumber":941},{"name":"PIPELINEINSTANCE_SEQ","lastNumber":441},{"name":"PIPELINESCMURL_SEQ","lastNumber":1},{"name":"ARTIFACT_SEQ","lastNumber":361},{"name":"JOB_SEQ","lastNumber":221},{"name":"ISEQ$$_35592693","lastNumber":1},{"name":"ISEQ$$_35592791","lastNumber":1}]