[{"fileName":"liquibase-wiki-db-master-oracle.xml","path":"data","hash":"282f4603a49c341832e41d210cf7af94554bbe6c0cd002edfeb88ceaeb58530b","isMaster":true},{"fileName":"liquibase-wiki-db-schema-1.0.xml","path":"data","hash":"12cd5ae695e23c0d2cb6e9d98172a5cff2c2ae9fa10a672db9601ed3516b3ca0","isMaster":false},{"fileName":"liquibase-wiki-db-schema-1.0-oracle.xml","path":"data","hash":"e50bbe733e8fac6519276aa8c1f364daf568722ede1ba4084cea7155c175434e","isMaster":false},{"fileName":"liquibase-wiki-db-initial-data-1.0.xml","path":"data","hash":"e44977fc2b08fb21f2e5df9e42e846db61fb3734a70c2d6256e10c5868fac99e","isMaster":false}]