[{"name":"ISEQ$$_35592802","lastNumber":1},{"name":"TSEXITSTATUS_SEQ","lastNumber":1},{"name":"ISEQ$$_35592766","lastNumber":1},{"name":"ISEQ$$_35592887","lastNumber":1},{"name":"ISEQ$$_35592927","lastNumber":1},{"name":"REPPLATFORM_SEQ","lastNumber":5},{"name":"SERIESDATA_SEQ","lastNumber":1},{"name":"OPSYS_SEQ","lastNumber":6},{"name":"ISEQ$$_35593052","lastNumber":1},{"name":"PRIORITY_SEQ","lastNumber":6},{"name":"ISEQ$$_35592895","lastNumber":1},{"name":"BUGSEEALSO_SEQ","lastNumber":1},{"name":"MILESTONE_SEQ","lastNumber":3},{"name":"CLASSIFICATION_SEQ","lastNumber":2},{"name":"ISEQ$$_35592810","lastNumber":1},{"name":"BOARD_SEQ","lastNumber":21},{"name":"NAMEDQUERYLINKINFOOTER_SEQ","lastNumber":1},{"name":"ISEQ$$_35592814","lastNumber":1},{"name":"ISEQ$$_35593060","lastNumber":1},{"name":"AGILE_PROGRESS_COND_SEQ","lastNumber":1},{"name":"ISEQ$$_35593635","lastNumber":1},{"name":"FLAGTYPES_SEQ","lastNumber":1},{"name":"VERSION_SEQ","lastNumber":1},{"name":"SPRINT_SEQ","lastNumber":1},{"name":"ISEQ$$_35592943","lastNumber":1},{"name":"ISEQ$$_35592827","lastNumber":1},{"name":"SETTINGVALUE_SEQ","lastNumber":1},{"name":"PROFILEACTIVITY_SEQ","lastNumber":1},{"name":"ISEQ$$_35593193","lastNumber":1},{"name":"AGILE_EVENT_SEQ","lastNumber":1},{"name":"COMPONENT_SEQ","lastNumber":2},{"name":"ISEQ$$_35593196","lastNumber":1},{"name":"ISEQ$$_35592798","lastNumber":1},{"name":"ISEQ$$_35592954","lastNumber":1},{"name":"ISEQ$$_35593645","lastNumber":1},{"name":"FIELDDEF_SEQ","lastNumber":83},{"name":"ISEQ$$_35592838","lastNumber":1},{"name":"ISEQ$$_35592958","lastNumber":1},{"name":"TASKSEVERITY_SEQ","lastNumber":8},{"name":"WHINEQUERY_SEQ","lastNumber":1},{"name":"CATEGORYGROUPMAP_SEQ","lastNumber":1},{"name":"PROFILE_SEQ","lastNumber":41},{"name":"REVIEWERSTATUS_SEQ","lastNumber":21},{"name":"BRANCHID_SEQ","lastNumber":1},{"name":"ISEQ$$_35592967","lastNumber":1},{"name":"ISEQ$$_35592845","lastNumber":1},{"name":"ISEQ$$_35593535","lastNumber":1},{"name":"SAVEDTASKQUERY_SEQ","lastNumber":1},{"name":"BZSCHEMA_SEQ","lastNumber":1},{"name":"FLAGS_SEQ","lastNumber":1},{"name":"TSFUNCMAP_SEQ","lastNumber":1},{"name":"CALENDAR_SEQ","lastNumber":1},{"name":"BUILDSTATUS_SEQ","lastNumber":1},{"name":"RELATEDISSUE_SEQ","lastNumber":1},{"name":"GROUP_SEQ","lastNumber":14},{"name":"CONFIGURATIONPROPERTY_SEQ","lastNumber":2},{"name":"SAVEDREVIEWQUERY_SEQ","lastNumber":1},{"name":"ISEQ$$_35593014","lastNumber":1},{"name":"TASKTYPE_SEQ","lastNumber":4},{"name":"TSJOB_SEQ","lastNumber":1},{"name":"USERGROUPMAP_SEQ","lastNumber":1},{"name":"ISEQ$$_35593547","lastNumber":1},{"name":"CF_ITERATION_ID_SEQ","lastNumber":12},{"name":"PROFILESETTING_SEQ","lastNumber":1},{"name":"ISEQ$$_35592857","lastNumber":1},{"name":"CAL_ENTRY_SEQ","lastNumber":1},{"name":"AGILE_PROGRESS_SEQ","lastNumber":21},{"name":"PRODUCT_SEQ","lastNumber":2},{"name":"REVIEWERGROUP_SEQ","lastNumber":1},{"name":"ISEQ$$_35593022","lastNumber":1},{"name":"ISEQ$$_35593025","lastNumber":1},{"name":"QUIPS_SEQ","lastNumber":1},{"name":"ISEQ$$_35592985","lastNumber":1},{"name":"ISEQ$$_35592862","lastNumber":1},{"name":"TASK_SEQ","lastNumber":21},{"name":"ISEQ$$_35593279","lastNumber":1},{"name":"ISEQ$$_35593039","lastNumber":1},{"name":"WHINESCHEDULE_SEQ","lastNumber":1},{"name":"NAMEDQUERY_SEQ","lastNumber":1},{"name":"ISEQ$$_35592749","lastNumber":1},{"name":"USERGROUP_PROFILE_SEQ","lastNumber":10},{"name":"RESOURCE_DEPENDENCIES_SEQ","lastNumber":1},{"name":"SERIESCATEGORIES_SEQ","lastNumber":1},{"name":"REPOID_SEQ","lastNumber":1},{"name":"ISEQ$$_35593034","lastNumber":1},{"name":"TASKSTATUS_SEQ","lastNumber":8},{"name":"WATCH_SEQ","lastNumber":1},{"name":"ISEQ$$_35593274","lastNumber":1},{"name":"ISEQ$$_35592754","lastNumber":1},{"name":"ISEQ$$_35592994","lastNumber":1},{"name":"KEYWORDDEF_SEQ","lastNumber":4},{"name":"ISEQ$$_35592757","lastNumber":1},{"name":"ISEQ$$_35592878","lastNumber":1},{"name":"LOGINFAILURE_SEQ","lastNumber":1},{"name":"ISEQ$$_35593205","lastNumber":1},{"name":"ISEQ$$_35592916","lastNumber":1},{"name":"ISEQ$$_35592919","lastNumber":1},{"name":"WHINEEVENT_SEQ","lastNumber":1},{"name":"NAMEDQUERYGROUPMAP_SEQ","lastNumber":1},{"name":"RESOLUTION_SEQ","lastNumber":8},{"name":"SERIES_SEQ","lastNumber":1},{"name":"ATTACHMENT_SEQ","lastNumber":1},{"name":"RELATEDBUILDJOB_SEQ","lastNumber":1},{"name":"COMMENT_SEQ","lastNumber":21},{"name":"RELATEDPROPERTY_SEQ","lastNumber":1},{"name":"USERGROUP_SEQ","lastNumber":10}]