[{"ID":22,"CREATIONDATE":"2023-04-14 06:27:46.056","MODIFICATIONDATE":"2023-04-14 06:27:46.056","VERSION":1,"BUILDID":71,"STORAGEID":12990,"OBJECTNAME":"sha256:bdc34e879fe04f3cee21c9b446802704d97452a866b599c813445b0301b57721","ARTIFACTPATH":"input_param.json","ARTIFACTTYPE":"json","ARTIFACTSIZE":411,"PUBLISHERNAME":"artifactArchiver","STORAGENAME":null},{"ID":81,"CREATIONDATE":"2023-04-17 06:37:10.966","MODIFICATIONDATE":"2023-04-17 06:37:10.966","VERSION":1,"BUILDID":145,"STORAGEID":12990,"OBJECTNAME":"sha256:4feeb6a628f17e4d4919aa26f114ca8557b093c396544827b59280da689ca4fa","ARTIFACTPATH":"input_param.json","ARTIFACTTYPE":"json","ARTIFACTSIZE":352,"PUBLISHERNAME":"artifactArchiver","STORAGENAME":null},{"ID":82,"CREATIONDATE":"2023-04-17 06:39:06.156","MODIFICATIONDATE":"2023-04-17 06:39:06.156","VERSION":1,"BUILDID":124,"STORAGEID":12990,"OBJECTNAME":"sha256:4feeb6a628f17e4d4919aa26f114ca8557b093c396544827b59280da689ca4fa","ARTIFACTPATH":"input_param.json","ARTIFACTTYPE":"json","ARTIFACTSIZE":352,"PUBLISHERNAME":"artifactArchiver","STORAGENAME":null},{"ID":83,"CREATIONDATE":"2023-04-17 06:39:38.931","MODIFICATIONDATE":"2023-04-17 06:39:38.931","VERSION":1,"BUILDID":146,"STORAGEID":12990,"OBJECTNAME":"sha256:770162820a4e5d225f7d853ac23f1dc0a2c790d5647a1738ba2275f0b8dd7de4","ARTIFACTPATH":"bi_report_dash.json","ARTIFACTTYPE":"json","ARTIFACTSIZE":1083,"PUBLISHERNAME":"artifactArchiver","STORAGENAME":null},{"ID":62,"CREATIONDATE":"2023-04-17 06:40:04.18","MODIFICATIONDATE":"2023-04-17 06:40:04.18","VERSION":1,"BUILDID":125,"STORAGEID":12990,"OBJECTNAME":"sha256:770162820a4e5d225f7d853ac23f1dc0a2c790d5647a1738ba2275f0b8dd7de4","ARTIFACTPATH":"bi_report_dash.json","ARTIFACTTYPE":"json","ARTIFACTSIZE":1083,"PUBLISHERNAME":"artifactArchiver","STORAGENAME":null},{"ID":84,"CREATIONDATE":"2023-04-17 06:40:31.297","MODIFICATIONDATE":"2023-04-17 06:40:31.297","VERSION":1,"BUILDID":147,"STORAGEID":12990,"OBJECTNAME":"sha256:4b3224d7134c5090d064507713aecb6e2252f6a25b1c5e153b0f38c58f6c540d","ARTIFACTPATH":"artifact_summary.html","ARTIFACTTYPE":"html","ARTIFACTSIZE":1907,"PUBLISHERNAME":"artifactArchiver","STORAGENAME":null},{"ID":63,"CREATIONDATE":"2023-04-17 07:34:49.427","MODIFICATIONDATE":"2023-04-17 07:34:49.427","VERSION":1,"BUILDID":127,"STORAGEID":12990,"OBJECTNAME":"sha256:b8457eb2238935a8dcd773f84ea71a3618badf59ec712e3468c4317cbc1b4f12","ARTIFACTPATH":"input_param.json","ARTIFACTTYPE":"json","ARTIFACTSIZE":340,"PUBLISHERNAME":"artifactArchiver","STORAGENAME":null},{"ID":64,"CREATIONDATE":"2023-04-17 07:35:21.626","MODIFICATIONDATE":"2023-04-17 07:35:21.626","VERSION":1,"BUILDID":128,"STORAGEID":12990,"OBJECTNAME":"sha256:aac16be56a17a078e75b508f5620e8111012d073dd77a8ddb9c753cbec93c6f9","ARTIFACTPATH":"bi_report_dash.json","ARTIFACTTYPE":"json","ARTIFACTSIZE":1063,"PUBLISHERNAME":"artifactArchiver","STORAGENAME":null},{"ID":66,"CREATIONDATE":"2023-04-17 07:36:15.958","MODIFICATIONDATE":"2023-04-17 07:36:15.958","VERSION":1,"BUILDID":149,"STORAGEID":12990,"OBJECTNAME":"sha256:a1a12a80da6af87d57244245f7584f757f33da653b55a24c89411170805c9342","ARTIFACTPATH":"artifact_summary.html","ARTIFACTTYPE":"html","ARTIFACTSIZE":1887,"PUBLISHERNAME":"artifactArchiver","STORAGENAME":null},{"ID":105,"CREATIONDATE":"2023-04-17 15:11:06.365","MODIFICATIONDATE":"2023-04-17 15:11:06.365","VERSION":1,"BUILDID":182,"STORAGEID":12990,"OBJECTNAME":"sha256:110ec92fa0b6dc0a73ac129dfaa699825168f3c9aed892050fac4bf3fd3cb85e","ARTIFACTPATH":"input_param.json","ARTIFACTTYPE":"json","ARTIFACTSIZE":241,"PUBLISHERNAME":"artifactArchiver","STORAGENAME":null},{"ID":130,"CREATIONDATE":"2023-04-17 15:31:32.478","MODIFICATIONDATE":"2023-04-17 15:31:32.478","VERSION":1,"BUILDID":168,"STORAGEID":12990,"OBJECTNAME":"sha256:110ec92fa0b6dc0a73ac129dfaa699825168f3c9aed892050fac4bf3fd3cb85e","ARTIFACTPATH":"input_param.json","ARTIFACTTYPE":"json","ARTIFACTSIZE":241,"PUBLISHERNAME":"artifactArchiver","STORAGENAME":null},{"ID":134,"CREATIONDATE":"2023-04-17 16:30:15.651","MODIFICATIONDATE":"2023-04-17 16:30:15.651","VERSION":1,"BUILDID":197,"STORAGEID":12990,"OBJECTNAME":"sha256:110ec92fa0b6dc0a73ac129dfaa699825168f3c9aed892050fac4bf3fd3cb85e","ARTIFACTPATH":"input_param.json","ARTIFACTTYPE":"json","ARTIFACTSIZE":241,"PUBLISHERNAME":"artifactArchiver","STORAGENAME":null},{"ID":135,"CREATIONDATE":"2023-04-17 16:30:44.779","MODIFICATIONDATE":"2023-04-17 16:30:44.779","VERSION":1,"BUILDID":198,"STORAGEID":12990,"OBJECTNAME":"sha256:e3784d07dd25d2d688474cd399079ac62a43fe7a191f3ec7bcbb7a026fb2b693","ARTIFACTPATH":"int_dash.json","ARTIFACTTYPE":"json","ARTIFACTSIZE":603,"PUBLISHERNAME":"artifactArchiver","STORAGENAME":null},{"ID":136,"CREATIONDATE":"2023-04-17 16:31:10.108","MODIFICATIONDATE":"2023-04-17 16:31:10.108","VERSION":1,"BUILDID":174,"STORAGEID":12990,"OBJECTNAME":"sha256:aac16be56a17a078e75b508f5620e8111012d073dd77a8ddb9c753cbec93c6f9","ARTIFACTPATH":"bi_report_dash.json","ARTIFACTTYPE":"json","ARTIFACTSIZE":1063,"PUBLISHERNAME":"artifactArchiver","STORAGENAME":null},{"ID":141,"CREATIONDATE":"2023-04-17 20:42:44.334","MODIFICATIONDATE":"2023-04-17 20:42:44.334","VERSION":1,"BUILDID":207,"STORAGEID":12990,"OBJECTNAME":"sha256:314c01a626d04d4b7747feb7480fafbeb9cd8b3ae53f511058a2f5ff46db6a11","ARTIFACTPATH":"input_param.json","ARTIFACTTYPE":"json","ARTIFACTSIZE":235,"PUBLISHERNAME":"artifactArchiver","STORAGENAME":null},{"ID":181,"CREATIONDATE":"2023-04-18 06:46:30.836","MODIFICATIONDATE":"2023-04-18 06:46:30.836","VERSION":1,"BUILDID":261,"STORAGEID":12990,"OBJECTNAME":"sha256:e3784d07dd25d2d688474cd399079ac62a43fe7a191f3ec7bcbb7a026fb2b693","ARTIFACTPATH":"int_dash.json","ARTIFACTTYPE":"json","ARTIFACTSIZE":603,"PUBLISHERNAME":"artifactArchiver","STORAGENAME":null},{"ID":182,"CREATIONDATE":"2023-04-18 06:46:57.253","MODIFICATIONDATE":"2023-04-18 06:46:57.253","VERSION":1,"BUILDID":243,"STORAGEID":12990,"OBJECTNAME":"sha256:b2c406754ff550e655efda48a56c057b7f6246d5b2750bef3143674616e96b60","ARTIFACTPATH":"artifact_summary.html","ARTIFACTTYPE":"html","ARTIFACTSIZE":1572,"PUBLISHERNAME":"artifactArchiver","STORAGENAME":null},{"ID":163,"CREATIONDATE":"2023-04-18 11:09:46.013","MODIFICATIONDATE":"2023-04-18 11:09:46.013","VERSION":1,"BUILDID":267,"STORAGEID":12990,"OBJECTNAME":"sha256:314c01a626d04d4b7747feb7480fafbeb9cd8b3ae53f511058a2f5ff46db6a11","ARTIFACTPATH":"input_param.json","ARTIFACTTYPE":"json","ARTIFACTSIZE":235,"PUBLISHERNAME":"artifactArchiver","STORAGENAME":null},{"ID":164,"CREATIONDATE":"2023-04-18 11:22:27.276","MODIFICATIONDATE":"2023-04-18 11:22:27.276","VERSION":1,"BUILDID":247,"STORAGEID":12990,"OBJECTNAME":"sha256:5238553d5d909c2920ee9d406e1dcc71e22a032748a64a6a78d4eec29493432f","ARTIFACTPATH":"input_param.json","ARTIFACTTYPE":"json","ARTIFACTSIZE":236,"PUBLISHERNAME":"artifactArchiver","STORAGENAME":null},{"ID":165,"CREATIONDATE":"2023-04-18 11:51:55.957","MODIFICATIONDATE":"2023-04-18 11:51:55.957","VERSION":1,"BUILDID":252,"STORAGEID":12990,"OBJECTNAME":"sha256:bf30864fee0148d7569e2f63bd66e342390c3ad4a037159f1ec7c9342f61311f","ARTIFACTPATH":"pkg_dash.json","ARTIFACTTYPE":"json","ARTIFACTSIZE":578,"PUBLISHERNAME":"artifactArchiver","STORAGENAME":null},{"ID":281,"CREATIONDATE":"2023-04-25 12:40:31.373","MODIFICATIONDATE":"2023-04-25 12:40:31.373","VERSION":1,"BUILDID":382,"STORAGEID":12990,"OBJECTNAME":"sha256:eccbb1de44b7b880306dd4e6ec898f5d9bccc54e693fc7242b02139f7f7d4c79","ARTIFACTPATH":"input_param.json","ARTIFACTTYPE":"json","ARTIFACTSIZE":345,"PUBLISHERNAME":"artifactArchiver","STORAGENAME":null},{"ID":287,"CREATIONDATE":"2023-04-25 14:18:17.326","MODIFICATIONDATE":"2023-04-25 14:18:17.326","VERSION":1,"BUILDID":368,"STORAGEID":12990,"OBJECTNAME":"sha256:eccbb1de44b7b880306dd4e6ec898f5d9bccc54e693fc7242b02139f7f7d4c79","ARTIFACTPATH":"input_param.json","ARTIFACTTYPE":"json","ARTIFACTSIZE":345,"PUBLISHERNAME":"artifactArchiver","STORAGENAME":null},{"ID":288,"CREATIONDATE":"2023-04-25 14:18:47.748","MODIFICATIONDATE":"2023-04-25 14:18:47.748","VERSION":1,"BUILDID":391,"STORAGEID":12990,"OBJECTNAME":"sha256:aac16be56a17a078e75b508f5620e8111012d073dd77a8ddb9c753cbec93c6f9","ARTIFACTPATH":"bi_report_dash.json","ARTIFACTTYPE":"json","ARTIFACTSIZE":1063,"PUBLISHERNAME":"artifactArchiver","STORAGENAME":null},{"ID":289,"CREATIONDATE":"2023-04-25 14:19:12.756","MODIFICATIONDATE":"2023-04-25 14:19:12.756","VERSION":1,"BUILDID":369,"STORAGEID":12990,"OBJECTNAME":"sha256:aac16be56a17a078e75b508f5620e8111012d073dd77a8ddb9c753cbec93c6f9","ARTIFACTPATH":"bi_report_dash.json","ARTIFACTTYPE":"json","ARTIFACTSIZE":1063,"PUBLISHERNAME":"artifactArchiver","STORAGENAME":null},{"ID":290,"CREATIONDATE":"2023-04-25 14:19:39.402","MODIFICATIONDATE":"2023-04-25 14:19:39.402","VERSION":1,"BUILDID":392,"STORAGEID":12990,"OBJECTNAME":"sha256:a1a12a80da6af87d57244245f7584f757f33da653b55a24c89411170805c9342","ARTIFACTPATH":"artifact_summary.html","ARTIFACTTYPE":"html","ARTIFACTSIZE":1887,"PUBLISHERNAME":"artifactArchiver","STORAGENAME":null},{"ID":324,"CREATIONDATE":"2023-04-27 12:31:24.687","MODIFICATIONDATE":"2023-04-27 12:31:24.687","VERSION":1,"BUILDID":425,"STORAGEID":12990,"OBJECTNAME":"sha256:a1a12a80da6af87d57244245f7584f757f33da653b55a24c89411170805c9342","ARTIFACTPATH":"artifact_summary.html","ARTIFACTTYPE":"html","ARTIFACTSIZE":1887,"PUBLISHERNAME":"artifactArchiver","STORAGENAME":null},{"ID":325,"CREATIONDATE":"2023-04-27 12:36:55.73","MODIFICATIONDATE":"2023-04-27 12:36:55.73","VERSION":1,"BUILDID":427,"STORAGEID":12990,"OBJECTNAME":"sha256:eccbb1de44b7b880306dd4e6ec898f5d9bccc54e693fc7242b02139f7f7d4c79","ARTIFACTPATH":"input_param.json","ARTIFACTTYPE":"json","ARTIFACTSIZE":345,"PUBLISHERNAME":"artifactArchiver","STORAGENAME":null},{"ID":6,"CREATIONDATE":"2023-04-14 07:04:24.499","MODIFICATIONDATE":"2023-04-14 07:04:24.499","VERSION":1,"BUILDID":57,"STORAGEID":12990,"OBJECTNAME":"sha256:bdc34e879fe04f3cee21c9b446802704d97452a866b599c813445b0301b57721","ARTIFACTPATH":"input_param.json","ARTIFACTTYPE":"json","ARTIFACTSIZE":411,"PUBLISHERNAME":"artifactArchiver","STORAGENAME":null},{"ID":9,"CREATIONDATE":"2023-04-14 07:10:45.663","MODIFICATIONDATE":"2023-04-14 07:10:45.663","VERSION":1,"BUILDID":59,"STORAGEID":12990,"OBJECTNAME":"sha256:8008a69ee304186dd2fe6c4d8c18c136139374e9cd82c5877f53bc10cca53ce2","ARTIFACTPATH":"bi_report_dash.json","ARTIFACTTYPE":"json","ARTIFACTSIZE":1494,"PUBLISHERNAME":"artifactArchiver","STORAGENAME":null},{"ID":42,"CREATIONDATE":"2023-04-14 12:47:10.951","MODIFICATIONDATE":"2023-04-14 12:47:10.951","VERSION":1,"BUILDID":110,"STORAGEID":12990,"OBJECTNAME":"sha256:4feeb6a628f17e4d4919aa26f114ca8557b093c396544827b59280da689ca4fa","ARTIFACTPATH":"input_param.json","ARTIFACTTYPE":"json","ARTIFACTSIZE":352,"PUBLISHERNAME":"artifactArchiver","STORAGENAME":null},{"ID":43,"CREATIONDATE":"2023-04-14 12:47:41.652","MODIFICATIONDATE":"2023-04-14 12:47:41.652","VERSION":1,"BUILDID":111,"STORAGEID":12990,"OBJECTNAME":"sha256:770162820a4e5d225f7d853ac23f1dc0a2c790d5647a1738ba2275f0b8dd7de4","ARTIFACTPATH":"bi_report_dash.json","ARTIFACTTYPE":"json","ARTIFACTSIZE":1083,"PUBLISHERNAME":"artifactArchiver","STORAGENAME":null},{"ID":44,"CREATIONDATE":"2023-04-14 12:48:07.596","MODIFICATIONDATE":"2023-04-14 12:48:07.596","VERSION":1,"BUILDID":92,"STORAGEID":12990,"OBJECTNAME":"sha256:770162820a4e5d225f7d853ac23f1dc0a2c790d5647a1738ba2275f0b8dd7de4","ARTIFACTPATH":"bi_report_dash.json","ARTIFACTTYPE":"json","ARTIFACTSIZE":1083,"PUBLISHERNAME":"artifactArchiver","STORAGENAME":null},{"ID":45,"CREATIONDATE":"2023-04-14 12:48:33.068","MODIFICATIONDATE":"2023-04-14 12:48:33.068","VERSION":1,"BUILDID":93,"STORAGEID":12990,"OBJECTNAME":"sha256:4b3224d7134c5090d064507713aecb6e2252f6a25b1c5e153b0f38c58f6c540d","ARTIFACTPATH":"artifact_summary.html","ARTIFACTTYPE":"html","ARTIFACTSIZE":1907,"PUBLISHERNAME":"artifactArchiver","STORAGENAME":null},{"ID":48,"CREATIONDATE":"2023-04-14 13:09:04.209","MODIFICATIONDATE":"2023-04-14 13:09:04.209","VERSION":1,"BUILDID":100,"STORAGEID":12990,"OBJECTNAME":"sha256:770162820a4e5d225f7d853ac23f1dc0a2c790d5647a1738ba2275f0b8dd7de4","ARTIFACTPATH":"bi_report_dash.json","ARTIFACTTYPE":"json","ARTIFACTSIZE":1083,"PUBLISHERNAME":"artifactArchiver","STORAGENAME":null},{"ID":49,"CREATIONDATE":"2023-04-14 13:09:31.377","MODIFICATIONDATE":"2023-04-14 13:09:31.377","VERSION":1,"BUILDID":112,"STORAGEID":12990,"OBJECTNAME":"sha256:4b3224d7134c5090d064507713aecb6e2252f6a25b1c5e153b0f38c58f6c540d","ARTIFACTPATH":"artifact_summary.html","ARTIFACTTYPE":"html","ARTIFACTSIZE":1907,"PUBLISHERNAME":"artifactArchiver","STORAGENAME":null},{"ID":101,"CREATIONDATE":"2023-04-17 13:44:20.74","MODIFICATIONDATE":"2023-04-17 13:44:20.74","VERSION":1,"BUILDID":151,"STORAGEID":12990,"OBJECTNAME":"sha256:ec0804c13abc2283c7f123fba93a8787c14d06cf2b9f3aef01041a595ac5fa0c","ARTIFACTPATH":"input_param.json","ARTIFACTTYPE":"json","ARTIFACTSIZE":248,"PUBLISHERNAME":"artifactArchiver","STORAGENAME":null},{"ID":122,"CREATIONDATE":"2023-04-17 14:05:44.206","MODIFICATIONDATE":"2023-04-17 14:05:44.206","VERSION":1,"BUILDID":134,"STORAGEID":12990,"OBJECTNAME":"sha256:ec0804c13abc2283c7f123fba93a8787c14d06cf2b9f3aef01041a595ac5fa0c","ARTIFACTPATH":"input_param.json","ARTIFACTTYPE":"json","ARTIFACTSIZE":248,"PUBLISHERNAME":"artifactArchiver","STORAGENAME":null},{"ID":127,"CREATIONDATE":"2023-04-17 15:17:34.108","MODIFICATIONDATE":"2023-04-17 15:17:34.108","VERSION":1,"BUILDID":186,"STORAGEID":12990,"OBJECTNAME":"sha256:9d2cf5c121dd4e002d9c1d1abe11390be4067485371de59d1a5b4362a043cdb7","ARTIFACTPATH":"int_dash.json","ARTIFACTTYPE":"json","ARTIFACTSIZE":398,"PUBLISHERNAME":"artifactArchiver","STORAGENAME":null},{"ID":128,"CREATIONDATE":"2023-04-17 15:17:58.595","MODIFICATIONDATE":"2023-04-17 15:17:58.595","VERSION":1,"BUILDID":187,"STORAGEID":12990,"OBJECTNAME":"sha256:aac16be56a17a078e75b508f5620e8111012d073dd77a8ddb9c753cbec93c6f9","ARTIFACTPATH":"bi_report_dash.json","ARTIFACTTYPE":"json","ARTIFACTSIZE":1063,"PUBLISHERNAME":"artifactArchiver","STORAGENAME":null},{"ID":129,"CREATIONDATE":"2023-04-17 15:18:28.226","MODIFICATIONDATE":"2023-04-17 15:18:28.226","VERSION":1,"BUILDID":188,"STORAGEID":12990,"OBJECTNAME":"sha256:a1a12a80da6af87d57244245f7584f757f33da653b55a24c89411170805c9342","ARTIFACTPATH":"artifact_summary.html","ARTIFACTTYPE":"html","ARTIFACTSIZE":1887,"PUBLISHERNAME":"artifactArchiver","STORAGENAME":null},{"ID":139,"CREATIONDATE":"2023-04-17 17:38:28.276","MODIFICATIONDATE":"2023-04-17 17:38:28.276","VERSION":1,"BUILDID":200,"STORAGEID":12990,"OBJECTNAME":"sha256:e3784d07dd25d2d688474cd399079ac62a43fe7a191f3ec7bcbb7a026fb2b693","ARTIFACTPATH":"int_dash.json","ARTIFACTTYPE":"json","ARTIFACTSIZE":603,"PUBLISHERNAME":"artifactArchiver","STORAGENAME":null},{"ID":241,"CREATIONDATE":"2023-04-19 12:19:50.272","MODIFICATIONDATE":"2023-04-19 12:19:50.272","VERSION":1,"BUILDID":303,"STORAGEID":12990,"OBJECTNAME":"sha256:f382edf69d3e3f8b823fde439d9095b10316131962f40794fb26d31aa14133e5","ARTIFACTPATH":"input_param.json","ARTIFACTTYPE":"json","ARTIFACTSIZE":242,"PUBLISHERNAME":"artifactArchiver","STORAGENAME":null},{"ID":242,"CREATIONDATE":"2023-04-19 12:20:17.689","MODIFICATIONDATE":"2023-04-19 12:20:17.689","VERSION":1,"BUILDID":283,"STORAGEID":12990,"OBJECTNAME":"sha256:3d8c62e3e737966a160b99a74ad1597ef7ed77a90ca1ac48946243e4e3698fa7","ARTIFACTPATH":"int_dash.json","ARTIFACTTYPE":"json","ARTIFACTSIZE":662,"PUBLISHERNAME":"artifactArchiver","STORAGENAME":null},{"ID":243,"CREATIONDATE":"2023-04-19 12:20:42.057","MODIFICATIONDATE":"2023-04-19 12:20:42.057","VERSION":1,"BUILDID":284,"STORAGEID":12990,"OBJECTNAME":"sha256:3d8c62e3e737966a160b99a74ad1597ef7ed77a90ca1ac48946243e4e3698fa7","ARTIFACTPATH":"int_dash.json","ARTIFACTTYPE":"json","ARTIFACTSIZE":662,"PUBLISHERNAME":"artifactArchiver","STORAGENAME":null},{"ID":222,"CREATIONDATE":"2023-04-19 12:21:08.504","MODIFICATIONDATE":"2023-04-19 12:21:08.504","VERSION":1,"BUILDID":285,"STORAGEID":12990,"OBJECTNAME":"sha256:ee0a4ab9f05c59456dc0af4e48382b8ecb17d7254a2c92664520ffcda4d94e90","ARTIFACTPATH":"artifact_summary.html","ARTIFACTTYPE":"html","ARTIFACTSIZE":1632,"PUBLISHERNAME":"artifactArchiver","STORAGENAME":null},{"ID":223,"CREATIONDATE":"2023-04-19 12:28:11.953","MODIFICATIONDATE":"2023-04-19 12:28:11.953","VERSION":1,"BUILDID":286,"STORAGEID":12990,"OBJECTNAME":"sha256:4372cc921622f2f4e2225ef6a12bab20ef291f41d7380d8cdc2deb389889feb1","ARTIFACTPATH":"input_param.json","ARTIFACTTYPE":"json","ARTIFACTSIZE":243,"PUBLISHERNAME":"artifactArchiver","STORAGENAME":null},{"ID":224,"CREATIONDATE":"2023-04-19 12:28:39.437","MODIFICATIONDATE":"2023-04-19 12:28:39.437","VERSION":1,"BUILDID":287,"STORAGEID":12990,"OBJECTNAME":"sha256:c34697b2a283f8e10cbbd0e82c625fee3b3206b6d2327c5d59696d9817e3af47","ARTIFACTPATH":"int_dash.json","ARTIFACTTYPE":"json","ARTIFACTSIZE":584,"PUBLISHERNAME":"artifactArchiver","STORAGENAME":null},{"ID":225,"CREATIONDATE":"2023-04-19 12:29:03.792","MODIFICATIONDATE":"2023-04-19 12:29:03.792","VERSION":1,"BUILDID":288,"STORAGEID":12990,"OBJECTNAME":"sha256:c34697b2a283f8e10cbbd0e82c625fee3b3206b6d2327c5d59696d9817e3af47","ARTIFACTPATH":"int_dash.json","ARTIFACTTYPE":"json","ARTIFACTSIZE":584,"PUBLISHERNAME":"artifactArchiver","STORAGENAME":null},{"ID":226,"CREATIONDATE":"2023-04-19 12:29:31.292","MODIFICATIONDATE":"2023-04-19 12:29:31.292","VERSION":1,"BUILDID":306,"STORAGEID":12990,"OBJECTNAME":"sha256:7dc19fd9294cacdfbd0e761a1003fa8d1f6e2531c9d8c79cfff20569c1b4a411","ARTIFACTPATH":"artifact_summary.html","ARTIFACTTYPE":"html","ARTIFACTSIZE":1554,"PUBLISHERNAME":"artifactArchiver","STORAGENAME":null},{"ID":228,"CREATIONDATE":"2023-04-19 12:55:54.088","MODIFICATIONDATE":"2023-04-19 12:55:54.088","VERSION":1,"BUILDID":289,"STORAGEID":12990,"OBJECTNAME":"sha256:9d2cf5c121dd4e002d9c1d1abe11390be4067485371de59d1a5b4362a043cdb7","ARTIFACTPATH":"int_dash.json","ARTIFACTTYPE":"json","ARTIFACTSIZE":398,"PUBLISHERNAME":"artifactArchiver","STORAGENAME":null},{"ID":261,"CREATIONDATE":"2023-04-25 12:29:32.042","MODIFICATIONDATE":"2023-04-25 12:29:32.042","VERSION":1,"BUILDID":362,"STORAGEID":12990,"OBJECTNAME":"sha256:eccbb1de44b7b880306dd4e6ec898f5d9bccc54e693fc7242b02139f7f7d4c79","ARTIFACTPATH":"input_param.json","ARTIFACTTYPE":"json","ARTIFACTSIZE":345,"PUBLISHERNAME":"artifactArchiver","STORAGENAME":null},{"ID":21,"CREATIONDATE":"2023-04-14 06:19:21.702","MODIFICATIONDATE":"2023-04-14 06:19:21.702","VERSION":1,"BUILDID":46,"STORAGEID":12990,"OBJECTNAME":"sha256:bdc34e879fe04f3cee21c9b446802704d97452a866b599c813445b0301b57721","ARTIFACTPATH":"input_param.json","ARTIFACTTYPE":"json","ARTIFACTSIZE":411,"PUBLISHERNAME":"artifactArchiver","STORAGENAME":null},{"ID":3,"CREATIONDATE":"2023-04-14 06:24:41.374","MODIFICATIONDATE":"2023-04-14 06:24:41.374","VERSION":1,"BUILDID":48,"STORAGEID":12990,"OBJECTNAME":"sha256:bdc34e879fe04f3cee21c9b446802704d97452a866b599c813445b0301b57721","ARTIFACTPATH":"input_param.json","ARTIFACTTYPE":"json","ARTIFACTSIZE":411,"PUBLISHERNAME":"artifactArchiver","STORAGENAME":null},{"ID":4,"CREATIONDATE":"2023-04-14 06:35:30.531","MODIFICATIONDATE":"2023-04-14 06:35:30.531","VERSION":1,"BUILDID":74,"STORAGEID":12990,"OBJECTNAME":"sha256:bdc34e879fe04f3cee21c9b446802704d97452a866b599c813445b0301b57721","ARTIFACTPATH":"input_param.json","ARTIFACTTYPE":"json","ARTIFACTSIZE":411,"PUBLISHERNAME":"artifactArchiver","STORAGENAME":null},{"ID":41,"CREATIONDATE":"2023-04-14 12:39:01.114","MODIFICATIONDATE":"2023-04-14 12:39:01.114","VERSION":1,"BUILDID":91,"STORAGEID":12990,"OBJECTNAME":"sha256:4feeb6a628f17e4d4919aa26f114ca8557b093c396544827b59280da689ca4fa","ARTIFACTPATH":"input_param.json","ARTIFACTTYPE":"json","ARTIFACTSIZE":352,"PUBLISHERNAME":"artifactArchiver","STORAGENAME":null},{"ID":46,"CREATIONDATE":"2023-04-14 13:08:08.701","MODIFICATIONDATE":"2023-04-14 13:08:08.701","VERSION":1,"BUILDID":98,"STORAGEID":12990,"OBJECTNAME":"sha256:4feeb6a628f17e4d4919aa26f114ca8557b093c396544827b59280da689ca4fa","ARTIFACTPATH":"input_param.json","ARTIFACTTYPE":"json","ARTIFACTSIZE":352,"PUBLISHERNAME":"artifactArchiver","STORAGENAME":null},{"ID":47,"CREATIONDATE":"2023-04-14 13:08:39.369","MODIFICATIONDATE":"2023-04-14 13:08:39.369","VERSION":1,"BUILDID":99,"STORAGEID":12990,"OBJECTNAME":"sha256:770162820a4e5d225f7d853ac23f1dc0a2c790d5647a1738ba2275f0b8dd7de4","ARTIFACTPATH":"bi_report_dash.json","ARTIFACTTYPE":"json","ARTIFACTSIZE":1083,"PUBLISHERNAME":"artifactArchiver","STORAGENAME":null},{"ID":107,"CREATIONDATE":"2023-04-17 15:42:34.119","MODIFICATIONDATE":"2023-04-17 15:42:34.119","VERSION":1,"BUILDID":170,"STORAGEID":12990,"OBJECTNAME":"sha256:110ec92fa0b6dc0a73ac129dfaa699825168f3c9aed892050fac4bf3fd3cb85e","ARTIFACTPATH":"input_param.json","ARTIFACTTYPE":"json","ARTIFACTSIZE":241,"PUBLISHERNAME":"artifactArchiver","STORAGENAME":null},{"ID":108,"CREATIONDATE":"2023-04-17 15:43:01.326","MODIFICATIONDATE":"2023-04-17 15:43:01.326","VERSION":1,"BUILDID":171,"STORAGEID":12990,"OBJECTNAME":"sha256:e3784d07dd25d2d688474cd399079ac62a43fe7a191f3ec7bcbb7a026fb2b693","ARTIFACTPATH":"int_dash.json","ARTIFACTTYPE":"json","ARTIFACTSIZE":603,"PUBLISHERNAME":"artifactArchiver","STORAGENAME":null},{"ID":109,"CREATIONDATE":"2023-04-17 15:43:52.822","MODIFICATIONDATE":"2023-04-17 15:43:52.822","VERSION":1,"BUILDID":195,"STORAGEID":12990,"OBJECTNAME":"sha256:a1a12a80da6af87d57244245f7584f757f33da653b55a24c89411170805c9342","ARTIFACTPATH":"artifact_summary.html","ARTIFACTTYPE":"html","ARTIFACTSIZE":1887,"PUBLISHERNAME":"artifactArchiver","STORAGENAME":null},{"ID":142,"CREATIONDATE":"2023-04-17 20:43:09.638","MODIFICATIONDATE":"2023-04-17 20:43:09.638","VERSION":1,"BUILDID":208,"STORAGEID":12990,"OBJECTNAME":"sha256:e3784d07dd25d2d688474cd399079ac62a43fe7a191f3ec7bcbb7a026fb2b693","ARTIFACTPATH":"int_dash.json","ARTIFACTTYPE":"json","ARTIFACTSIZE":603,"PUBLISHERNAME":"artifactArchiver","STORAGENAME":null},{"ID":143,"CREATIONDATE":"2023-04-17 20:43:35.709","MODIFICATIONDATE":"2023-04-17 20:43:35.709","VERSION":1,"BUILDID":209,"STORAGEID":12990,"OBJECTNAME":"sha256:b2c406754ff550e655efda48a56c057b7f6246d5b2750bef3143674616e96b60","ARTIFACTPATH":"artifact_summary.html","ARTIFACTTYPE":"html","ARTIFACTSIZE":1572,"PUBLISHERNAME":"artifactArchiver","STORAGENAME":null},{"ID":161,"CREATIONDATE":"2023-04-18 06:46:04.969","MODIFICATIONDATE":"2023-04-18 06:46:04.969","VERSION":1,"BUILDID":242,"STORAGEID":12990,"OBJECTNAME":"sha256:314c01a626d04d4b7747feb7480fafbeb9cd8b3ae53f511058a2f5ff46db6a11","ARTIFACTPATH":"input_param.json","ARTIFACTTYPE":"json","ARTIFACTSIZE":235,"PUBLISHERNAME":"artifactArchiver","STORAGENAME":null},{"ID":202,"CREATIONDATE":"2023-04-18 11:45:53.89","MODIFICATIONDATE":"2023-04-18 11:45:53.89","VERSION":1,"BUILDID":271,"STORAGEID":12990,"OBJECTNAME":"sha256:1b6405ec85f3f105e88d1f4b3edb4722087e8505e74f7d4f3164c7094bcb1848","ARTIFACTPATH":"input_param.json","ARTIFACTTYPE":"json","ARTIFACTSIZE":232,"PUBLISHERNAME":"artifactArchiver","STORAGENAME":null},{"ID":204,"CREATIONDATE":"2023-04-18 11:51:31.127","MODIFICATIONDATE":"2023-04-18 11:51:31.127","VERSION":1,"BUILDID":251,"STORAGEID":12990,"OBJECTNAME":"sha256:bf30864fee0148d7569e2f63bd66e342390c3ad4a037159f1ec7c9342f61311f","ARTIFACTPATH":"pkg_dash.json","ARTIFACTTYPE":"json","ARTIFACTSIZE":578,"PUBLISHERNAME":"artifactArchiver","STORAGENAME":null},{"ID":262,"CREATIONDATE":"2023-04-25 13:16:59.773","MODIFICATIONDATE":"2023-04-25 13:16:59.773","VERSION":1,"BUILDID":388,"STORAGEID":12990,"OBJECTNAME":"sha256:aac16be56a17a078e75b508f5620e8111012d073dd77a8ddb9c753cbec93c6f9","ARTIFACTPATH":"bi_report_dash.json","ARTIFACTTYPE":"json","ARTIFACTSIZE":1063,"PUBLISHERNAME":"artifactArchiver","STORAGENAME":null},{"ID":327,"CREATIONDATE":"2023-04-27 12:38:19.177","MODIFICATIONDATE":"2023-04-27 12:38:19.177","VERSION":1,"BUILDID":443,"STORAGEID":12990,"OBJECTNAME":"sha256:a1a12a80da6af87d57244245f7584f757f33da653b55a24c89411170805c9342","ARTIFACTPATH":"artifact_summary.html","ARTIFACTTYPE":"html","ARTIFACTSIZE":1887,"PUBLISHERNAME":"artifactArchiver","STORAGENAME":null},{"ID":5,"CREATIONDATE":"2023-04-14 06:41:22.194","MODIFICATIONDATE":"2023-04-14 06:41:22.194","VERSION":1,"BUILDID":77,"STORAGEID":12990,"OBJECTNAME":"sha256:bdc34e879fe04f3cee21c9b446802704d97452a866b599c813445b0301b57721","ARTIFACTPATH":"input_param.json","ARTIFACTTYPE":"json","ARTIFACTSIZE":411,"PUBLISHERNAME":"artifactArchiver","STORAGENAME":null},{"ID":23,"CREATIONDATE":"2023-04-14 07:06:34.624","MODIFICATIONDATE":"2023-04-14 07:06:34.624","VERSION":1,"BUILDID":58,"STORAGEID":12990,"OBJECTNAME":"sha256:8008a69ee304186dd2fe6c4d8c18c136139374e9cd82c5877f53bc10cca53ce2","ARTIFACTPATH":"bi_report_dash.json","ARTIFACTTYPE":"json","ARTIFACTSIZE":1494,"PUBLISHERNAME":"artifactArchiver","STORAGENAME":null},{"ID":24,"CREATIONDATE":"2023-04-14 07:06:59.604","MODIFICATIONDATE":"2023-04-14 07:06:59.604","VERSION":1,"BUILDID":80,"STORAGEID":12990,"OBJECTNAME":"sha256:8008a69ee304186dd2fe6c4d8c18c136139374e9cd82c5877f53bc10cca53ce2","ARTIFACTPATH":"bi_report_dash.json","ARTIFACTTYPE":"json","ARTIFACTSIZE":1494,"PUBLISHERNAME":"artifactArchiver","STORAGENAME":null},{"ID":7,"CREATIONDATE":"2023-04-14 07:07:25.943","MODIFICATIONDATE":"2023-04-14 07:07:25.943","VERSION":1,"BUILDID":81,"STORAGEID":12990,"OBJECTNAME":"sha256:1ef2cfefffede2855da928d8b21f146b1ee25606f30b5940a51506a9abcfd968","ARTIFACTPATH":"artifact_summary.html","ARTIFACTTYPE":"html","ARTIFACTSIZE":2171,"PUBLISHERNAME":"artifactArchiver","STORAGENAME":null},{"ID":8,"CREATIONDATE":"2023-04-14 07:09:44.724","MODIFICATIONDATE":"2023-04-14 07:09:44.724","VERSION":1,"BUILDID":84,"STORAGEID":12990,"OBJECTNAME":"sha256:bdc34e879fe04f3cee21c9b446802704d97452a866b599c813445b0301b57721","ARTIFACTPATH":"input_param.json","ARTIFACTTYPE":"json","ARTIFACTSIZE":411,"PUBLISHERNAME":"artifactArchiver","STORAGENAME":null},{"ID":25,"CREATIONDATE":"2023-04-14 07:10:20.937","MODIFICATIONDATE":"2023-04-14 07:10:20.937","VERSION":1,"BUILDID":85,"STORAGEID":12990,"OBJECTNAME":"sha256:8008a69ee304186dd2fe6c4d8c18c136139374e9cd82c5877f53bc10cca53ce2","ARTIFACTPATH":"bi_report_dash.json","ARTIFACTTYPE":"json","ARTIFACTSIZE":1494,"PUBLISHERNAME":"artifactArchiver","STORAGENAME":null},{"ID":26,"CREATIONDATE":"2023-04-14 07:11:10.961","MODIFICATIONDATE":"2023-04-14 07:11:10.961","VERSION":1,"BUILDID":86,"STORAGEID":12990,"OBJECTNAME":"sha256:1ef2cfefffede2855da928d8b21f146b1ee25606f30b5940a51506a9abcfd968","ARTIFACTPATH":"artifact_summary.html","ARTIFACTTYPE":"html","ARTIFACTSIZE":2171,"PUBLISHERNAME":"artifactArchiver","STORAGENAME":null},{"ID":61,"CREATIONDATE":"2023-04-17 06:35:36.815","MODIFICATIONDATE":"2023-04-17 06:35:36.815","VERSION":1,"BUILDID":144,"STORAGEID":12990,"OBJECTNAME":"sha256:4feeb6a628f17e4d4919aa26f114ca8557b093c396544827b59280da689ca4fa","ARTIFACTPATH":"input_param.json","ARTIFACTTYPE":"json","ARTIFACTSIZE":352,"PUBLISHERNAME":"artifactArchiver","STORAGENAME":null},{"ID":65,"CREATIONDATE":"2023-04-17 07:35:48.054","MODIFICATIONDATE":"2023-04-17 07:35:48.054","VERSION":1,"BUILDID":129,"STORAGEID":12990,"OBJECTNAME":"sha256:aac16be56a17a078e75b508f5620e8111012d073dd77a8ddb9c753cbec93c6f9","ARTIFACTPATH":"bi_report_dash.json","ARTIFACTTYPE":"json","ARTIFACTSIZE":1063,"PUBLISHERNAME":"artifactArchiver","STORAGENAME":null},{"ID":102,"CREATIONDATE":"2023-04-17 14:09:54.941","MODIFICATIONDATE":"2023-04-17 14:09:54.941","VERSION":1,"BUILDID":157,"STORAGEID":12990,"OBJECTNAME":"sha256:ec0804c13abc2283c7f123fba93a8787c14d06cf2b9f3aef01041a595ac5fa0c","ARTIFACTPATH":"input_param.json","ARTIFACTTYPE":"json","ARTIFACTSIZE":248,"PUBLISHERNAME":"artifactArchiver","STORAGENAME":null},{"ID":103,"CREATIONDATE":"2023-04-17 14:22:40.779","MODIFICATIONDATE":"2023-04-17 14:22:40.779","VERSION":1,"BUILDID":160,"STORAGEID":12990,"OBJECTNAME":"sha256:110ec92fa0b6dc0a73ac129dfaa699825168f3c9aed892050fac4bf3fd3cb85e","ARTIFACTPATH":"input_param.json","ARTIFACTTYPE":"json","ARTIFACTSIZE":241,"PUBLISHERNAME":"artifactArchiver","STORAGENAME":null},{"ID":104,"CREATIONDATE":"2023-04-17 14:26:13.042","MODIFICATIONDATE":"2023-04-17 14:26:13.042","VERSION":1,"BUILDID":164,"STORAGEID":12990,"OBJECTNAME":"sha256:110ec92fa0b6dc0a73ac129dfaa699825168f3c9aed892050fac4bf3fd3cb85e","ARTIFACTPATH":"input_param.json","ARTIFACTTYPE":"json","ARTIFACTSIZE":241,"PUBLISHERNAME":"artifactArchiver","STORAGENAME":null},{"ID":124,"CREATIONDATE":"2023-04-17 15:03:45.897","MODIFICATIONDATE":"2023-04-17 15:03:45.897","VERSION":1,"BUILDID":167,"STORAGEID":12990,"OBJECTNAME":"sha256:110ec92fa0b6dc0a73ac129dfaa699825168f3c9aed892050fac4bf3fd3cb85e","ARTIFACTPATH":"input_param.json","ARTIFACTTYPE":"json","ARTIFACTSIZE":241,"PUBLISHERNAME":"artifactArchiver","STORAGENAME":null},{"ID":125,"CREATIONDATE":"2023-04-17 15:05:49.418","MODIFICATIONDATE":"2023-04-17 15:05:49.418","VERSION":1,"BUILDID":139,"STORAGEID":12990,"OBJECTNAME":"sha256:110ec92fa0b6dc0a73ac129dfaa699825168f3c9aed892050fac4bf3fd3cb85e","ARTIFACTPATH":"input_param.json","ARTIFACTTYPE":"json","ARTIFACTSIZE":241,"PUBLISHERNAME":"artifactArchiver","STORAGENAME":null},{"ID":126,"CREATIONDATE":"2023-04-17 15:17:05.363","MODIFICATIONDATE":"2023-04-17 15:17:05.363","VERSION":1,"BUILDID":185,"STORAGEID":12990,"OBJECTNAME":"sha256:110ec92fa0b6dc0a73ac129dfaa699825168f3c9aed892050fac4bf3fd3cb85e","ARTIFACTPATH":"input_param.json","ARTIFACTTYPE":"json","ARTIFACTSIZE":241,"PUBLISHERNAME":"artifactArchiver","STORAGENAME":null},{"ID":106,"CREATIONDATE":"2023-04-17 15:32:52.695","MODIFICATIONDATE":"2023-04-17 15:32:52.695","VERSION":1,"BUILDID":193,"STORAGEID":12990,"OBJECTNAME":"sha256:a1a12a80da6af87d57244245f7584f757f33da653b55a24c89411170805c9342","ARTIFACTPATH":"artifact_summary.html","ARTIFACTTYPE":"html","ARTIFACTSIZE":1887,"PUBLISHERNAME":"artifactArchiver","STORAGENAME":null},{"ID":133,"CREATIONDATE":"2023-04-17 15:43:27.268","MODIFICATIONDATE":"2023-04-17 15:43:27.268","VERSION":1,"BUILDID":172,"STORAGEID":12990,"OBJECTNAME":"sha256:aac16be56a17a078e75b508f5620e8111012d073dd77a8ddb9c753cbec93c6f9","ARTIFACTPATH":"bi_report_dash.json","ARTIFACTTYPE":"json","ARTIFACTSIZE":1063,"PUBLISHERNAME":"artifactArchiver","STORAGENAME":null},{"ID":162,"CREATIONDATE":"2023-04-18 11:05:10.79","MODIFICATIONDATE":"2023-04-18 11:05:10.79","VERSION":1,"BUILDID":264,"STORAGEID":12990,"OBJECTNAME":"sha256:314c01a626d04d4b7747feb7480fafbeb9cd8b3ae53f511058a2f5ff46db6a11","ARTIFACTPATH":"input_param.json","ARTIFACTTYPE":"json","ARTIFACTSIZE":235,"PUBLISHERNAME":"artifactArchiver","STORAGENAME":null},{"ID":221,"CREATIONDATE":"2023-04-19 12:13:38.58","MODIFICATIONDATE":"2023-04-19 12:13:38.58","VERSION":1,"BUILDID":301,"STORAGEID":12990,"OBJECTNAME":"sha256:f382edf69d3e3f8b823fde439d9095b10316131962f40794fb26d31aa14133e5","ARTIFACTPATH":"input_param.json","ARTIFACTTYPE":"json","ARTIFACTSIZE":242,"PUBLISHERNAME":"artifactArchiver","STORAGENAME":null},{"ID":227,"CREATIONDATE":"2023-04-19 12:55:25.346","MODIFICATIONDATE":"2023-04-19 12:55:25.346","VERSION":1,"BUILDID":309,"STORAGEID":12990,"OBJECTNAME":"sha256:7348d121908532b5b637d62f5bb8cfb9c91dd0d2a034011a87591e8fe1a7a4c4","ARTIFACTPATH":"input_param.json","ARTIFACTTYPE":"json","ARTIFACTSIZE":259,"PUBLISHERNAME":"artifactArchiver","STORAGENAME":null},{"ID":229,"CREATIONDATE":"2023-04-19 12:56:20.072","MODIFICATIONDATE":"2023-04-19 12:56:20.072","VERSION":1,"BUILDID":310,"STORAGEID":12990,"OBJECTNAME":"sha256:9d2cf5c121dd4e002d9c1d1abe11390be4067485371de59d1a5b4362a043cdb7","ARTIFACTPATH":"int_dash.json","ARTIFACTTYPE":"json","ARTIFACTSIZE":398,"PUBLISHERNAME":"artifactArchiver","STORAGENAME":null},{"ID":230,"CREATIONDATE":"2023-04-19 12:56:46.015","MODIFICATIONDATE":"2023-04-19 12:56:46.015","VERSION":1,"BUILDID":311,"STORAGEID":12990,"OBJECTNAME":"sha256:a1656da270cb78567ea7ef1eaf99c3e229c4f2b782db2e431ad914e237a5d41e","ARTIFACTPATH":"artifact_summary.html","ARTIFACTTYPE":"html","ARTIFACTSIZE":1449,"PUBLISHERNAME":"artifactArchiver","STORAGENAME":null},{"ID":282,"CREATIONDATE":"2023-04-25 13:11:54.423","MODIFICATIONDATE":"2023-04-25 13:11:54.423","VERSION":1,"BUILDID":365,"STORAGEID":12990,"OBJECTNAME":"sha256:eccbb1de44b7b880306dd4e6ec898f5d9bccc54e693fc7242b02139f7f7d4c79","ARTIFACTPATH":"input_param.json","ARTIFACTTYPE":"json","ARTIFACTSIZE":345,"PUBLISHERNAME":"artifactArchiver","STORAGENAME":null},{"ID":283,"CREATIONDATE":"2023-04-25 13:12:26.983","MODIFICATIONDATE":"2023-04-25 13:12:26.983","VERSION":1,"BUILDID":384,"STORAGEID":12990,"OBJECTNAME":"sha256:aac16be56a17a078e75b508f5620e8111012d073dd77a8ddb9c753cbec93c6f9","ARTIFACTPATH":"bi_report_dash.json","ARTIFACTTYPE":"json","ARTIFACTSIZE":1063,"PUBLISHERNAME":"artifactArchiver","STORAGENAME":null},{"ID":284,"CREATIONDATE":"2023-04-25 13:16:05.9","MODIFICATIONDATE":"2023-04-25 13:16:05.9","VERSION":1,"BUILDID":366,"STORAGEID":12990,"OBJECTNAME":"sha256:eccbb1de44b7b880306dd4e6ec898f5d9bccc54e693fc7242b02139f7f7d4c79","ARTIFACTPATH":"input_param.json","ARTIFACTTYPE":"json","ARTIFACTSIZE":345,"PUBLISHERNAME":"artifactArchiver","STORAGENAME":null},{"ID":285,"CREATIONDATE":"2023-04-25 13:16:35.744","MODIFICATIONDATE":"2023-04-25 13:16:35.744","VERSION":1,"BUILDID":387,"STORAGEID":12990,"OBJECTNAME":"sha256:aac16be56a17a078e75b508f5620e8111012d073dd77a8ddb9c753cbec93c6f9","ARTIFACTPATH":"bi_report_dash.json","ARTIFACTTYPE":"json","ARTIFACTSIZE":1063,"PUBLISHERNAME":"artifactArchiver","STORAGENAME":null},{"ID":286,"CREATIONDATE":"2023-04-25 13:17:25.234","MODIFICATIONDATE":"2023-04-25 13:17:25.234","VERSION":1,"BUILDID":367,"STORAGEID":12990,"OBJECTNAME":"sha256:a1a12a80da6af87d57244245f7584f757f33da653b55a24c89411170805c9342","ARTIFACTPATH":"artifact_summary.html","ARTIFACTTYPE":"html","ARTIFACTSIZE":1887,"PUBLISHERNAME":"artifactArchiver","STORAGENAME":null},{"ID":302,"CREATIONDATE":"2023-04-26 04:51:06.365","MODIFICATIONDATE":"2023-04-26 04:51:06.365","VERSION":1,"BUILDID":404,"STORAGEID":12990,"OBJECTNAME":"sha256:aac16be56a17a078e75b508f5620e8111012d073dd77a8ddb9c753cbec93c6f9","ARTIFACTPATH":"bi_report_dash.json","ARTIFACTTYPE":"json","ARTIFACTSIZE":1063,"PUBLISHERNAME":"artifactArchiver","STORAGENAME":null},{"ID":303,"CREATIONDATE":"2023-04-26 04:51:31.079","MODIFICATIONDATE":"2023-04-26 04:51:31.079","VERSION":1,"BUILDID":405,"STORAGEID":12990,"OBJECTNAME":"sha256:aac16be56a17a078e75b508f5620e8111012d073dd77a8ddb9c753cbec93c6f9","ARTIFACTPATH":"bi_report_dash.json","ARTIFACTTYPE":"json","ARTIFACTSIZE":1063,"PUBLISHERNAME":"artifactArchiver","STORAGENAME":null},{"ID":304,"CREATIONDATE":"2023-04-26 04:51:57.968","MODIFICATIONDATE":"2023-04-26 04:51:57.968","VERSION":1,"BUILDID":406,"STORAGEID":12990,"OBJECTNAME":"sha256:a1a12a80da6af87d57244245f7584f757f33da653b55a24c89411170805c9342","ARTIFACTPATH":"artifact_summary.html","ARTIFACTTYPE":"html","ARTIFACTSIZE":1887,"PUBLISHERNAME":"artifactArchiver","STORAGENAME":null},{"ID":121,"CREATIONDATE":"2023-04-17 14:03:03.435","MODIFICATIONDATE":"2023-04-17 14:03:03.435","VERSION":1,"BUILDID":131,"STORAGEID":12990,"OBJECTNAME":"sha256:cb4c7670dba78a77f3933ae0292dfdaeabbffde1311a52f06fa88d74d70fcead","ARTIFACTPATH":"input_param.json","ARTIFACTTYPE":"json","ARTIFACTSIZE":259,"PUBLISHERNAME":"artifactArchiver","STORAGENAME":null},{"ID":123,"CREATIONDATE":"2023-04-17 14:32:13.389","MODIFICATIONDATE":"2023-04-17 14:32:13.389","VERSION":1,"BUILDID":166,"STORAGEID":12990,"OBJECTNAME":"sha256:343c2757a34e0486dc99888c16e7273cbb04f20eb43468c71efef8906a9a6a20","ARTIFACTPATH":"input_param.json","ARTIFACTTYPE":"json","ARTIFACTSIZE":252,"PUBLISHERNAME":"artifactArchiver","STORAGENAME":null},{"ID":131,"CREATIONDATE":"2023-04-17 15:32:00.811","MODIFICATIONDATE":"2023-04-17 15:32:00.811","VERSION":1,"BUILDID":191,"STORAGEID":12990,"OBJECTNAME":"sha256:e3784d07dd25d2d688474cd399079ac62a43fe7a191f3ec7bcbb7a026fb2b693","ARTIFACTPATH":"int_dash.json","ARTIFACTTYPE":"json","ARTIFACTSIZE":603,"PUBLISHERNAME":"artifactArchiver","STORAGENAME":null},{"ID":132,"CREATIONDATE":"2023-04-17 15:32:27.905","MODIFICATIONDATE":"2023-04-17 15:32:27.905","VERSION":1,"BUILDID":192,"STORAGEID":12990,"OBJECTNAME":"sha256:aac16be56a17a078e75b508f5620e8111012d073dd77a8ddb9c753cbec93c6f9","ARTIFACTPATH":"bi_report_dash.json","ARTIFACTTYPE":"json","ARTIFACTSIZE":1063,"PUBLISHERNAME":"artifactArchiver","STORAGENAME":null},{"ID":137,"CREATIONDATE":"2023-04-17 16:59:23.848","MODIFICATIONDATE":"2023-04-17 16:59:23.848","VERSION":1,"BUILDID":176,"STORAGEID":12990,"OBJECTNAME":"sha256:110ec92fa0b6dc0a73ac129dfaa699825168f3c9aed892050fac4bf3fd3cb85e","ARTIFACTPATH":"input_param.json","ARTIFACTTYPE":"json","ARTIFACTSIZE":241,"PUBLISHERNAME":"artifactArchiver","STORAGENAME":null},{"ID":138,"CREATIONDATE":"2023-04-17 16:59:51.426","MODIFICATIONDATE":"2023-04-17 16:59:51.426","VERSION":1,"BUILDID":177,"STORAGEID":12990,"OBJECTNAME":"sha256:e3784d07dd25d2d688474cd399079ac62a43fe7a191f3ec7bcbb7a026fb2b693","ARTIFACTPATH":"int_dash.json","ARTIFACTTYPE":"json","ARTIFACTSIZE":603,"PUBLISHERNAME":"artifactArchiver","STORAGENAME":null},{"ID":110,"CREATIONDATE":"2023-04-17 17:37:31.244","MODIFICATIONDATE":"2023-04-17 17:37:31.244","VERSION":1,"BUILDID":201,"STORAGEID":12990,"OBJECTNAME":"sha256:110ec92fa0b6dc0a73ac129dfaa699825168f3c9aed892050fac4bf3fd3cb85e","ARTIFACTPATH":"input_param.json","ARTIFACTTYPE":"json","ARTIFACTSIZE":241,"PUBLISHERNAME":"artifactArchiver","STORAGENAME":null},{"ID":111,"CREATIONDATE":"2023-04-17 17:38:01.118","MODIFICATIONDATE":"2023-04-17 17:38:01.118","VERSION":1,"BUILDID":202,"STORAGEID":12990,"OBJECTNAME":"sha256:e3784d07dd25d2d688474cd399079ac62a43fe7a191f3ec7bcbb7a026fb2b693","ARTIFACTPATH":"int_dash.json","ARTIFACTTYPE":"json","ARTIFACTSIZE":603,"PUBLISHERNAME":"artifactArchiver","STORAGENAME":null},{"ID":112,"CREATIONDATE":"2023-04-17 17:38:54.837","MODIFICATIONDATE":"2023-04-17 17:38:54.837","VERSION":1,"BUILDID":203,"STORAGEID":12990,"OBJECTNAME":"sha256:b2c406754ff550e655efda48a56c057b7f6246d5b2750bef3143674616e96b60","ARTIFACTPATH":"artifact_summary.html","ARTIFACTTYPE":"html","ARTIFACTSIZE":1572,"PUBLISHERNAME":"artifactArchiver","STORAGENAME":null},{"ID":201,"CREATIONDATE":"2023-04-18 10:59:32.437","MODIFICATIONDATE":"2023-04-18 10:59:32.437","VERSION":1,"BUILDID":262,"STORAGEID":12990,"OBJECTNAME":"sha256:314c01a626d04d4b7747feb7480fafbeb9cd8b3ae53f511058a2f5ff46db6a11","ARTIFACTPATH":"input_param.json","ARTIFACTTYPE":"json","ARTIFACTSIZE":235,"PUBLISHERNAME":"artifactArchiver","STORAGENAME":null},{"ID":203,"CREATIONDATE":"2023-04-18 11:51:00.772","MODIFICATIONDATE":"2023-04-18 11:51:00.772","VERSION":1,"BUILDID":272,"STORAGEID":12990,"OBJECTNAME":"sha256:1b6405ec85f3f105e88d1f4b3edb4722087e8505e74f7d4f3164c7094bcb1848","ARTIFACTPATH":"input_param.json","ARTIFACTTYPE":"json","ARTIFACTSIZE":232,"PUBLISHERNAME":"artifactArchiver","STORAGENAME":null},{"ID":205,"CREATIONDATE":"2023-04-18 11:52:22.27","MODIFICATIONDATE":"2023-04-18 11:52:22.27","VERSION":1,"BUILDID":273,"STORAGEID":12990,"OBJECTNAME":"sha256:fd88ced9eca7213143a72593b8943d0c65244ff1e5164d055f2127ee6efd092e","ARTIFACTPATH":"artifact_summary.html","ARTIFACTTYPE":"html","ARTIFACTSIZE":1548,"PUBLISHERNAME":"artifactArchiver","STORAGENAME":null},{"ID":301,"CREATIONDATE":"2023-04-26 04:50:36.05","MODIFICATIONDATE":"2023-04-26 04:50:36.05","VERSION":1,"BUILDID":403,"STORAGEID":12990,"OBJECTNAME":"sha256:eccbb1de44b7b880306dd4e6ec898f5d9bccc54e693fc7242b02139f7f7d4c79","ARTIFACTPATH":"input_param.json","ARTIFACTTYPE":"json","ARTIFACTSIZE":345,"PUBLISHERNAME":"artifactArchiver","STORAGENAME":null},{"ID":321,"CREATIONDATE":"2023-04-27 12:30:03.663","MODIFICATIONDATE":"2023-04-27 12:30:03.663","VERSION":1,"BUILDID":422,"STORAGEID":12990,"OBJECTNAME":"sha256:eccbb1de44b7b880306dd4e6ec898f5d9bccc54e693fc7242b02139f7f7d4c79","ARTIFACTPATH":"input_param.json","ARTIFACTTYPE":"json","ARTIFACTSIZE":345,"PUBLISHERNAME":"artifactArchiver","STORAGENAME":null},{"ID":322,"CREATIONDATE":"2023-04-27 12:30:34.638","MODIFICATIONDATE":"2023-04-27 12:30:34.638","VERSION":1,"BUILDID":423,"STORAGEID":12990,"OBJECTNAME":"sha256:aac16be56a17a078e75b508f5620e8111012d073dd77a8ddb9c753cbec93c6f9","ARTIFACTPATH":"bi_report_dash.json","ARTIFACTTYPE":"json","ARTIFACTSIZE":1063,"PUBLISHERNAME":"artifactArchiver","STORAGENAME":null},{"ID":323,"CREATIONDATE":"2023-04-27 12:30:59.184","MODIFICATIONDATE":"2023-04-27 12:30:59.184","VERSION":1,"BUILDID":424,"STORAGEID":12990,"OBJECTNAME":"sha256:aac16be56a17a078e75b508f5620e8111012d073dd77a8ddb9c753cbec93c6f9","ARTIFACTPATH":"bi_report_dash.json","ARTIFACTTYPE":"json","ARTIFACTSIZE":1063,"PUBLISHERNAME":"artifactArchiver","STORAGENAME":null},{"ID":326,"CREATIONDATE":"2023-04-27 12:37:28.211","MODIFICATIONDATE":"2023-04-27 12:37:28.211","VERSION":1,"BUILDID":442,"STORAGEID":12990,"OBJECTNAME":"sha256:aac16be56a17a078e75b508f5620e8111012d073dd77a8ddb9c753cbec93c6f9","ARTIFACTPATH":"bi_report_dash.json","ARTIFACTTYPE":"json","ARTIFACTSIZE":1063,"PUBLISHERNAME":"artifactArchiver","STORAGENAME":null},{"ID":341,"CREATIONDATE":"2023-04-27 12:37:53.356","MODIFICATIONDATE":"2023-04-27 12:37:53.356","VERSION":1,"BUILDID":428,"STORAGEID":12990,"OBJECTNAME":"sha256:aac16be56a17a078e75b508f5620e8111012d073dd77a8ddb9c753cbec93c6f9","ARTIFACTPATH":"bi_report_dash.json","ARTIFACTTYPE":"json","ARTIFACTSIZE":1063,"PUBLISHERNAME":"artifactArchiver","STORAGENAME":null}]