[{"ID":1,"CREATIONDATE":"2023-04-13 09:36:39.754","MODIFICATIONDATE":"2023-04-13 09:39:34.998","VERSION":4,"JSON":"a_1mek_mako-builddata-json-1.blob","JSONLENGTH":1382,"BUILDID":1,"JOBID":1,"BUILDNUMBER":1},{"ID":2,"CREATIONDATE":"2023-04-13 09:39:35.383","MODIFICATIONDATE":"2023-04-13 09:39:59.681","VERSION":5,"JSON":"a_1mek_mako-builddata-json-2.blob","JSONLENGTH":1911,"BUILDID":2,"JOBID":2,"BUILDNUMBER":1},{"ID":3,"CREATIONDATE":"2023-04-13 09:48:13.004","MODIFICATIONDATE":"2023-04-13 09:48:36.41","VERSION":6,"JSON":"a_1mek_mako-builddata-json-3.blob","JSONLENGTH":1216,"BUILDID":3,"JOBID":2,"BUILDNUMBER":2},{"ID":4,"CREATIONDATE":"2023-04-13 09:50:10.364","MODIFICATIONDATE":"2023-04-13 09:50:33.834","VERSION":6,"JSON":"a_1mek_mako-builddata-json-4.blob","JSONLENGTH":1202,"BUILDID":4,"JOBID":2,"BUILDNUMBER":3},{"ID":23,"CREATIONDATE":"2023-04-13 10:44:44.45","MODIFICATIONDATE":"2023-04-13 10:45:07.951","VERSION":6,"JSON":"a_1mek_mako-builddata-json-5.blob","JSONLENGTH":1203,"BUILDID":23,"JOBID":2,"BUILDNUMBER":6},{"ID":22,"CREATIONDATE":"2023-04-13 10:19:33.77","MODIFICATIONDATE":"2023-04-13 10:34:44.967","VERSION":6,"JSON":"a_1mek_mako-builddata-json-6.blob","JSONLENGTH":1203,"BUILDID":22,"JOBID":2,"BUILDNUMBER":5},{"ID":8,"CREATIONDATE":"2023-04-13 11:39:36.478","MODIFICATIONDATE":"2023-04-13 11:40:10.439","VERSION":6,"JSON":"a_1mek_mako-builddata-json-7.blob","JSONLENGTH":1222,"BUILDID":8,"JOBID":2,"BUILDNUMBER":14},{"ID":64,"CREATIONDATE":"2023-04-14 05:47:38.2","MODIFICATIONDATE":"2023-04-14 05:48:00.452","VERSION":4,"JSON":"a_1mek_mako-builddata-json-8.blob","JSONLENGTH":1408,"BUILDID":64,"JOBID":1,"BUILDNUMBER":2},{"ID":65,"CREATIONDATE":"2023-04-14 05:48:00.919","MODIFICATIONDATE":"2023-04-27 12:36:56.501","VERSION":6,"JSON":"a_1mek_mako-builddata-json-9.blob","JSONLENGTH":1927,"BUILDID":65,"JOBID":2,"BUILDNUMBER":22},{"ID":24,"CREATIONDATE":"2023-04-13 10:52:59.894","MODIFICATIONDATE":"2023-04-13 10:53:32.619","VERSION":6,"JSON":"a_1mek_mako-builddata-json-10.blob","JSONLENGTH":1205,"BUILDID":24,"JOBID":2,"BUILDNUMBER":7},{"ID":25,"CREATIONDATE":"2023-04-13 11:00:40.255","MODIFICATIONDATE":"2023-04-13 11:01:13.439","VERSION":6,"JSON":"a_1mek_mako-builddata-json-11.blob","JSONLENGTH":1219,"BUILDID":25,"JOBID":2,"BUILDNUMBER":8},{"ID":5,"CREATIONDATE":"2023-04-13 11:02:58.84","MODIFICATIONDATE":"2023-04-13 11:03:34.685","VERSION":6,"JSON":"a_1mek_mako-builddata-json-12.blob","JSONLENGTH":1218,"BUILDID":5,"JOBID":2,"BUILDNUMBER":9},{"ID":7,"CREATIONDATE":"2023-04-13 11:13:08.872","MODIFICATIONDATE":"2023-04-13 11:13:42.411","VERSION":6,"JSON":"a_1mek_mako-builddata-json-13.blob","JSONLENGTH":1208,"BUILDID":7,"JOBID":2,"BUILDNUMBER":12},{"ID":41,"CREATIONDATE":"2023-04-14 05:24:34.927","MODIFICATIONDATE":"2023-04-14 05:27:29.2","VERSION":4,"JSON":"a_1mek_mako-builddata-json-14.blob","JSONLENGTH":1054,"BUILDID":41,"JOBID":41,"BUILDNUMBER":1},{"ID":42,"CREATIONDATE":"2023-04-14 05:31:02.217","MODIFICATIONDATE":"2023-04-14 05:31:37.52","VERSION":6,"JSON":"a_1mek_mako-builddata-json-15.blob","JSONLENGTH":1209,"BUILDID":42,"JOBID":2,"BUILDNUMBER":16},{"ID":21,"CREATIONDATE":"2023-04-13 09:58:47.514","MODIFICATIONDATE":"2023-04-13 10:17:22.257","VERSION":6,"JSON":"a_1mek_mako-builddata-json-16.blob","JSONLENGTH":1203,"BUILDID":21,"JOBID":2,"BUILDNUMBER":4},{"ID":6,"CREATIONDATE":"2023-04-13 11:07:11.734","MODIFICATIONDATE":"2023-04-13 11:07:44.587","VERSION":6,"JSON":"a_1mek_mako-builddata-json-17.blob","JSONLENGTH":1220,"BUILDID":6,"JOBID":2,"BUILDNUMBER":10},{"ID":27,"CREATIONDATE":"2023-04-13 11:16:29.98","MODIFICATIONDATE":"2023-04-13 11:17:04.998","VERSION":6,"JSON":"a_1mek_mako-builddata-json-18.blob","JSONLENGTH":1223,"BUILDID":27,"JOBID":2,"BUILDNUMBER":13},{"ID":61,"CREATIONDATE":"2023-04-14 05:33:57.791","MODIFICATIONDATE":"2023-04-14 05:34:31.599","VERSION":6,"JSON":"a_1mek_mako-builddata-json-19.blob","JSONLENGTH":1223,"BUILDID":61,"JOBID":2,"BUILDNUMBER":17},{"ID":43,"CREATIONDATE":"2023-04-14 05:36:12.724","MODIFICATIONDATE":"2023-04-14 05:36:46.341","VERSION":6,"JSON":"a_1mek_mako-builddata-json-20.blob","JSONLENGTH":1223,"BUILDID":43,"JOBID":2,"BUILDNUMBER":18},{"ID":44,"CREATIONDATE":"2023-04-14 05:38:16.756","MODIFICATIONDATE":"2023-04-14 05:38:33.859","VERSION":3,"JSON":"a_1mek_mako-builddata-json-21.blob","JSONLENGTH":1297,"BUILDID":44,"JOBID":2,"BUILDNUMBER":19},{"ID":26,"CREATIONDATE":"2023-04-13 11:08:50.398","MODIFICATIONDATE":"2023-04-13 11:09:46.977","VERSION":6,"JSON":"a_1mek_mako-builddata-json-22.blob","JSONLENGTH":1223,"BUILDID":26,"JOBID":2,"BUILDNUMBER":11},{"ID":9,"CREATIONDATE":"2023-04-13 11:58:06.725","MODIFICATIONDATE":"2023-04-13 11:58:52.247","VERSION":6,"JSON":"a_1mek_mako-builddata-json-23.blob","JSONLENGTH":1208,"BUILDID":9,"JOBID":2,"BUILDNUMBER":15},{"ID":62,"CREATIONDATE":"2023-04-14 05:38:39.752","MODIFICATIONDATE":"2023-04-14 05:39:13.371","VERSION":6,"JSON":"a_1mek_mako-builddata-json-24.blob","JSONLENGTH":1223,"BUILDID":62,"JOBID":2,"BUILDNUMBER":20},{"ID":45,"CREATIONDATE":"2023-04-14 05:43:38.353","MODIFICATIONDATE":"2023-04-27 12:30:04.901","VERSION":7,"JSON":"a_1mek_mako-builddata-json-25.blob","JSONLENGTH":1194,"BUILDID":45,"JOBID":2,"BUILDNUMBER":21},{"ID":63,"CREATIONDATE":"2023-04-14 05:44:14.182","MODIFICATIONDATE":"2023-04-14 05:44:38.78","VERSION":5,"JSON":"a_1mek_mako-builddata-json-26.blob","JSONLENGTH":2354,"BUILDID":63,"JOBID":21,"BUILDNUMBER":1},{"ID":70,"CREATIONDATE":"2023-04-14 06:26:49.587","MODIFICATIONDATE":"2023-04-14 06:27:12.028","VERSION":4,"JSON":"a_1mek_mako-builddata-json-27.blob","JSONLENGTH":1408,"BUILDID":70,"JOBID":1,"BUILDNUMBER":5},{"ID":75,"CREATIONDATE":"2023-04-14 06:35:31.85","MODIFICATIONDATE":"2023-04-14 06:36:04.716","VERSION":5,"JSON":"a_1mek_mako-builddata-json-28.blob","JSONLENGTH":2314,"BUILDID":75,"JOBID":21,"BUILDNUMBER":7},{"ID":76,"CREATIONDATE":"2023-04-14 06:40:26.2","MODIFICATIONDATE":"2023-04-14 06:40:48.512","VERSION":4,"JSON":"a_1mek_mako-builddata-json-29.blob","JSONLENGTH":1408,"BUILDID":76,"JOBID":1,"BUILDNUMBER":7},{"ID":77,"CREATIONDATE":"2023-04-14 06:40:48.899","MODIFICATIONDATE":"2023-04-14 06:41:22.725","VERSION":5,"JSON":"a_1mek_mako-builddata-json-30.blob","JSONLENGTH":1933,"BUILDID":77,"JOBID":2,"BUILDNUMBER":27},{"ID":52,"CREATIONDATE":"2023-04-14 06:51:55.586","MODIFICATIONDATE":"2023-04-14 06:52:19.752","VERSION":6,"JSON":"a_1mek_mako-builddata-json-31.blob","JSONLENGTH":1134,"BUILDID":52,"JOBID":21,"BUILDNUMBER":11},{"ID":57,"CREATIONDATE":"2023-04-14 07:03:50.9","MODIFICATIONDATE":"2023-04-14 07:04:25.207","VERSION":5,"JSON":"a_1mek_mako-builddata-json-32.blob","JSONLENGTH":1933,"BUILDID":57,"JOBID":2,"BUILDNUMBER":28},{"ID":79,"CREATIONDATE":"2023-04-14 07:04:26.14","MODIFICATIONDATE":"2023-04-14 07:04:52.129","VERSION":5,"JSON":"a_1mek_mako-builddata-json-33.blob","JSONLENGTH":2318,"BUILDID":79,"JOBID":21,"BUILDNUMBER":12},{"ID":83,"CREATIONDATE":"2023-04-14 07:08:48.728","MODIFICATIONDATE":"2023-04-14 07:09:10.772","VERSION":4,"JSON":"a_1mek_mako-builddata-json-34.blob","JSONLENGTH":1408,"BUILDID":83,"JOBID":1,"BUILDNUMBER":9},{"ID":46,"CREATIONDATE":"2023-04-14 06:18:48.118","MODIFICATIONDATE":"2023-04-14 06:19:22.533","VERSION":5,"JSON":"a_1mek_mako-builddata-json-35.blob","JSONLENGTH":1933,"BUILDID":46,"JOBID":2,"BUILDNUMBER":23},{"ID":47,"CREATIONDATE":"2023-04-14 06:23:41.684","MODIFICATIONDATE":"2023-04-14 06:24:03.855","VERSION":4,"JSON":"a_1mek_mako-builddata-json-36.blob","JSONLENGTH":1408,"BUILDID":47,"JOBID":1,"BUILDNUMBER":4},{"ID":53,"CREATIONDATE":"2023-04-14 06:54:39.757","MODIFICATIONDATE":"2023-04-14 06:55:02.133","VERSION":4,"JSON":"a_1mek_mako-builddata-json-37.blob","JSONLENGTH":1077,"BUILDID":53,"JOBID":41,"BUILDNUMBER":2},{"ID":54,"CREATIONDATE":"2023-04-14 06:56:01.873","MODIFICATIONDATE":"2023-04-14 06:56:24.124","VERSION":4,"JSON":"a_1mek_mako-builddata-json-38.blob","JSONLENGTH":1077,"BUILDID":54,"JOBID":41,"BUILDNUMBER":3},{"ID":56,"CREATIONDATE":"2023-04-14 07:03:26.567","MODIFICATIONDATE":"2023-04-14 07:03:50.09","VERSION":4,"JSON":"a_1mek_mako-builddata-json-39.blob","JSONLENGTH":1408,"BUILDID":56,"JOBID":1,"BUILDNUMBER":8},{"ID":66,"CREATIONDATE":"2023-04-14 05:48:35.1","MODIFICATIONDATE":"2023-04-14 05:48:58.961","VERSION":5,"JSON":"a_1mek_mako-builddata-json-40.blob","JSONLENGTH":2300,"BUILDID":66,"JOBID":21,"BUILDNUMBER":2},{"ID":58,"CREATIONDATE":"2023-04-14 07:06:00.551","MODIFICATIONDATE":"2023-04-14 07:06:35.434","VERSION":6,"JSON":"a_1mek_mako-builddata-json-41.blob","JSONLENGTH":1140,"BUILDID":58,"JOBID":21,"BUILDNUMBER":13},{"ID":80,"CREATIONDATE":"2023-04-14 07:06:36.066","MODIFICATIONDATE":"2023-04-14 07:07:00.113","VERSION":5,"JSON":"a_1mek_mako-builddata-json-42.blob","JSONLENGTH":2242,"BUILDID":80,"JOBID":22,"BUILDNUMBER":1},{"ID":84,"CREATIONDATE":"2023-04-14 07:09:11.321","MODIFICATIONDATE":"2023-04-14 07:09:45.269","VERSION":5,"JSON":"a_1mek_mako-builddata-json-43.blob","JSONLENGTH":1933,"BUILDID":84,"JOBID":2,"BUILDNUMBER":29},{"ID":55,"CREATIONDATE":"2023-04-14 06:59:25.866","MODIFICATIONDATE":"2023-04-14 06:59:50.472","VERSION":4,"JSON":"a_1mek_mako-builddata-json-44.blob","JSONLENGTH":1077,"BUILDID":55,"JOBID":41,"BUILDNUMBER":4},{"ID":81,"CREATIONDATE":"2023-04-14 07:07:00.801","MODIFICATIONDATE":"2023-04-14 07:07:26.457","VERSION":5,"JSON":"a_1mek_mako-builddata-json-45.blob","JSONLENGTH":2567,"BUILDID":81,"JOBID":23,"BUILDNUMBER":1},{"ID":82,"CREATIONDATE":"2023-04-14 07:07:27.072","MODIFICATIONDATE":"2023-04-14 07:07:49.305","VERSION":4,"JSON":"a_1mek_mako-builddata-json-46.blob","JSONLENGTH":2962,"BUILDID":82,"JOBID":3,"BUILDNUMBER":1},{"ID":48,"CREATIONDATE":"2023-04-14 06:24:04.57","MODIFICATIONDATE":"2023-04-14 06:24:42.022","VERSION":5,"JSON":"a_1mek_mako-builddata-json-47.blob","JSONLENGTH":1933,"BUILDID":48,"JOBID":2,"BUILDNUMBER":24},{"ID":49,"CREATIONDATE":"2023-04-14 06:24:42.71","MODIFICATIONDATE":"2023-04-14 06:25:07.113","VERSION":5,"JSON":"a_1mek_mako-builddata-json-48.blob","JSONLENGTH":2300,"BUILDID":49,"JOBID":21,"BUILDNUMBER":5},{"ID":73,"CREATIONDATE":"2023-04-14 06:32:43.599","MODIFICATIONDATE":"2023-04-14 06:34:45.436","VERSION":4,"JSON":"a_1mek_mako-builddata-json-49.blob","JSONLENGTH":1408,"BUILDID":73,"JOBID":1,"BUILDNUMBER":6},{"ID":74,"CREATIONDATE":"2023-04-14 06:34:45.918","MODIFICATIONDATE":"2023-04-14 06:35:31.361","VERSION":5,"JSON":"a_1mek_mako-builddata-json-50.blob","JSONLENGTH":1933,"BUILDID":74,"JOBID":2,"BUILDNUMBER":26},{"ID":67,"CREATIONDATE":"2023-04-14 06:17:47.134","MODIFICATIONDATE":"2023-04-14 06:18:12.378","VERSION":6,"JSON":"a_1mek_mako-builddata-json-51.blob","JSONLENGTH":1130,"BUILDID":67,"JOBID":21,"BUILDNUMBER":3},{"ID":68,"CREATIONDATE":"2023-04-14 06:18:23.807","MODIFICATIONDATE":"2023-04-14 06:18:47.659","VERSION":4,"JSON":"a_1mek_mako-builddata-json-52.blob","JSONLENGTH":1408,"BUILDID":68,"JOBID":1,"BUILDNUMBER":3},{"ID":69,"CREATIONDATE":"2023-04-14 06:19:23.266","MODIFICATIONDATE":"2023-04-14 06:19:48.166","VERSION":5,"JSON":"a_1mek_mako-builddata-json-53.blob","JSONLENGTH":2300,"BUILDID":69,"JOBID":21,"BUILDNUMBER":4},{"ID":71,"CREATIONDATE":"2023-04-14 06:27:12.472","MODIFICATIONDATE":"2023-04-14 06:27:46.559","VERSION":5,"JSON":"a_1mek_mako-builddata-json-54.blob","JSONLENGTH":1933,"BUILDID":71,"JOBID":2,"BUILDNUMBER":25},{"ID":72,"CREATIONDATE":"2023-04-14 06:27:47.192","MODIFICATIONDATE":"2023-04-14 06:28:11.374","VERSION":5,"JSON":"a_1mek_mako-builddata-json-55.blob","JSONLENGTH":2300,"BUILDID":72,"JOBID":21,"BUILDNUMBER":6},{"ID":78,"CREATIONDATE":"2023-04-14 06:41:23.224","MODIFICATIONDATE":"2023-04-14 06:41:47.703","VERSION":5,"JSON":"a_1mek_mako-builddata-json-56.blob","JSONLENGTH":2314,"BUILDID":78,"JOBID":21,"BUILDNUMBER":8},{"ID":50,"CREATIONDATE":"2023-04-14 06:48:41.846","MODIFICATIONDATE":"2023-04-14 06:49:06.193","VERSION":6,"JSON":"a_1mek_mako-builddata-json-57.blob","JSONLENGTH":1130,"BUILDID":50,"JOBID":21,"BUILDNUMBER":9},{"ID":51,"CREATIONDATE":"2023-04-14 06:49:45.118","MODIFICATIONDATE":"2023-04-14 06:50:09.109","VERSION":6,"JSON":"a_1mek_mako-builddata-json-58.blob","JSONLENGTH":1132,"BUILDID":51,"JOBID":21,"BUILDNUMBER":10},{"ID":89,"CREATIONDATE":"2023-04-14 10:11:31.929","MODIFICATIONDATE":"2023-04-14 10:11:56.331","VERSION":4,"JSON":"a_1mek_mako-builddata-json-59.blob","JSONLENGTH":1075,"BUILDID":89,"JOBID":41,"BUILDNUMBER":10},{"ID":94,"CREATIONDATE":"2023-04-14 12:48:33.939","MODIFICATIONDATE":"2023-04-14 12:48:56.879","VERSION":4,"JSON":"a_1mek_mako-builddata-json-60.blob","JSONLENGTH":3365,"BUILDID":94,"JOBID":3,"BUILDNUMBER":3},{"ID":95,"CREATIONDATE":"2023-04-14 13:01:57.786","MODIFICATIONDATE":"2023-04-14 13:02:20.915","VERSION":4,"JSON":"a_1mek_mako-builddata-json-61.blob","JSONLENGTH":1412,"BUILDID":95,"JOBID":1,"BUILDNUMBER":11},{"ID":59,"CREATIONDATE":"2023-04-14 07:10:22.019","MODIFICATIONDATE":"2023-04-14 07:10:46.232","VERSION":5,"JSON":"a_1mek_mako-builddata-json-62.blob","JSONLENGTH":2643,"BUILDID":59,"JOBID":22,"BUILDNUMBER":2},{"ID":60,"CREATIONDATE":"2023-04-14 07:11:11.824","MODIFICATIONDATE":"2023-04-14 07:11:34.301","VERSION":4,"JSON":"a_1mek_mako-builddata-json-63.blob","JSONLENGTH":3363,"BUILDID":60,"JOBID":3,"BUILDNUMBER":2},{"ID":105,"CREATIONDATE":"2023-04-14 10:18:15.859","MODIFICATIONDATE":"2023-04-14 10:18:39.07","VERSION":4,"JSON":"a_1mek_mako-builddata-json-64.blob","JSONLENGTH":1082,"BUILDID":105,"JOBID":41,"BUILDNUMBER":13},{"ID":107,"CREATIONDATE":"2023-04-14 10:21:31.548","MODIFICATIONDATE":"2023-04-14 10:21:55.183","VERSION":4,"JSON":"a_1mek_mako-builddata-json-65.blob","JSONLENGTH":1082,"BUILDID":107,"JOBID":41,"BUILDNUMBER":15},{"ID":92,"CREATIONDATE":"2023-04-14 12:47:42.594","MODIFICATIONDATE":"2023-04-14 12:48:08.067","VERSION":5,"JSON":"a_1mek_mako-builddata-json-66.blob","JSONLENGTH":2645,"BUILDID":92,"JOBID":22,"BUILDNUMBER":3},{"ID":88,"CREATIONDATE":"2023-04-14 10:07:17.051","MODIFICATIONDATE":"2023-04-14 10:07:41.664","VERSION":4,"JSON":"a_1mek_mako-builddata-json-67.blob","JSONLENGTH":1077,"BUILDID":88,"JOBID":41,"BUILDNUMBER":8},{"ID":109,"CREATIONDATE":"2023-04-14 12:46:13.514","MODIFICATIONDATE":"2023-04-14 12:46:35.95","VERSION":4,"JSON":"a_1mek_mako-builddata-json-68.blob","JSONLENGTH":1411,"BUILDID":109,"JOBID":1,"BUILDNUMBER":10},{"ID":110,"CREATIONDATE":"2023-04-14 12:46:36.376","MODIFICATIONDATE":"2023-04-14 12:47:11.501","VERSION":5,"JSON":"a_1mek_mako-builddata-json-69.blob","JSONLENGTH":1953,"BUILDID":110,"JOBID":2,"BUILDNUMBER":30},{"ID":111,"CREATIONDATE":"2023-04-14 12:47:11.955","MODIFICATIONDATE":"2023-04-14 12:47:42.127","VERSION":5,"JSON":"a_1mek_mako-builddata-json-70.blob","JSONLENGTH":2327,"BUILDID":111,"JOBID":21,"BUILDNUMBER":15},{"ID":85,"CREATIONDATE":"2023-04-14 07:09:45.862","MODIFICATIONDATE":"2023-04-14 07:10:21.498","VERSION":5,"JSON":"a_1mek_mako-builddata-json-71.blob","JSONLENGTH":2310,"BUILDID":85,"JOBID":21,"BUILDNUMBER":14},{"ID":86,"CREATIONDATE":"2023-04-14 07:10:46.689","MODIFICATIONDATE":"2023-04-14 07:11:11.378","VERSION":5,"JSON":"a_1mek_mako-builddata-json-72.blob","JSONLENGTH":2954,"BUILDID":86,"JOBID":23,"BUILDNUMBER":2},{"ID":87,"CREATIONDATE":"2023-04-14 09:59:05.729","MODIFICATIONDATE":"2023-04-14 10:02:09.908","VERSION":4,"JSON":"a_1mek_mako-builddata-json-73.blob","JSONLENGTH":1073,"BUILDID":87,"JOBID":41,"BUILDNUMBER":5},{"ID":104,"CREATIONDATE":"2023-04-14 10:16:07.473","MODIFICATIONDATE":"2023-04-14 10:16:31.745","VERSION":4,"JSON":"a_1mek_mako-builddata-json-74.blob","JSONLENGTH":1078,"BUILDID":104,"JOBID":41,"BUILDNUMBER":12},{"ID":102,"CREATIONDATE":"2023-04-14 10:04:33.576","MODIFICATIONDATE":"2023-04-14 10:04:57.708","VERSION":4,"JSON":"a_1mek_mako-builddata-json-75.blob","JSONLENGTH":1074,"BUILDID":102,"JOBID":41,"BUILDNUMBER":7},{"ID":103,"CREATIONDATE":"2023-04-14 10:10:10.345","MODIFICATIONDATE":"2023-04-14 10:10:33.736","VERSION":4,"JSON":"a_1mek_mako-builddata-json-76.blob","JSONLENGTH":1074,"BUILDID":103,"JOBID":41,"BUILDNUMBER":9},{"ID":106,"CREATIONDATE":"2023-04-14 10:19:24.069","MODIFICATIONDATE":"2023-04-14 10:19:46.786","VERSION":4,"JSON":"a_1mek_mako-builddata-json-77.blob","JSONLENGTH":1078,"BUILDID":106,"JOBID":41,"BUILDNUMBER":14},{"ID":108,"CREATIONDATE":"2023-04-14 12:34:14.385","MODIFICATIONDATE":"2023-04-14 12:37:18.421","VERSION":5,"JSON":"a_1mek_mako-builddata-json-78.blob","JSONLENGTH":1157,"BUILDID":108,"JOBID":81,"BUILDNUMBER":1},{"ID":91,"CREATIONDATE":"2023-04-14 12:38:25.391","MODIFICATIONDATE":"2023-04-14 12:39:01.758","VERSION":5,"JSON":"a_1mek_mako-builddata-json-79.blob","JSONLENGTH":1171,"BUILDID":91,"JOBID":81,"BUILDNUMBER":2},{"ID":101,"CREATIONDATE":"2023-04-14 10:03:18.74","MODIFICATIONDATE":"2023-04-14 10:03:41.828","VERSION":4,"JSON":"a_1mek_mako-builddata-json-80.blob","JSONLENGTH":1074,"BUILDID":101,"JOBID":41,"BUILDNUMBER":6},{"ID":90,"CREATIONDATE":"2023-04-14 10:14:07.261","MODIFICATIONDATE":"2023-04-14 10:14:31.586","VERSION":4,"JSON":"a_1mek_mako-builddata-json-81.blob","JSONLENGTH":1077,"BUILDID":90,"JOBID":41,"BUILDNUMBER":11},{"ID":93,"CREATIONDATE":"2023-04-14 12:48:08.482","MODIFICATIONDATE":"2023-04-14 12:48:33.483","VERSION":5,"JSON":"a_1mek_mako-builddata-json-82.blob","JSONLENGTH":2970,"BUILDID":93,"JOBID":23,"BUILDNUMBER":3},{"ID":113,"CREATIONDATE":"2023-04-14 13:09:32.736","MODIFICATIONDATE":"2023-04-14 13:09:55.645","VERSION":4,"JSON":"a_1mek_mako-builddata-json-83.blob","JSONLENGTH":3366,"BUILDID":113,"JOBID":3,"BUILDNUMBER":4},{"ID":129,"CREATIONDATE":"2023-04-17 07:35:22.935","MODIFICATIONDATE":"2023-04-17 07:35:48.8","VERSION":5,"JSON":"a_1mek_mako-builddata-json-84.blob","JSONLENGTH":2646,"BUILDID":129,"JOBID":22,"BUILDNUMBER":6},{"ID":96,"CREATIONDATE":"2023-04-14 13:02:21.525","MODIFICATIONDATE":"2023-04-14 13:02:57.069","VERSION":5,"JSON":"a_1mek_mako-builddata-json-85.blob","JSONLENGTH":1948,"BUILDID":96,"JOBID":2,"BUILDNUMBER":31},{"ID":121,"CREATIONDATE":"2023-04-17 05:57:29.288","MODIFICATIONDATE":"2023-04-17 06:11:49.265","VERSION":4,"JSON":"a_1mek_mako-builddata-json-86.blob","JSONLENGTH":1448,"BUILDID":121,"JOBID":1,"BUILDNUMBER":13},{"ID":149,"CREATIONDATE":"2023-04-17 07:35:49.723","MODIFICATIONDATE":"2023-04-17 07:36:16.764","VERSION":5,"JSON":"a_1mek_mako-builddata-json-87.blob","JSONLENGTH":2957,"BUILDID":149,"JOBID":23,"BUILDNUMBER":6},{"ID":123,"CREATIONDATE":"2023-04-17 06:38:08.165","MODIFICATIONDATE":"2023-04-17 06:38:30.661","VERSION":4,"JSON":"a_1mek_mako-builddata-json-88.blob","JSONLENGTH":1413,"BUILDID":123,"JOBID":1,"BUILDNUMBER":14},{"ID":124,"CREATIONDATE":"2023-04-17 06:38:31.295","MODIFICATIONDATE":"2023-04-17 06:39:07.463","VERSION":5,"JSON":"a_1mek_mako-builddata-json-89.blob","JSONLENGTH":1939,"BUILDID":124,"JOBID":2,"BUILDNUMBER":37},{"ID":125,"CREATIONDATE":"2023-04-17 06:39:40.117","MODIFICATIONDATE":"2023-04-17 06:40:04.809","VERSION":5,"JSON":"a_1mek_mako-builddata-json-90.blob","JSONLENGTH":2646,"BUILDID":125,"JOBID":22,"BUILDNUMBER":5},{"ID":112,"CREATIONDATE":"2023-04-14 13:09:05.734","MODIFICATIONDATE":"2023-04-14 13:09:31.994","VERSION":5,"JSON":"a_1mek_mako-builddata-json-91.blob","JSONLENGTH":2971,"BUILDID":112,"JOBID":23,"BUILDNUMBER":4},{"ID":141,"CREATIONDATE":"2023-04-17 06:19:02.766","MODIFICATIONDATE":"2023-04-17 06:19:36.225","VERSION":5,"JSON":"a_1mek_mako-builddata-json-92.blob","JSONLENGTH":1171,"BUILDID":141,"JOBID":2,"BUILDNUMBER":34},{"ID":142,"CREATIONDATE":"2023-04-17 06:20:37.175","MODIFICATIONDATE":"2023-04-17 06:21:10.126","VERSION":5,"JSON":"a_1mek_mako-builddata-json-93.blob","JSONLENGTH":1171,"BUILDID":142,"JOBID":2,"BUILDNUMBER":35},{"ID":145,"CREATIONDATE":"2023-04-17 06:36:35.879","MODIFICATIONDATE":"2023-04-17 06:37:11.583","VERSION":5,"JSON":"a_1mek_mako-builddata-json-94.blob","JSONLENGTH":1189,"BUILDID":145,"JOBID":2,"BUILDNUMBER":36},{"ID":97,"CREATIONDATE":"2023-04-14 13:07:07.569","MODIFICATIONDATE":"2023-04-14 13:07:32.218","VERSION":4,"JSON":"a_1mek_mako-builddata-json-95.blob","JSONLENGTH":1412,"BUILDID":97,"JOBID":1,"BUILDNUMBER":12},{"ID":98,"CREATIONDATE":"2023-04-14 13:07:33.023","MODIFICATIONDATE":"2023-04-14 13:08:09.274","VERSION":5,"JSON":"a_1mek_mako-builddata-json-96.blob","JSONLENGTH":1952,"BUILDID":98,"JOBID":2,"BUILDNUMBER":32},{"ID":99,"CREATIONDATE":"2023-04-14 13:08:09.798","MODIFICATIONDATE":"2023-04-14 13:08:39.847","VERSION":5,"JSON":"a_1mek_mako-builddata-json-97.blob","JSONLENGTH":2324,"BUILDID":99,"JOBID":21,"BUILDNUMBER":16},{"ID":100,"CREATIONDATE":"2023-04-14 13:08:40.377","MODIFICATIONDATE":"2023-04-14 13:09:04.673","VERSION":5,"JSON":"a_1mek_mako-builddata-json-98.blob","JSONLENGTH":2646,"BUILDID":100,"JOBID":22,"BUILDNUMBER":4},{"ID":122,"CREATIONDATE":"2023-04-17 06:11:49.857","MODIFICATIONDATE":"2023-04-17 06:12:23.643","VERSION":5,"JSON":"a_1mek_mako-builddata-json-99.blob","JSONLENGTH":1970,"BUILDID":122,"JOBID":2,"BUILDNUMBER":33},{"ID":146,"CREATIONDATE":"2023-04-17 06:39:08.542","MODIFICATIONDATE":"2023-04-17 06:39:39.472","VERSION":5,"JSON":"a_1mek_mako-builddata-json-100.blob","JSONLENGTH":2313,"BUILDID":146,"JOBID":21,"BUILDNUMBER":17},{"ID":147,"CREATIONDATE":"2023-04-17 06:40:05.313","MODIFICATIONDATE":"2023-04-17 06:40:31.78","VERSION":5,"JSON":"a_1mek_mako-builddata-json-101.blob","JSONLENGTH":2971,"BUILDID":147,"JOBID":23,"BUILDNUMBER":5},{"ID":126,"CREATIONDATE":"2023-04-17 06:40:32.477","MODIFICATIONDATE":"2023-04-17 06:40:54.693","VERSION":4,"JSON":"a_1mek_mako-builddata-json-102.blob","JSONLENGTH":3366,"BUILDID":126,"JOBID":3,"BUILDNUMBER":5},{"ID":148,"CREATIONDATE":"2023-04-17 07:31:04.803","MODIFICATIONDATE":"2023-04-17 07:33:59.675","VERSION":4,"JSON":"a_1mek_mako-builddata-json-103.blob","JSONLENGTH":1413,"BUILDID":148,"JOBID":1,"BUILDNUMBER":15},{"ID":143,"CREATIONDATE":"2023-04-17 06:30:00.071","MODIFICATIONDATE":"2023-04-17 06:30:34.962","VERSION":5,"JSON":"a_1mek_mako-builddata-json-104.blob","JSONLENGTH":1182,"BUILDID":143,"JOBID":81,"BUILDNUMBER":3},{"ID":144,"CREATIONDATE":"2023-04-17 06:34:33.246","MODIFICATIONDATE":"2023-04-17 06:35:37.729","VERSION":5,"JSON":"a_1mek_mako-builddata-json-105.blob","JSONLENGTH":1186,"BUILDID":144,"JOBID":81,"BUILDNUMBER":4},{"ID":127,"CREATIONDATE":"2023-04-17 07:34:00.401","MODIFICATIONDATE":"2023-04-17 07:34:50.152","VERSION":5,"JSON":"a_1mek_mako-builddata-json-106.blob","JSONLENGTH":1953,"BUILDID":127,"JOBID":2,"BUILDNUMBER":38},{"ID":128,"CREATIONDATE":"2023-04-17 07:34:51.005","MODIFICATIONDATE":"2023-04-17 07:35:22.234","VERSION":5,"JSON":"a_1mek_mako-builddata-json-107.blob","JSONLENGTH":2327,"BUILDID":128,"JOBID":21,"BUILDNUMBER":18},{"ID":196,"CREATIONDATE":"2023-04-17 14:31:39.005","MODIFICATIONDATE":"2023-04-17 14:32:13.948","VERSION":5,"JSON":"a_1mek_mako-builddata-json-108.blob","JSONLENGTH":1997,"BUILDID":166,"JOBID":102,"BUILDNUMBER":7},{"ID":168,"CREATIONDATE":"2023-04-17 14:32:14.637","MODIFICATIONDATE":"2023-04-17 14:32:40.185","VERSION":5,"JSON":"a_1mek_mako-builddata-json-109.blob","JSONLENGTH":2380,"BUILDID":137,"JOBID":101,"BUILDNUMBER":10},{"ID":197,"CREATIONDATE":"2023-04-17 15:03:10.981","MODIFICATIONDATE":"2023-04-17 15:03:46.693","VERSION":5,"JSON":"a_1mek_mako-builddata-json-110.blob","JSONLENGTH":1176,"BUILDID":167,"JOBID":102,"BUILDNUMBER":8},{"ID":169,"CREATIONDATE":"2023-04-17 15:04:52.267","MODIFICATIONDATE":"2023-04-17 15:05:14.705","VERSION":4,"JSON":"a_1mek_mako-builddata-json-111.blob","JSONLENGTH":1458,"BUILDID":138,"JOBID":1,"BUILDNUMBER":23},{"ID":161,"CREATIONDATE":"2023-04-17 13:40:57.07","MODIFICATIONDATE":"2023-04-17 13:43:34.12","VERSION":4,"JSON":"a_1mek_mako-builddata-json-112.blob","JSONLENGTH":1458,"BUILDID":130,"JOBID":1,"BUILDNUMBER":16},{"ID":182,"CREATIONDATE":"2023-04-17 13:44:22.326","MODIFICATIONDATE":"2023-04-17 13:44:48.965","VERSION":5,"JSON":"a_1mek_mako-builddata-json-113.blob","JSONLENGTH":2356,"BUILDID":152,"JOBID":101,"BUILDNUMBER":1},{"ID":185,"CREATIONDATE":"2023-04-17 14:01:58.953","MODIFICATIONDATE":"2023-04-17 14:02:25.369","VERSION":4,"JSON":"a_1mek_mako-builddata-json-114.blob","JSONLENGTH":1455,"BUILDID":155,"JOBID":1,"BUILDNUMBER":17},{"ID":162,"CREATIONDATE":"2023-04-17 14:02:26.373","MODIFICATIONDATE":"2023-04-17 14:03:04.107","VERSION":5,"JSON":"a_1mek_mako-builddata-json-115.blob","JSONLENGTH":1997,"BUILDID":131,"JOBID":102,"BUILDNUMBER":2},{"ID":184,"CREATIONDATE":"2023-04-17 13:57:01.782","MODIFICATIONDATE":"2023-04-17 13:57:27.817","VERSION":5,"JSON":"a_1mek_mako-builddata-json-116.blob","JSONLENGTH":1107,"BUILDID":154,"JOBID":101,"BUILDNUMBER":3},{"ID":163,"CREATIONDATE":"2023-04-17 14:03:04.777","MODIFICATIONDATE":"2023-04-17 14:03:33.303","VERSION":5,"JSON":"a_1mek_mako-builddata-json-117.blob","JSONLENGTH":2364,"BUILDID":132,"JOBID":101,"BUILDNUMBER":4},{"ID":164,"CREATIONDATE":"2023-04-17 14:04:45.92","MODIFICATIONDATE":"2023-04-17 14:05:08.823","VERSION":4,"JSON":"a_1mek_mako-builddata-json-118.blob","JSONLENGTH":1458,"BUILDID":133,"JOBID":1,"BUILDNUMBER":18},{"ID":165,"CREATIONDATE":"2023-04-17 14:05:09.485","MODIFICATIONDATE":"2023-04-17 14:05:44.814","VERSION":5,"JSON":"a_1mek_mako-builddata-json-119.blob","JSONLENGTH":1986,"BUILDID":134,"JOBID":102,"BUILDNUMBER":3},{"ID":150,"CREATIONDATE":"2023-04-17 07:36:17.471","MODIFICATIONDATE":"2023-04-17 07:36:40.392","VERSION":4,"JSON":"a_1mek_mako-builddata-json-120.blob","JSONLENGTH":3366,"BUILDID":150,"JOBID":3,"BUILDNUMBER":6},{"ID":183,"CREATIONDATE":"2023-04-17 13:54:26.954","MODIFICATIONDATE":"2023-04-17 13:54:53.588","VERSION":5,"JSON":"a_1mek_mako-builddata-json-121.blob","JSONLENGTH":1093,"BUILDID":153,"JOBID":101,"BUILDNUMBER":2},{"ID":166,"CREATIONDATE":"2023-04-17 14:05:45.358","MODIFICATIONDATE":"2023-04-17 14:06:11.279","VERSION":5,"JSON":"a_1mek_mako-builddata-json-122.blob","JSONLENGTH":2367,"BUILDID":135,"JOBID":101,"BUILDNUMBER":5},{"ID":186,"CREATIONDATE":"2023-04-17 14:08:54.246","MODIFICATIONDATE":"2023-04-17 14:09:18.684","VERSION":4,"JSON":"a_1mek_mako-builddata-json-123.blob","JSONLENGTH":1458,"BUILDID":156,"JOBID":1,"BUILDNUMBER":19},{"ID":187,"CREATIONDATE":"2023-04-17 14:09:19.223","MODIFICATIONDATE":"2023-04-17 14:09:55.498","VERSION":5,"JSON":"a_1mek_mako-builddata-json-124.blob","JSONLENGTH":1986,"BUILDID":157,"JOBID":102,"BUILDNUMBER":4},{"ID":188,"CREATIONDATE":"2023-04-17 14:09:56.235","MODIFICATIONDATE":"2023-04-17 14:10:21.954","VERSION":5,"JSON":"a_1mek_mako-builddata-json-125.blob","JSONLENGTH":2367,"BUILDID":158,"JOBID":101,"BUILDNUMBER":6},{"ID":189,"CREATIONDATE":"2023-04-17 14:21:43.527","MODIFICATIONDATE":"2023-04-17 14:22:05.647","VERSION":4,"JSON":"a_1mek_mako-builddata-json-126.blob","JSONLENGTH":1458,"BUILDID":159,"JOBID":1,"BUILDNUMBER":20},{"ID":181,"CREATIONDATE":"2023-04-17 13:43:34.788","MODIFICATIONDATE":"2023-04-17 13:44:21.624","VERSION":5,"JSON":"a_1mek_mako-builddata-json-127.blob","JSONLENGTH":1975,"BUILDID":151,"JOBID":102,"BUILDNUMBER":1},{"ID":190,"CREATIONDATE":"2023-04-17 14:22:06.187","MODIFICATIONDATE":"2023-04-17 14:22:41.192","VERSION":5,"JSON":"a_1mek_mako-builddata-json-128.blob","JSONLENGTH":2000,"BUILDID":160,"JOBID":102,"BUILDNUMBER":5},{"ID":191,"CREATIONDATE":"2023-04-17 14:22:41.788","MODIFICATIONDATE":"2023-04-17 14:23:07.037","VERSION":5,"JSON":"a_1mek_mako-builddata-json-129.blob","JSONLENGTH":2381,"BUILDID":161,"JOBID":101,"BUILDNUMBER":7},{"ID":192,"CREATIONDATE":"2023-04-17 14:24:44.749","MODIFICATIONDATE":"2023-04-17 14:25:10.424","VERSION":5,"JSON":"a_1mek_mako-builddata-json-130.blob","JSONLENGTH":1093,"BUILDID":162,"JOBID":101,"BUILDNUMBER":8},{"ID":193,"CREATIONDATE":"2023-04-17 14:25:02.377","MODIFICATIONDATE":"2023-04-17 14:25:36.756","VERSION":4,"JSON":"a_1mek_mako-builddata-json-131.blob","JSONLENGTH":1458,"BUILDID":163,"JOBID":1,"BUILDNUMBER":21},{"ID":194,"CREATIONDATE":"2023-04-17 14:25:37.245","MODIFICATIONDATE":"2023-04-17 14:26:14.865","VERSION":5,"JSON":"a_1mek_mako-builddata-json-132.blob","JSONLENGTH":1986,"BUILDID":164,"JOBID":102,"BUILDNUMBER":6},{"ID":195,"CREATIONDATE":"2023-04-17 14:26:15.343","MODIFICATIONDATE":"2023-04-17 14:26:40.744","VERSION":5,"JSON":"a_1mek_mako-builddata-json-133.blob","JSONLENGTH":2367,"BUILDID":165,"JOBID":101,"BUILDNUMBER":9},{"ID":167,"CREATIONDATE":"2023-04-17 14:31:16.261","MODIFICATIONDATE":"2023-04-17 14:31:38.495","VERSION":4,"JSON":"a_1mek_mako-builddata-json-134.blob","JSONLENGTH":1455,"BUILDID":136,"JOBID":1,"BUILDNUMBER":22},{"ID":209,"CREATIONDATE":"2023-04-17 16:30:17.203","MODIFICATIONDATE":"2023-04-17 16:30:45.394","VERSION":5,"JSON":"a_1mek_mako-builddata-json-135.blob","JSONLENGTH":2380,"BUILDID":198,"JOBID":101,"BUILDNUMBER":16},{"ID":210,"CREATIONDATE":"2023-04-17 16:31:11.188","MODIFICATIONDATE":"2023-04-17 16:31:34.426","VERSION":5,"JSON":"a_1mek_mako-builddata-json-136.blob","JSONLENGTH":3019,"BUILDID":199,"JOBID":121,"BUILDNUMBER":1},{"ID":172,"CREATIONDATE":"2023-04-17 15:10:06.643","MODIFICATIONDATE":"2023-04-17 15:10:30.549","VERSION":4,"JSON":"a_1mek_mako-builddata-json-137.blob","JSONLENGTH":1458,"BUILDID":181,"JOBID":1,"BUILDNUMBER":24},{"ID":175,"CREATIONDATE":"2023-04-17 15:16:08.032","MODIFICATIONDATE":"2023-04-17 15:16:30.075","VERSION":4,"JSON":"a_1mek_mako-builddata-json-138.blob","JSONLENGTH":1458,"BUILDID":184,"JOBID":1,"BUILDNUMBER":25},{"ID":176,"CREATIONDATE":"2023-04-17 15:16:30.569","MODIFICATIONDATE":"2023-04-17 15:17:05.882","VERSION":5,"JSON":"a_1mek_mako-builddata-json-139.blob","JSONLENGTH":2004,"BUILDID":185,"JOBID":102,"BUILDNUMBER":11},{"ID":178,"CREATIONDATE":"2023-04-17 15:17:35.058","MODIFICATIONDATE":"2023-04-17 15:17:59.028","VERSION":5,"JSON":"a_1mek_mako-builddata-json-140.blob","JSONLENGTH":2714,"BUILDID":187,"JOBID":22,"BUILDNUMBER":7},{"ID":174,"CREATIONDATE":"2023-04-17 15:11:07.722","MODIFICATIONDATE":"2023-04-17 15:11:33.951","VERSION":5,"JSON":"a_1mek_mako-builddata-json-141.blob","JSONLENGTH":2390,"BUILDID":183,"JOBID":101,"BUILDNUMBER":12},{"ID":180,"CREATIONDATE":"2023-04-17 15:18:29.172","MODIFICATIONDATE":"2023-04-17 15:18:51.161","VERSION":4,"JSON":"a_1mek_mako-builddata-json-142.blob","JSONLENGTH":3425,"BUILDID":189,"JOBID":3,"BUILDNUMBER":7},{"ID":201,"CREATIONDATE":"2023-04-17 15:30:34.823","MODIFICATIONDATE":"2023-04-17 15:30:57.321","VERSION":4,"JSON":"a_1mek_mako-builddata-json-143.blob","JSONLENGTH":1458,"BUILDID":190,"JOBID":1,"BUILDNUMBER":26},{"ID":198,"CREATIONDATE":"2023-04-17 15:30:58.059","MODIFICATIONDATE":"2023-04-17 15:31:33.132","VERSION":5,"JSON":"a_1mek_mako-builddata-json-144.blob","JSONLENGTH":2004,"BUILDID":168,"JOBID":102,"BUILDNUMBER":12},{"ID":202,"CREATIONDATE":"2023-04-17 15:31:33.915","MODIFICATIONDATE":"2023-04-17 15:32:01.294","VERSION":5,"JSON":"a_1mek_mako-builddata-json-145.blob","JSONLENGTH":2394,"BUILDID":191,"JOBID":101,"BUILDNUMBER":14},{"ID":203,"CREATIONDATE":"2023-04-17 15:32:01.837","MODIFICATIONDATE":"2023-04-17 15:32:28.313","VERSION":5,"JSON":"a_1mek_mako-builddata-json-146.blob","JSONLENGTH":2714,"BUILDID":192,"JOBID":22,"BUILDNUMBER":8},{"ID":204,"CREATIONDATE":"2023-04-17 15:32:28.775","MODIFICATIONDATE":"2023-04-17 15:32:53.167","VERSION":5,"JSON":"a_1mek_mako-builddata-json-147.blob","JSONLENGTH":3030,"BUILDID":193,"JOBID":23,"BUILDNUMBER":8},{"ID":205,"CREATIONDATE":"2023-04-17 15:32:53.693","MODIFICATIONDATE":"2023-04-17 15:33:15.984","VERSION":4,"JSON":"a_1mek_mako-builddata-json-148.blob","JSONLENGTH":3425,"BUILDID":194,"JOBID":3,"BUILDNUMBER":8},{"ID":170,"CREATIONDATE":"2023-04-17 15:05:15.41","MODIFICATIONDATE":"2023-04-17 15:05:50.146","VERSION":5,"JSON":"a_1mek_mako-builddata-json-149.blob","JSONLENGTH":1986,"BUILDID":139,"JOBID":102,"BUILDNUMBER":9},{"ID":171,"CREATIONDATE":"2023-04-17 15:05:50.664","MODIFICATIONDATE":"2023-04-17 15:06:16.844","VERSION":5,"JSON":"a_1mek_mako-builddata-json-150.blob","JSONLENGTH":2371,"BUILDID":140,"JOBID":101,"BUILDNUMBER":11},{"ID":173,"CREATIONDATE":"2023-04-17 15:10:31.061","MODIFICATIONDATE":"2023-04-17 15:11:07.071","VERSION":5,"JSON":"a_1mek_mako-builddata-json-151.blob","JSONLENGTH":2002,"BUILDID":182,"JOBID":102,"BUILDNUMBER":10},{"ID":177,"CREATIONDATE":"2023-04-17 15:17:06.398","MODIFICATIONDATE":"2023-04-17 15:17:34.541","VERSION":5,"JSON":"a_1mek_mako-builddata-json-152.blob","JSONLENGTH":2394,"BUILDID":186,"JOBID":101,"BUILDNUMBER":13},{"ID":179,"CREATIONDATE":"2023-04-17 15:17:59.608","MODIFICATIONDATE":"2023-04-17 15:18:28.687","VERSION":5,"JSON":"a_1mek_mako-builddata-json-153.blob","JSONLENGTH":3030,"BUILDID":188,"JOBID":23,"BUILDNUMBER":7},{"ID":207,"CREATIONDATE":"2023-04-17 16:26:49.397","MODIFICATIONDATE":"2023-04-17 16:29:24.678","VERSION":4,"JSON":"a_1mek_mako-builddata-json-154.blob","JSONLENGTH":1458,"BUILDID":196,"JOBID":1,"BUILDNUMBER":28},{"ID":199,"CREATIONDATE":"2023-04-17 15:41:34.765","MODIFICATIONDATE":"2023-04-17 15:41:57.728","VERSION":4,"JSON":"a_1mek_mako-builddata-json-155.blob","JSONLENGTH":1458,"BUILDID":169,"JOBID":1,"BUILDNUMBER":27},{"ID":206,"CREATIONDATE":"2023-04-17 15:43:28.559","MODIFICATIONDATE":"2023-04-17 15:43:53.355","VERSION":5,"JSON":"a_1mek_mako-builddata-json-156.blob","JSONLENGTH":3016,"BUILDID":195,"JOBID":23,"BUILDNUMBER":9},{"ID":208,"CREATIONDATE":"2023-04-17 16:29:25.201","MODIFICATIONDATE":"2023-04-17 16:30:16.711","VERSION":5,"JSON":"a_1mek_mako-builddata-json-157.blob","JSONLENGTH":1990,"BUILDID":197,"JOBID":102,"BUILDNUMBER":14},{"ID":200,"CREATIONDATE":"2023-04-17 15:41:58.342","MODIFICATIONDATE":"2023-04-17 15:42:34.644","VERSION":5,"JSON":"a_1mek_mako-builddata-json-158.blob","JSONLENGTH":1990,"BUILDID":170,"JOBID":102,"BUILDNUMBER":13},{"ID":221,"CREATIONDATE":"2023-04-17 15:42:35.157","MODIFICATIONDATE":"2023-04-17 15:43:01.795","VERSION":5,"JSON":"a_1mek_mako-builddata-json-159.blob","JSONLENGTH":2380,"BUILDID":171,"JOBID":101,"BUILDNUMBER":15},{"ID":223,"CREATIONDATE":"2023-04-17 15:43:53.913","MODIFICATIONDATE":"2023-04-17 15:44:16.276","VERSION":4,"JSON":"a_1mek_mako-builddata-json-160.blob","JSONLENGTH":3425,"BUILDID":173,"JOBID":3,"BUILDNUMBER":9},{"ID":231,"CREATIONDATE":"2023-04-17 17:36:44.557","MODIFICATIONDATE":"2023-04-17 17:37:31.817","VERSION":5,"JSON":"a_1mek_mako-builddata-json-161.blob","JSONLENGTH":1990,"BUILDID":201,"JOBID":102,"BUILDNUMBER":16},{"ID":232,"CREATIONDATE":"2023-04-17 17:37:32.258","MODIFICATIONDATE":"2023-04-17 17:38:01.847","VERSION":5,"JSON":"a_1mek_mako-builddata-json-162.blob","JSONLENGTH":2380,"BUILDID":202,"JOBID":101,"BUILDNUMBER":18},{"ID":211,"CREATIONDATE":"2023-04-17 17:38:04.124","MODIFICATIONDATE":"2023-04-17 17:38:29.054","VERSION":5,"JSON":"a_1mek_mako-builddata-json-163.blob","JSONLENGTH":2727,"BUILDID":200,"JOBID":103,"BUILDNUMBER":2},{"ID":233,"CREATIONDATE":"2023-04-17 17:38:29.996","MODIFICATIONDATE":"2023-04-17 17:38:55.375","VERSION":5,"JSON":"a_1mek_mako-builddata-json-164.blob","JSONLENGTH":3089,"BUILDID":203,"JOBID":121,"BUILDNUMBER":3},{"ID":234,"CREATIONDATE":"2023-04-17 17:38:55.865","MODIFICATIONDATE":"2023-04-17 17:39:18.754","VERSION":4,"JSON":"a_1mek_mako-builddata-json-165.blob","JSONLENGTH":3511,"BUILDID":204,"JOBID":3,"BUILDNUMBER":10},{"ID":212,"CREATIONDATE":"2023-04-17 20:23:16.026","MODIFICATIONDATE":"2023-04-17 20:26:11.615","VERSION":4,"JSON":"a_1mek_mako-builddata-json-166.blob","JSONLENGTH":1506,"BUILDID":221,"JOBID":1,"BUILDNUMBER":31},{"ID":213,"CREATIONDATE":"2023-04-17 20:26:12.108","MODIFICATIONDATE":"2023-04-17 20:26:55.574","VERSION":5,"JSON":"a_1mek_mako-builddata-json-167.blob","JSONLENGTH":2023,"BUILDID":222,"JOBID":122,"BUILDNUMBER":1},{"ID":222,"CREATIONDATE":"2023-04-17 15:43:02.591","MODIFICATIONDATE":"2023-04-17 15:43:27.78","VERSION":5,"JSON":"a_1mek_mako-builddata-json-168.blob","JSONLENGTH":2714,"BUILDID":172,"JOBID":22,"BUILDNUMBER":9},{"ID":241,"CREATIONDATE":"2023-04-17 20:34:00.531","MODIFICATIONDATE":"2023-04-17 20:34:23.992","VERSION":4,"JSON":"a_1mek_mako-builddata-json-169.blob","JSONLENGTH":1506,"BUILDID":205,"JOBID":1,"BUILDNUMBER":32},{"ID":242,"CREATIONDATE":"2023-04-17 20:34:24.468","MODIFICATIONDATE":"2023-04-17 20:34:58.644","VERSION":5,"JSON":"a_1mek_mako-builddata-json-170.blob","JSONLENGTH":2048,"BUILDID":206,"JOBID":122,"BUILDNUMBER":2},{"ID":225,"CREATIONDATE":"2023-04-17 16:58:23.784","MODIFICATIONDATE":"2023-04-17 16:58:46.406","VERSION":4,"JSON":"a_1mek_mako-builddata-json-171.blob","JSONLENGTH":1458,"BUILDID":175,"JOBID":1,"BUILDNUMBER":29},{"ID":226,"CREATIONDATE":"2023-04-17 16:58:46.945","MODIFICATIONDATE":"2023-04-17 16:59:24.438","VERSION":5,"JSON":"a_1mek_mako-builddata-json-172.blob","JSONLENGTH":1990,"BUILDID":176,"JOBID":102,"BUILDNUMBER":15},{"ID":229,"CREATIONDATE":"2023-04-17 17:31:42.64","MODIFICATIONDATE":"2023-04-17 17:36:20.267","VERSION":5,"JSON":"a_1mek_mako-builddata-json-173.blob","JSONLENGTH":1093,"BUILDID":179,"JOBID":121,"BUILDNUMBER":2},{"ID":230,"CREATIONDATE":"2023-04-17 17:32:14.061","MODIFICATIONDATE":"2023-04-17 17:36:44.068","VERSION":4,"JSON":"a_1mek_mako-builddata-json-174.blob","JSONLENGTH":1458,"BUILDID":180,"JOBID":1,"BUILDNUMBER":30},{"ID":224,"CREATIONDATE":"2023-04-17 16:30:46.105","MODIFICATIONDATE":"2023-04-17 16:31:10.583","VERSION":5,"JSON":"a_1mek_mako-builddata-json-175.blob","JSONLENGTH":2716,"BUILDID":174,"JOBID":22,"BUILDNUMBER":10},{"ID":227,"CREATIONDATE":"2023-04-17 16:59:25.036","MODIFICATIONDATE":"2023-04-17 16:59:51.996","VERSION":5,"JSON":"a_1mek_mako-builddata-json-176.blob","JSONLENGTH":2380,"BUILDID":177,"JOBID":101,"BUILDNUMBER":17},{"ID":228,"CREATIONDATE":"2023-04-17 16:59:52.708","MODIFICATIONDATE":"2023-04-17 17:00:16.183","VERSION":5,"JSON":"a_1mek_mako-builddata-json-177.blob","JSONLENGTH":2698,"BUILDID":178,"JOBID":103,"BUILDNUMBER":1},{"ID":262,"CREATIONDATE":"2023-04-18 06:45:17.92","MODIFICATIONDATE":"2023-04-18 06:46:05.939","VERSION":5,"JSON":"a_1mek_mako-builddata-json-178.blob","JSONLENGTH":2038,"BUILDID":242,"JOBID":122,"BUILDNUMBER":4},{"ID":264,"CREATIONDATE":"2023-04-18 06:46:59.118","MODIFICATIONDATE":"2023-04-18 06:47:22.294","VERSION":4,"JSON":"a_1mek_mako-builddata-json-179.blob","JSONLENGTH":3200,"BUILDID":244,"JOBID":3,"BUILDNUMBER":12},{"ID":302,"CREATIONDATE":"2023-04-18 10:59:34.425","MODIFICATIONDATE":"2023-04-18 10:59:59.175","VERSION":5,"JSON":"a_1mek_mako-builddata-json-180.blob","JSONLENGTH":2408,"BUILDID":246,"JOBID":141,"BUILDNUMBER":1},{"ID":309,"CREATIONDATE":"2023-04-18 11:52:24.057","MODIFICATIONDATE":"2023-04-18 11:52:46.772","VERSION":4,"JSON":"a_1mek_mako-builddata-json-181.blob","JSONLENGTH":3553,"BUILDID":253,"JOBID":3,"BUILDNUMBER":13},{"ID":341,"CREATIONDATE":"2023-04-19 12:12:47.665","MODIFICATIONDATE":"2023-04-19 12:13:39.471","VERSION":5,"JSON":"a_1mek_mako-builddata-json-182.blob","JSONLENGTH":1993,"BUILDID":301,"JOBID":163,"BUILDNUMBER":1},{"ID":214,"CREATIONDATE":"2023-04-17 20:41:40.757","MODIFICATIONDATE":"2023-04-17 20:42:04.353","VERSION":4,"JSON":"a_1mek_mako-builddata-json-183.blob","JSONLENGTH":1506,"BUILDID":223,"JOBID":1,"BUILDNUMBER":33},{"ID":261,"CREATIONDATE":"2023-04-18 06:42:35.336","MODIFICATIONDATE":"2023-04-18 06:45:16.37","VERSION":4,"JSON":"a_1mek_mako-builddata-json-184.blob","JSONLENGTH":1506,"BUILDID":241,"JOBID":1,"BUILDNUMBER":34},{"ID":263,"CREATIONDATE":"2023-04-18 06:46:32.154","MODIFICATIONDATE":"2023-04-18 06:46:58.242","VERSION":5,"JSON":"a_1mek_mako-builddata-json-185.blob","JSONLENGTH":2776,"BUILDID":243,"JOBID":121,"BUILDNUMBER":5},{"ID":345,"CREATIONDATE":"2023-04-19 12:27:12.991","MODIFICATIONDATE":"2023-04-19 12:27:35.25","VERSION":4,"JSON":"a_1mek_mako-builddata-json-186.blob","JSONLENGTH":1473,"BUILDID":305,"JOBID":1,"BUILDNUMBER":43},{"ID":301,"CREATIONDATE":"2023-04-18 10:55:49.449","MODIFICATIONDATE":"2023-04-18 10:58:38.702","VERSION":4,"JSON":"a_1mek_mako-builddata-json-187.blob","JSONLENGTH":1506,"BUILDID":245,"JOBID":1,"BUILDNUMBER":35},{"ID":342,"CREATIONDATE":"2023-04-19 12:13:39.963","MODIFICATIONDATE":"2023-04-19 12:14:06.003","VERSION":5,"JSON":"a_1mek_mako-builddata-json-188.blob","JSONLENGTH":2369,"BUILDID":302,"JOBID":164,"BUILDNUMBER":1},{"ID":343,"CREATIONDATE":"2023-04-19 12:19:13.962","MODIFICATIONDATE":"2023-04-19 12:19:50.93","VERSION":5,"JSON":"a_1mek_mako-builddata-json-189.blob","JSONLENGTH":2018,"BUILDID":303,"JOBID":163,"BUILDNUMBER":2},{"ID":305,"CREATIONDATE":"2023-04-18 11:45:55.405","MODIFICATIONDATE":"2023-04-18 11:46:26.104","VERSION":5,"JSON":"a_1mek_mako-builddata-json-190.blob","JSONLENGTH":2447,"BUILDID":249,"JOBID":104,"BUILDNUMBER":4},{"ID":306,"CREATIONDATE":"2023-04-18 11:49:59.624","MODIFICATIONDATE":"2023-04-18 11:50:22.858","VERSION":4,"JSON":"a_1mek_mako-builddata-json-191.blob","JSONLENGTH":1506,"BUILDID":250,"JOBID":1,"BUILDNUMBER":40},{"ID":308,"CREATIONDATE":"2023-04-18 11:51:32.361","MODIFICATIONDATE":"2023-04-18 11:51:56.405","VERSION":5,"JSON":"a_1mek_mako-builddata-json-192.blob","JSONLENGTH":2760,"BUILDID":252,"JOBID":141,"BUILDNUMBER":2},{"ID":325,"CREATIONDATE":"2023-04-19 12:20:43.064","MODIFICATIONDATE":"2023-04-19 12:21:09.223","VERSION":5,"JSON":"a_1mek_mako-builddata-json-193.blob","JSONLENGTH":3115,"BUILDID":285,"JOBID":166,"BUILDNUMBER":1},{"ID":344,"CREATIONDATE":"2023-04-19 12:21:09.968","MODIFICATIONDATE":"2023-04-19 12:21:33.497","VERSION":4,"JSON":"a_1mek_mako-builddata-json-194.blob","JSONLENGTH":3523,"BUILDID":304,"JOBID":3,"BUILDNUMBER":14},{"ID":326,"CREATIONDATE":"2023-04-19 12:27:35.885","MODIFICATIONDATE":"2023-04-19 12:28:12.446","VERSION":5,"JSON":"a_1mek_mako-builddata-json-195.blob","JSONLENGTH":2018,"BUILDID":286,"JOBID":163,"BUILDNUMBER":3},{"ID":327,"CREATIONDATE":"2023-04-19 12:28:12.919","MODIFICATIONDATE":"2023-04-19 12:28:39.898","VERSION":5,"JSON":"a_1mek_mako-builddata-json-196.blob","JSONLENGTH":2398,"BUILDID":287,"JOBID":164,"BUILDNUMBER":3},{"ID":328,"CREATIONDATE":"2023-04-19 12:28:40.428","MODIFICATIONDATE":"2023-04-19 12:29:04.259","VERSION":5,"JSON":"a_1mek_mako-builddata-json-197.blob","JSONLENGTH":2753,"BUILDID":288,"JOBID":165,"BUILDNUMBER":2},{"ID":303,"CREATIONDATE":"2023-04-18 11:21:49.679","MODIFICATIONDATE":"2023-04-18 11:22:27.759","VERSION":5,"JSON":"a_1mek_mako-builddata-json-198.blob","JSONLENGTH":2052,"BUILDID":247,"JOBID":122,"BUILDNUMBER":8},{"ID":304,"CREATIONDATE":"2023-04-18 11:22:28.326","MODIFICATIONDATE":"2023-04-18 11:22:54.367","VERSION":5,"JSON":"a_1mek_mako-builddata-json-199.blob","JSONLENGTH":2445,"BUILDID":248,"JOBID":104,"BUILDNUMBER":3},{"ID":307,"CREATIONDATE":"2023-04-18 11:51:02.323","MODIFICATIONDATE":"2023-04-18 11:51:31.739","VERSION":5,"JSON":"a_1mek_mako-builddata-json-200.blob","JSONLENGTH":2454,"BUILDID":251,"JOBID":104,"BUILDNUMBER":5},{"ID":282,"CREATIONDATE":"2023-04-18 10:58:39.744","MODIFICATIONDATE":"2023-04-18 10:59:33.511","VERSION":5,"JSON":"a_1mek_mako-builddata-json-201.blob","JSONLENGTH":2038,"BUILDID":262,"JOBID":122,"BUILDNUMBER":5},{"ID":283,"CREATIONDATE":"2023-04-18 11:04:09.681","MODIFICATIONDATE":"2023-04-18 11:04:33.148","VERSION":4,"JSON":"a_1mek_mako-builddata-json-202.blob","JSONLENGTH":1506,"BUILDID":263,"JOBID":1,"BUILDNUMBER":36},{"ID":293,"CREATIONDATE":"2023-04-18 11:51:57.153","MODIFICATIONDATE":"2023-04-18 11:52:22.914","VERSION":5,"JSON":"a_1mek_mako-builddata-json-203.blob","JSONLENGTH":3132,"BUILDID":273,"JOBID":142,"BUILDNUMBER":1},{"ID":245,"CREATIONDATE":"2023-04-17 20:43:10.796","MODIFICATIONDATE":"2023-04-17 20:43:36.256","VERSION":5,"JSON":"a_1mek_mako-builddata-json-204.blob","JSONLENGTH":2790,"BUILDID":209,"JOBID":121,"BUILDNUMBER":4},{"ID":321,"CREATIONDATE":"2023-04-19 12:10:06.969","MODIFICATIONDATE":"2023-04-19 12:12:46.456","VERSION":4,"JSON":"a_1mek_mako-builddata-json-205.blob","JSONLENGTH":1473,"BUILDID":281,"JOBID":1,"BUILDNUMBER":41},{"ID":322,"CREATIONDATE":"2023-04-19 12:18:50.523","MODIFICATIONDATE":"2023-04-19 12:19:13.367","VERSION":4,"JSON":"a_1mek_mako-builddata-json-206.blob","JSONLENGTH":1473,"BUILDID":282,"JOBID":1,"BUILDNUMBER":42},{"ID":323,"CREATIONDATE":"2023-04-19 12:19:51.54","MODIFICATIONDATE":"2023-04-19 12:20:18.25","VERSION":5,"JSON":"a_1mek_mako-builddata-json-207.blob","JSONLENGTH":2398,"BUILDID":283,"JOBID":164,"BUILDNUMBER":2},{"ID":324,"CREATIONDATE":"2023-04-19 12:20:18.724","MODIFICATIONDATE":"2023-04-19 12:20:42.589","VERSION":5,"JSON":"a_1mek_mako-builddata-json-208.blob","JSONLENGTH":2728,"BUILDID":284,"JOBID":165,"BUILDNUMBER":1},{"ID":281,"CREATIONDATE":"2023-04-18 06:46:06.631","MODIFICATIONDATE":"2023-04-18 06:46:31.504","VERSION":5,"JSON":"a_1mek_mako-builddata-json-209.blob","JSONLENGTH":2435,"BUILDID":261,"JOBID":103,"BUILDNUMBER":4},{"ID":284,"CREATIONDATE":"2023-04-18 11:04:33.959","MODIFICATIONDATE":"2023-04-18 11:05:11.677","VERSION":5,"JSON":"a_1mek_mako-builddata-json-210.blob","JSONLENGTH":2038,"BUILDID":264,"JOBID":122,"BUILDNUMBER":6},{"ID":285,"CREATIONDATE":"2023-04-18 11:05:12.403","MODIFICATIONDATE":"2023-04-18 11:05:39.218","VERSION":5,"JSON":"a_1mek_mako-builddata-json-211.blob","JSONLENGTH":2420,"BUILDID":265,"JOBID":104,"BUILDNUMBER":1},{"ID":243,"CREATIONDATE":"2023-04-17 20:42:05.483","MODIFICATIONDATE":"2023-04-17 20:42:45.11","VERSION":5,"JSON":"a_1mek_mako-builddata-json-212.blob","JSONLENGTH":2052,"BUILDID":207,"JOBID":122,"BUILDNUMBER":3},{"ID":244,"CREATIONDATE":"2023-04-17 20:42:45.762","MODIFICATIONDATE":"2023-04-17 20:43:10.146","VERSION":5,"JSON":"a_1mek_mako-builddata-json-213.blob","JSONLENGTH":2435,"BUILDID":208,"JOBID":103,"BUILDNUMBER":3},{"ID":286,"CREATIONDATE":"2023-04-18 11:08:43.586","MODIFICATIONDATE":"2023-04-18 11:09:06.518","VERSION":4,"JSON":"a_1mek_mako-builddata-json-214.blob","JSONLENGTH":1506,"BUILDID":266,"JOBID":1,"BUILDNUMBER":37},{"ID":287,"CREATIONDATE":"2023-04-18 11:09:07.301","MODIFICATIONDATE":"2023-04-18 11:09:46.632","VERSION":5,"JSON":"a_1mek_mako-builddata-json-215.blob","JSONLENGTH":2052,"BUILDID":267,"JOBID":122,"BUILDNUMBER":7},{"ID":288,"CREATIONDATE":"2023-04-18 11:09:47.257","MODIFICATIONDATE":"2023-04-18 11:10:19.119","VERSION":5,"JSON":"a_1mek_mako-builddata-json-216.blob","JSONLENGTH":2447,"BUILDID":268,"JOBID":104,"BUILDNUMBER":2},{"ID":289,"CREATIONDATE":"2023-04-18 11:21:26.857","MODIFICATIONDATE":"2023-04-18 11:21:49.144","VERSION":4,"JSON":"a_1mek_mako-builddata-json-217.blob","JSONLENGTH":1506,"BUILDID":269,"JOBID":1,"BUILDNUMBER":38},{"ID":290,"CREATIONDATE":"2023-04-18 11:44:52.703","MODIFICATIONDATE":"2023-04-18 11:45:16.131","VERSION":4,"JSON":"a_1mek_mako-builddata-json-218.blob","JSONLENGTH":1506,"BUILDID":270,"JOBID":1,"BUILDNUMBER":39},{"ID":246,"CREATIONDATE":"2023-04-17 20:43:36.854","MODIFICATIONDATE":"2023-04-17 20:44:01.534","VERSION":4,"JSON":"a_1mek_mako-builddata-json-219.blob","JSONLENGTH":3200,"BUILDID":210,"JOBID":3,"BUILDNUMBER":11},{"ID":291,"CREATIONDATE":"2023-04-18 11:45:16.821","MODIFICATIONDATE":"2023-04-18 11:45:54.662","VERSION":5,"JSON":"a_1mek_mako-builddata-json-220.blob","JSONLENGTH":2052,"BUILDID":271,"JOBID":122,"BUILDNUMBER":9},{"ID":292,"CREATIONDATE":"2023-04-18 11:50:23.664","MODIFICATIONDATE":"2023-04-18 11:51:01.615","VERSION":5,"JSON":"a_1mek_mako-builddata-json-221.blob","JSONLENGTH":2054,"BUILDID":272,"JOBID":122,"BUILDNUMBER":10},{"ID":346,"CREATIONDATE":"2023-04-19 12:29:04.772","MODIFICATIONDATE":"2023-04-19 12:29:31.762","VERSION":5,"JSON":"a_1mek_mako-builddata-json-222.blob","JSONLENGTH":3140,"BUILDID":306,"JOBID":166,"BUILDNUMBER":2},{"ID":347,"CREATIONDATE":"2023-04-19 12:29:32.363","MODIFICATIONDATE":"2023-04-19 12:29:54.667","VERSION":4,"JSON":"a_1mek_mako-builddata-json-223.blob","JSONLENGTH":3523,"BUILDID":307,"JOBID":3,"BUILDNUMBER":15},{"ID":349,"CREATIONDATE":"2023-04-19 12:54:49.231","MODIFICATIONDATE":"2023-04-19 12:55:26.028","VERSION":5,"JSON":"a_1mek_mako-builddata-json-224.blob","JSONLENGTH":1993,"BUILDID":309,"JOBID":181,"BUILDNUMBER":1},{"ID":329,"CREATIONDATE":"2023-04-19 12:55:27.031","MODIFICATIONDATE":"2023-04-19 12:55:55.469","VERSION":5,"JSON":"a_1mek_mako-builddata-json-225.blob","JSONLENGTH":2383,"BUILDID":289,"JOBID":182,"BUILDNUMBER":1},{"ID":404,"CREATIONDATE":"2023-04-25 13:10:55.359","MODIFICATIONDATE":"2023-04-25 13:11:18.606","VERSION":4,"JSON":"a_1mek_mako-builddata-json-226.blob","JSONLENGTH":1494,"BUILDID":364,"JOBID":1,"BUILDNUMBER":48},{"ID":348,"CREATIONDATE":"2023-04-19 12:54:24.583","MODIFICATIONDATE":"2023-04-19 12:54:48.079","VERSION":4,"JSON":"a_1mek_mako-builddata-json-227.blob","JSONLENGTH":1476,"BUILDID":308,"JOBID":1,"BUILDNUMBER":44},{"ID":351,"CREATIONDATE":"2023-04-19 12:56:21.211","MODIFICATIONDATE":"2023-04-19 12:56:46.44","VERSION":5,"JSON":"a_1mek_mako-builddata-json-228.blob","JSONLENGTH":3130,"BUILDID":311,"JOBID":184,"BUILDNUMBER":1},{"ID":350,"CREATIONDATE":"2023-04-19 12:55:56.179","MODIFICATIONDATE":"2023-04-19 12:56:20.635","VERSION":5,"JSON":"a_1mek_mako-builddata-json-229.blob","JSONLENGTH":2744,"BUILDID":310,"JOBID":183,"BUILDNUMBER":1},{"ID":352,"CREATIONDATE":"2023-04-19 12:56:46.963","MODIFICATIONDATE":"2023-04-19 12:57:09.463","VERSION":4,"JSON":"a_1mek_mako-builddata-json-230.blob","JSONLENGTH":3539,"BUILDID":312,"JOBID":3,"BUILDNUMBER":16},{"ID":361,"CREATIONDATE":"2023-04-20 07:07:33.615","MODIFICATIONDATE":"2023-04-20 07:10:25.135","VERSION":4,"JSON":"a_1mek_mako-builddata-json-231.blob","JSONLENGTH":1329,"BUILDID":321,"JOBID":1,"BUILDNUMBER":45},{"ID":402,"CREATIONDATE":"2023-04-25 12:28:42.289","MODIFICATIONDATE":"2023-04-25 12:29:33.023","VERSION":5,"JSON":"a_1mek_mako-builddata-json-232.blob","JSONLENGTH":2034,"BUILDID":362,"JOBID":2,"BUILDNUMBER":39},{"ID":401,"CREATIONDATE":"2023-04-25 12:25:54.398","MODIFICATIONDATE":"2023-04-25 12:28:41.334","VERSION":4,"JSON":"a_1mek_mako-builddata-json-233.blob","JSONLENGTH":1494,"BUILDID":361,"JOBID":1,"BUILDNUMBER":46},{"ID":405,"CREATIONDATE":"2023-04-25 13:11:19.099","MODIFICATIONDATE":"2023-04-25 13:11:54.9","VERSION":5,"JSON":"a_1mek_mako-builddata-json-234.blob","JSONLENGTH":2020,"BUILDID":365,"JOBID":2,"BUILDNUMBER":41},{"ID":406,"CREATIONDATE":"2023-04-25 13:15:29.782","MODIFICATIONDATE":"2023-04-25 13:16:06.365","VERSION":5,"JSON":"a_1mek_mako-builddata-json-235.blob","JSONLENGTH":2020,"BUILDID":366,"JOBID":2,"BUILDNUMBER":42},{"ID":421,"CREATIONDATE":"2023-04-25 12:39:30.662","MODIFICATIONDATE":"2023-04-25 12:39:53.782","VERSION":4,"JSON":"a_1mek_mako-builddata-json-236.blob","JSONLENGTH":1494,"BUILDID":381,"JOBID":1,"BUILDNUMBER":47},{"ID":422,"CREATIONDATE":"2023-04-25 12:39:54.438","MODIFICATIONDATE":"2023-04-25 12:40:32.048","VERSION":5,"JSON":"a_1mek_mako-builddata-json-237.blob","JSONLENGTH":2020,"BUILDID":382,"JOBID":2,"BUILDNUMBER":40},{"ID":423,"CREATIONDATE":"2023-04-25 12:40:32.551","MODIFICATIONDATE":"2023-04-25 12:40:57.773","VERSION":5,"JSON":"a_1mek_mako-builddata-json-238.blob","JSONLENGTH":2462,"BUILDID":383,"JOBID":21,"BUILDNUMBER":20},{"ID":424,"CREATIONDATE":"2023-04-25 13:11:55.504","MODIFICATIONDATE":"2023-04-25 13:12:27.49","VERSION":5,"JSON":"a_1mek_mako-builddata-json-239.blob","JSONLENGTH":2454,"BUILDID":384,"JOBID":21,"BUILDNUMBER":21},{"ID":425,"CREATIONDATE":"2023-04-25 13:12:28.012","MODIFICATIONDATE":"2023-04-25 13:12:50.141","VERSION":5,"JSON":"a_1mek_mako-builddata-json-240.blob","JSONLENGTH":2781,"BUILDID":385,"JOBID":22,"BUILDNUMBER":11},{"ID":426,"CREATIONDATE":"2023-04-25 13:15:07.07","MODIFICATIONDATE":"2023-04-25 13:15:29.213","VERSION":4,"JSON":"a_1mek_mako-builddata-json-241.blob","JSONLENGTH":1494,"BUILDID":386,"JOBID":1,"BUILDNUMBER":49},{"ID":403,"CREATIONDATE":"2023-04-25 12:29:34.097","MODIFICATIONDATE":"2023-04-25 12:30:02.789","VERSION":5,"JSON":"a_1mek_mako-builddata-json-242.blob","JSONLENGTH":2402,"BUILDID":363,"JOBID":21,"BUILDNUMBER":19},{"ID":427,"CREATIONDATE":"2023-04-25 13:16:06.798","MODIFICATIONDATE":"2023-04-25 13:16:36.187","VERSION":5,"JSON":"a_1mek_mako-builddata-json-243.blob","JSONLENGTH":2452,"BUILDID":387,"JOBID":21,"BUILDNUMBER":22},{"ID":428,"CREATIONDATE":"2023-04-25 13:16:36.648","MODIFICATIONDATE":"2023-04-25 13:17:00.301","VERSION":5,"JSON":"a_1mek_mako-builddata-json-244.blob","JSONLENGTH":2785,"BUILDID":388,"JOBID":22,"BUILDNUMBER":12},{"ID":443,"CREATIONDATE":"2023-04-26 04:49:48.289","MODIFICATIONDATE":"2023-04-26 04:50:36.776","VERSION":5,"JSON":"a_1mek_mako-builddata-json-245.blob","JSONLENGTH":2020,"BUILDID":403,"JOBID":2,"BUILDNUMBER":44},{"ID":447,"CREATIONDATE":"2023-04-26 04:51:59.018","MODIFICATIONDATE":"2023-04-26 04:52:21.219","VERSION":4,"JSON":"a_1mek_mako-builddata-json-246.blob","JSONLENGTH":3590,"BUILDID":407,"JOBID":3,"BUILDNUMBER":19},{"ID":462,"CREATIONDATE":"2023-04-27 12:29:18.799","MODIFICATIONDATE":"2023-04-27 12:30:04.665","VERSION":5,"JSON":"a_1mek_mako-builddata-json-247.blob","JSONLENGTH":2020,"BUILDID":422,"JOBID":2,"BUILDNUMBER":45},{"ID":444,"CREATIONDATE":"2023-04-26 04:50:37.571","MODIFICATIONDATE":"2023-04-26 04:51:06.922","VERSION":5,"JSON":"a_1mek_mako-builddata-json-248.blob","JSONLENGTH":2452,"BUILDID":404,"JOBID":21,"BUILDNUMBER":24},{"ID":445,"CREATIONDATE":"2023-04-26 04:51:07.437","MODIFICATIONDATE":"2023-04-26 04:51:31.617","VERSION":5,"JSON":"a_1mek_mako-builddata-json-249.blob","JSONLENGTH":2785,"BUILDID":405,"JOBID":22,"BUILDNUMBER":14},{"ID":446,"CREATIONDATE":"2023-04-26 04:51:32.155","MODIFICATIONDATE":"2023-04-26 04:51:58.505","VERSION":5,"JSON":"a_1mek_mako-builddata-json-250.blob","JSONLENGTH":3173,"BUILDID":406,"JOBID":23,"BUILDNUMBER":12},{"ID":461,"CREATIONDATE":"2023-04-27 12:26:43.14","MODIFICATIONDATE":"2023-04-27 12:29:18.288","VERSION":4,"JSON":"a_1mek_mako-builddata-json-251.blob","JSONLENGTH":1494,"BUILDID":421,"JOBID":1,"BUILDNUMBER":53},{"ID":463,"CREATIONDATE":"2023-04-27 12:30:05.172","MODIFICATIONDATE":"2023-04-27 12:30:35.231","VERSION":5,"JSON":"a_1mek_mako-builddata-json-252.blob","JSONLENGTH":2452,"BUILDID":423,"JOBID":21,"BUILDNUMBER":25},{"ID":430,"CREATIONDATE":"2023-04-25 14:14:46.729","MODIFICATIONDATE":"2023-04-25 14:17:31.878","VERSION":4,"JSON":"a_1mek_mako-builddata-json-253.blob","JSONLENGTH":1494,"BUILDID":390,"JOBID":1,"BUILDNUMBER":50},{"ID":408,"CREATIONDATE":"2023-04-25 14:17:32.604","MODIFICATIONDATE":"2023-04-25 14:18:18.082","VERSION":5,"JSON":"a_1mek_mako-builddata-json-254.blob","JSONLENGTH":2020,"BUILDID":368,"JOBID":2,"BUILDNUMBER":43},{"ID":431,"CREATIONDATE":"2023-04-25 14:18:18.589","MODIFICATIONDATE":"2023-04-25 14:18:48.3","VERSION":5,"JSON":"a_1mek_mako-builddata-json-255.blob","JSONLENGTH":2452,"BUILDID":391,"JOBID":21,"BUILDNUMBER":23},{"ID":429,"CREATIONDATE":"2023-04-25 13:17:26.142","MODIFICATIONDATE":"2023-04-25 13:17:48.088","VERSION":4,"JSON":"a_1mek_mako-builddata-json-256.blob","JSONLENGTH":3590,"BUILDID":389,"JOBID":3,"BUILDNUMBER":17},{"ID":409,"CREATIONDATE":"2023-04-25 14:18:48.765","MODIFICATIONDATE":"2023-04-25 14:19:13.287","VERSION":5,"JSON":"a_1mek_mako-builddata-json-257.blob","JSONLENGTH":2785,"BUILDID":369,"JOBID":22,"BUILDNUMBER":13},{"ID":432,"CREATIONDATE":"2023-04-25 14:19:13.811","MODIFICATIONDATE":"2023-04-25 14:19:39.842","VERSION":5,"JSON":"a_1mek_mako-builddata-json-258.blob","JSONLENGTH":3173,"BUILDID":392,"JOBID":23,"BUILDNUMBER":11},{"ID":410,"CREATIONDATE":"2023-04-25 14:19:40.436","MODIFICATIONDATE":"2023-04-25 14:20:04.318","VERSION":4,"JSON":"a_1mek_mako-builddata-json-259.blob","JSONLENGTH":3590,"BUILDID":370,"JOBID":3,"BUILDNUMBER":18},{"ID":407,"CREATIONDATE":"2023-04-25 13:17:00.966","MODIFICATIONDATE":"2023-04-25 13:17:25.684","VERSION":5,"JSON":"a_1mek_mako-builddata-json-260.blob","JSONLENGTH":3185,"BUILDID":367,"JOBID":23,"BUILDNUMBER":10},{"ID":441,"CREATIONDATE":"2023-04-26 04:47:49.646","MODIFICATIONDATE":"2023-04-26 04:48:04.537","VERSION":3,"JSON":"a_1mek_mako-builddata-json-261.blob","JSONLENGTH":1478,"BUILDID":401,"JOBID":1,"BUILDNUMBER":51},{"ID":442,"CREATIONDATE":"2023-04-26 04:49:22.045","MODIFICATIONDATE":"2023-04-26 04:49:47.583","VERSION":4,"JSON":"a_1mek_mako-builddata-json-262.blob","JSONLENGTH":1494,"BUILDID":402,"JOBID":1,"BUILDNUMBER":52},{"ID":464,"CREATIONDATE":"2023-04-27 12:30:35.824","MODIFICATIONDATE":"2023-04-27 12:30:59.76","VERSION":5,"JSON":"a_1mek_mako-builddata-json-263.blob","JSONLENGTH":2785,"BUILDID":424,"JOBID":22,"BUILDNUMBER":15},{"ID":467,"CREATIONDATE":"2023-04-27 12:36:20.808","MODIFICATIONDATE":"2023-04-27 12:36:56.293","VERSION":5,"JSON":"a_1mek_mako-builddata-json-264.blob","JSONLENGTH":2020,"BUILDID":427,"JOBID":2,"BUILDNUMBER":46},{"ID":465,"CREATIONDATE":"2023-04-27 12:31:00.348","MODIFICATIONDATE":"2023-04-27 12:31:25.167","VERSION":5,"JSON":"a_1mek_mako-builddata-json-265.blob","JSONLENGTH":3173,"BUILDID":425,"JOBID":23,"BUILDNUMBER":13},{"ID":466,"CREATIONDATE":"2023-04-27 12:31:25.617","MODIFICATIONDATE":"2023-04-27 12:31:48.535","VERSION":4,"JSON":"a_1mek_mako-builddata-json-266.blob","JSONLENGTH":3590,"BUILDID":426,"JOBID":3,"BUILDNUMBER":20},{"ID":468,"CREATIONDATE":"2023-04-27 12:37:29.599","MODIFICATIONDATE":"2023-04-27 12:37:53.914","VERSION":5,"JSON":"a_1mek_mako-builddata-json-267.blob","JSONLENGTH":2785,"BUILDID":428,"JOBID":22,"BUILDNUMBER":16},{"ID":469,"CREATIONDATE":"2023-04-27 12:38:21.522","MODIFICATIONDATE":"2023-04-27 12:38:43.644","VERSION":4,"JSON":"a_1mek_mako-builddata-json-268.blob","JSONLENGTH":3590,"BUILDID":429,"JOBID":3,"BUILDNUMBER":21},{"ID":481,"CREATIONDATE":"2023-04-27 12:35:55.955","MODIFICATIONDATE":"2023-04-27 12:36:19.72","VERSION":4,"JSON":"a_1mek_mako-builddata-json-269.blob","JSONLENGTH":1494,"BUILDID":441,"JOBID":1,"BUILDNUMBER":54},{"ID":482,"CREATIONDATE":"2023-04-27 12:36:57.147","MODIFICATIONDATE":"2023-04-27 12:37:28.92","VERSION":5,"JSON":"a_1mek_mako-builddata-json-270.blob","JSONLENGTH":2452,"BUILDID":442,"JOBID":21,"BUILDNUMBER":26},{"ID":483,"CREATIONDATE":"2023-04-27 12:37:54.589","MODIFICATIONDATE":"2023-04-27 12:38:20.172","VERSION":5,"JSON":"a_1mek_mako-builddata-json-271.blob","JSONLENGTH":3173,"BUILDID":443,"JOBID":23,"BUILDNUMBER":14}]