[{"ID":1,"CREATIONDATE":"2023-04-13 09:36:39.639","MODIFICATIONDATE":"2023-04-13 09:36:39.639","VERSION":1,"JSON":"a_1mek_mako-build-json-1.blob","JOBID":1,"BUILDNUMBER":1,"JSONLENGTH":2993},{"ID":2,"CREATIONDATE":"2023-04-13 09:39:35.334","MODIFICATIONDATE":"2023-04-13 09:39:35.334","VERSION":1,"JSON":"a_1mek_mako-build-json-2.blob","JOBID":2,"BUILDNUMBER":1,"JSONLENGTH":6436},{"ID":3,"CREATIONDATE":"2023-04-13 09:48:12.996","MODIFICATIONDATE":"2023-04-13 09:48:12.996","VERSION":1,"JSON":"a_1mek_mako-build-json-3.blob","JOBID":2,"BUILDNUMBER":2,"JSONLENGTH":6434},{"ID":4,"CREATIONDATE":"2023-04-13 09:50:10.36","MODIFICATIONDATE":"2023-04-13 09:50:10.36","VERSION":1,"JSON":"a_1mek_mako-build-json-4.blob","JOBID":2,"BUILDNUMBER":3,"JSONLENGTH":6430},{"ID":23,"CREATIONDATE":"2023-04-13 10:44:44.446","MODIFICATIONDATE":"2023-04-13 10:44:44.446","VERSION":1,"JSON":"a_1mek_mako-build-json-5.blob","JOBID":2,"BUILDNUMBER":6,"JSONLENGTH":6430},{"ID":25,"CREATIONDATE":"2023-04-13 11:00:40.164","MODIFICATIONDATE":"2023-04-13 11:00:40.164","VERSION":1,"JSON":"a_1mek_mako-build-json-6.blob","JOBID":2,"BUILDNUMBER":8,"JSONLENGTH":7187},{"ID":5,"CREATIONDATE":"2023-04-13 11:02:58.784","MODIFICATIONDATE":"2023-04-13 11:02:58.784","VERSION":1,"JSON":"a_1mek_mako-build-json-7.blob","JOBID":2,"BUILDNUMBER":9,"JSONLENGTH":7187},{"ID":6,"CREATIONDATE":"2023-04-13 11:07:11.725","MODIFICATIONDATE":"2023-04-13 11:07:11.725","VERSION":1,"JSON":"a_1mek_mako-build-json-8.blob","JOBID":2,"BUILDNUMBER":10,"JSONLENGTH":7187},{"ID":7,"CREATIONDATE":"2023-04-13 11:13:08.854","MODIFICATIONDATE":"2023-04-13 11:13:08.854","VERSION":1,"JSON":"a_1mek_mako-build-json-9.blob","JOBID":2,"BUILDNUMBER":12,"JSONLENGTH":7187},{"ID":48,"CREATIONDATE":"2023-04-14 06:24:04.536","MODIFICATIONDATE":"2023-04-14 06:24:04.536","VERSION":1,"JSON":"a_1mek_mako-build-json-10.blob","JOBID":2,"BUILDNUMBER":24,"JSONLENGTH":7187},{"ID":49,"CREATIONDATE":"2023-04-14 06:24:42.705","MODIFICATIONDATE":"2023-04-14 06:24:42.705","VERSION":1,"JSON":"a_1mek_mako-build-json-11.blob","JOBID":21,"BUILDNUMBER":5,"JSONLENGTH":5757},{"ID":22,"CREATIONDATE":"2023-04-13 10:19:33.764","MODIFICATIONDATE":"2023-04-13 10:19:33.764","VERSION":1,"JSON":"a_1mek_mako-build-json-12.blob","JOBID":2,"BUILDNUMBER":5,"JSONLENGTH":6430},{"ID":27,"CREATIONDATE":"2023-04-13 11:16:29.956","MODIFICATIONDATE":"2023-04-13 11:16:29.956","VERSION":1,"JSON":"a_1mek_mako-build-json-13.blob","JOBID":2,"BUILDNUMBER":13,"JSONLENGTH":7187},{"ID":41,"CREATIONDATE":"2023-04-14 05:24:34.891","MODIFICATIONDATE":"2023-04-14 05:24:34.891","VERSION":1,"JSON":"a_1mek_mako-build-json-14.blob","JOBID":41,"BUILDNUMBER":1,"JSONLENGTH":3403},{"ID":42,"CREATIONDATE":"2023-04-14 05:31:02.19","MODIFICATIONDATE":"2023-04-14 05:31:02.19","VERSION":1,"JSON":"a_1mek_mako-build-json-15.blob","JOBID":2,"BUILDNUMBER":16,"JSONLENGTH":7187},{"ID":63,"CREATIONDATE":"2023-04-14 05:44:14.168","MODIFICATIONDATE":"2023-04-14 05:44:14.168","VERSION":1,"JSON":"a_1mek_mako-build-json-16.blob","JOBID":21,"BUILDNUMBER":1,"JSONLENGTH":5730},{"ID":68,"CREATIONDATE":"2023-04-14 06:18:23.777","MODIFICATIONDATE":"2023-04-14 06:18:23.777","VERSION":1,"JSON":"a_1mek_mako-build-json-17.blob","JOBID":1,"BUILDNUMBER":3,"JSONLENGTH":2993},{"ID":26,"CREATIONDATE":"2023-04-13 11:08:50.366","MODIFICATIONDATE":"2023-04-13 11:08:50.366","VERSION":1,"JSON":"a_1mek_mako-build-json-18.blob","JOBID":2,"BUILDNUMBER":11,"JSONLENGTH":7187},{"ID":8,"CREATIONDATE":"2023-04-13 11:39:36.462","MODIFICATIONDATE":"2023-04-13 11:39:36.462","VERSION":1,"JSON":"a_1mek_mako-build-json-19.blob","JOBID":2,"BUILDNUMBER":14,"JSONLENGTH":7187},{"ID":43,"CREATIONDATE":"2023-04-14 05:36:12.704","MODIFICATIONDATE":"2023-04-14 05:36:12.704","VERSION":1,"JSON":"a_1mek_mako-build-json-20.blob","JOBID":2,"BUILDNUMBER":18,"JSONLENGTH":7187},{"ID":44,"CREATIONDATE":"2023-04-14 05:38:16.754","MODIFICATIONDATE":"2023-04-14 05:38:16.754","VERSION":1,"JSON":"a_1mek_mako-build-json-21.blob","JOBID":2,"BUILDNUMBER":19,"JSONLENGTH":7187},{"ID":45,"CREATIONDATE":"2023-04-14 05:43:38.348","MODIFICATIONDATE":"2023-04-14 05:43:38.348","VERSION":1,"JSON":"a_1mek_mako-build-json-22.blob","JOBID":2,"BUILDNUMBER":21,"JSONLENGTH":7187},{"ID":46,"CREATIONDATE":"2023-04-14 06:18:48.083","MODIFICATIONDATE":"2023-04-14 06:18:48.083","VERSION":1,"JSON":"a_1mek_mako-build-json-23.blob","JOBID":2,"BUILDNUMBER":23,"JSONLENGTH":7187},{"ID":47,"CREATIONDATE":"2023-04-14 06:23:41.673","MODIFICATIONDATE":"2023-04-14 06:23:41.673","VERSION":1,"JSON":"a_1mek_mako-build-json-24.blob","JOBID":1,"BUILDNUMBER":4,"JSONLENGTH":2993},{"ID":70,"CREATIONDATE":"2023-04-14 06:26:49.572","MODIFICATIONDATE":"2023-04-14 06:26:49.572","VERSION":1,"JSON":"a_1mek_mako-build-json-25.blob","JOBID":1,"BUILDNUMBER":5,"JSONLENGTH":2993},{"ID":75,"CREATIONDATE":"2023-04-14 06:35:31.843","MODIFICATIONDATE":"2023-04-14 06:35:31.843","VERSION":1,"JSON":"a_1mek_mako-build-json-26.blob","JOBID":21,"BUILDNUMBER":7,"JSONLENGTH":5757},{"ID":77,"CREATIONDATE":"2023-04-14 06:40:48.896","MODIFICATIONDATE":"2023-04-14 06:40:48.896","VERSION":1,"JSON":"a_1mek_mako-build-json-27.blob","JOBID":2,"BUILDNUMBER":27,"JSONLENGTH":7187},{"ID":50,"CREATIONDATE":"2023-04-14 06:48:41.834","MODIFICATIONDATE":"2023-04-14 06:48:41.834","VERSION":1,"JSON":"a_1mek_mako-build-json-28.blob","JOBID":21,"BUILDNUMBER":9,"JSONLENGTH":5798},{"ID":51,"CREATIONDATE":"2023-04-14 06:49:45.115","MODIFICATIONDATE":"2023-04-14 06:49:45.115","VERSION":1,"JSON":"a_1mek_mako-build-json-29.blob","JOBID":21,"BUILDNUMBER":10,"JSONLENGTH":5804},{"ID":52,"CREATIONDATE":"2023-04-14 06:51:55.582","MODIFICATIONDATE":"2023-04-14 06:51:55.582","VERSION":1,"JSON":"a_1mek_mako-build-json-30.blob","JOBID":21,"BUILDNUMBER":11,"JSONLENGTH":5815},{"ID":21,"CREATIONDATE":"2023-04-13 09:58:47.274","MODIFICATIONDATE":"2023-04-13 09:58:47.274","VERSION":1,"JSON":"a_1mek_mako-build-json-31.blob","JOBID":2,"BUILDNUMBER":4,"JSONLENGTH":6430},{"ID":9,"CREATIONDATE":"2023-04-13 11:58:06.701","MODIFICATIONDATE":"2023-04-13 11:58:06.701","VERSION":1,"JSON":"a_1mek_mako-build-json-32.blob","JOBID":2,"BUILDNUMBER":15,"JSONLENGTH":7187},{"ID":61,"CREATIONDATE":"2023-04-14 05:33:57.751","MODIFICATIONDATE":"2023-04-14 05:33:57.751","VERSION":1,"JSON":"a_1mek_mako-build-json-33.blob","JOBID":2,"BUILDNUMBER":17,"JSONLENGTH":7187},{"ID":62,"CREATIONDATE":"2023-04-14 05:38:39.745","MODIFICATIONDATE":"2023-04-14 05:38:39.745","VERSION":1,"JSON":"a_1mek_mako-build-json-34.blob","JOBID":2,"BUILDNUMBER":20,"JSONLENGTH":7187},{"ID":64,"CREATIONDATE":"2023-04-14 05:47:38.194","MODIFICATIONDATE":"2023-04-14 05:47:38.194","VERSION":1,"JSON":"a_1mek_mako-build-json-35.blob","JOBID":1,"BUILDNUMBER":2,"JSONLENGTH":2993},{"ID":65,"CREATIONDATE":"2023-04-14 05:48:00.914","MODIFICATIONDATE":"2023-04-14 05:48:00.914","VERSION":1,"JSON":"a_1mek_mako-build-json-36.blob","JOBID":2,"BUILDNUMBER":22,"JSONLENGTH":7187},{"ID":66,"CREATIONDATE":"2023-04-14 05:48:35.097","MODIFICATIONDATE":"2023-04-14 05:48:35.097","VERSION":1,"JSON":"a_1mek_mako-build-json-37.blob","JOBID":21,"BUILDNUMBER":2,"JSONLENGTH":5730},{"ID":67,"CREATIONDATE":"2023-04-14 06:17:47.099","MODIFICATIONDATE":"2023-04-14 06:17:47.099","VERSION":1,"JSON":"a_1mek_mako-build-json-38.blob","JOBID":21,"BUILDNUMBER":3,"JSONLENGTH":5757},{"ID":69,"CREATIONDATE":"2023-04-14 06:19:23.251","MODIFICATIONDATE":"2023-04-14 06:19:23.251","VERSION":1,"JSON":"a_1mek_mako-build-json-39.blob","JOBID":21,"BUILDNUMBER":4,"JSONLENGTH":5757},{"ID":71,"CREATIONDATE":"2023-04-14 06:27:12.464","MODIFICATIONDATE":"2023-04-14 06:27:12.464","VERSION":1,"JSON":"a_1mek_mako-build-json-40.blob","JOBID":2,"BUILDNUMBER":25,"JSONLENGTH":7187},{"ID":72,"CREATIONDATE":"2023-04-14 06:27:47.187","MODIFICATIONDATE":"2023-04-14 06:27:47.187","VERSION":1,"JSON":"a_1mek_mako-build-json-41.blob","JOBID":21,"BUILDNUMBER":6,"JSONLENGTH":5757},{"ID":73,"CREATIONDATE":"2023-04-14 06:32:43.586","MODIFICATIONDATE":"2023-04-14 06:32:43.586","VERSION":1,"JSON":"a_1mek_mako-build-json-42.blob","JOBID":1,"BUILDNUMBER":6,"JSONLENGTH":2993},{"ID":74,"CREATIONDATE":"2023-04-14 06:34:45.913","MODIFICATIONDATE":"2023-04-14 06:34:45.913","VERSION":1,"JSON":"a_1mek_mako-build-json-43.blob","JOBID":2,"BUILDNUMBER":26,"JSONLENGTH":7187},{"ID":78,"CREATIONDATE":"2023-04-14 06:41:23.218","MODIFICATIONDATE":"2023-04-14 06:41:23.218","VERSION":1,"JSON":"a_1mek_mako-build-json-44.blob","JOBID":21,"BUILDNUMBER":8,"JSONLENGTH":5757},{"ID":24,"CREATIONDATE":"2023-04-13 10:52:59.889","MODIFICATIONDATE":"2023-04-13 10:52:59.889","VERSION":1,"JSON":"a_1mek_mako-build-json-45.blob","JOBID":2,"BUILDNUMBER":7,"JSONLENGTH":7187},{"ID":76,"CREATIONDATE":"2023-04-14 06:40:26.195","MODIFICATIONDATE":"2023-04-14 06:40:26.195","VERSION":1,"JSON":"a_1mek_mako-build-json-46.blob","JOBID":1,"BUILDNUMBER":7,"JSONLENGTH":2993},{"ID":53,"CREATIONDATE":"2023-04-14 06:54:39.748","MODIFICATIONDATE":"2023-04-14 06:54:39.748","VERSION":1,"JSON":"a_1mek_mako-build-json-47.blob","JOBID":41,"BUILDNUMBER":2,"JSONLENGTH":3416},{"ID":54,"CREATIONDATE":"2023-04-14 06:56:01.859","MODIFICATIONDATE":"2023-04-14 06:56:01.859","VERSION":1,"JSON":"a_1mek_mako-build-json-48.blob","JOBID":41,"BUILDNUMBER":3,"JSONLENGTH":3417},{"ID":55,"CREATIONDATE":"2023-04-14 06:59:25.856","MODIFICATIONDATE":"2023-04-14 06:59:25.856","VERSION":1,"JSON":"a_1mek_mako-build-json-49.blob","JOBID":41,"BUILDNUMBER":4,"JSONLENGTH":3780},{"ID":56,"CREATIONDATE":"2023-04-14 07:03:26.559","MODIFICATIONDATE":"2023-04-14 07:03:26.559","VERSION":1,"JSON":"a_1mek_mako-build-json-50.blob","JOBID":1,"BUILDNUMBER":8,"JSONLENGTH":2993},{"ID":58,"CREATIONDATE":"2023-04-14 07:06:00.489","MODIFICATIONDATE":"2023-04-14 07:06:00.489","VERSION":1,"JSON":"a_1mek_mako-build-json-51.blob","JOBID":21,"BUILDNUMBER":13,"JSONLENGTH":6929},{"ID":59,"CREATIONDATE":"2023-04-14 07:10:21.991","MODIFICATIONDATE":"2023-04-14 07:10:21.991","VERSION":1,"JSON":"a_1mek_mako-build-json-52.blob","JOBID":22,"BUILDNUMBER":2,"JSONLENGTH":4077},{"ID":60,"CREATIONDATE":"2023-04-14 07:11:11.818","MODIFICATIONDATE":"2023-04-14 07:11:11.818","VERSION":1,"JSON":"a_1mek_mako-build-json-53.blob","JOBID":3,"BUILDNUMBER":2,"JSONLENGTH":1575},{"ID":101,"CREATIONDATE":"2023-04-14 10:03:18.703","MODIFICATIONDATE":"2023-04-14 10:03:18.703","VERSION":1,"JSON":"a_1mek_mako-build-json-54.blob","JOBID":41,"BUILDNUMBER":6,"JSONLENGTH":3456},{"ID":79,"CREATIONDATE":"2023-04-14 07:04:26.118","MODIFICATIONDATE":"2023-04-14 07:04:26.118","VERSION":1,"JSON":"a_1mek_mako-build-json-55.blob","JOBID":21,"BUILDNUMBER":12,"JSONLENGTH":6930},{"ID":83,"CREATIONDATE":"2023-04-14 07:08:48.725","MODIFICATIONDATE":"2023-04-14 07:08:48.725","VERSION":1,"JSON":"a_1mek_mako-build-json-56.blob","JOBID":1,"BUILDNUMBER":9,"JSONLENGTH":2993},{"ID":85,"CREATIONDATE":"2023-04-14 07:09:45.859","MODIFICATIONDATE":"2023-04-14 07:09:45.859","VERSION":1,"JSON":"a_1mek_mako-build-json-57.blob","JOBID":21,"BUILDNUMBER":14,"JSONLENGTH":6929},{"ID":86,"CREATIONDATE":"2023-04-14 07:10:46.683","MODIFICATIONDATE":"2023-04-14 07:10:46.683","VERSION":1,"JSON":"a_1mek_mako-build-json-58.blob","JOBID":23,"BUILDNUMBER":2,"JSONLENGTH":5834},{"ID":102,"CREATIONDATE":"2023-04-14 10:04:33.542","MODIFICATIONDATE":"2023-04-14 10:04:33.542","VERSION":1,"JSON":"a_1mek_mako-build-json-59.blob","JOBID":41,"BUILDNUMBER":7,"JSONLENGTH":3484},{"ID":108,"CREATIONDATE":"2023-04-14 12:34:14.365","MODIFICATIONDATE":"2023-04-14 12:34:14.365","VERSION":1,"JSON":"a_1mek_mako-build-json-60.blob","JOBID":81,"BUILDNUMBER":1,"JSONLENGTH":8372},{"ID":112,"CREATIONDATE":"2023-04-14 13:09:05.709","MODIFICATIONDATE":"2023-04-14 13:09:05.709","VERSION":1,"JSON":"a_1mek_mako-build-json-61.blob","JOBID":23,"BUILDNUMBER":4,"JSONLENGTH":5834},{"ID":57,"CREATIONDATE":"2023-04-14 07:03:50.798","MODIFICATIONDATE":"2023-04-14 07:03:50.798","VERSION":1,"JSON":"a_1mek_mako-build-json-62.blob","JOBID":2,"BUILDNUMBER":28,"JSONLENGTH":7187},{"ID":88,"CREATIONDATE":"2023-04-14 10:07:17.028","MODIFICATIONDATE":"2023-04-14 10:07:17.028","VERSION":1,"JSON":"a_1mek_mako-build-json-63.blob","JOBID":41,"BUILDNUMBER":8,"JSONLENGTH":3445},{"ID":103,"CREATIONDATE":"2023-04-14 10:10:10.334","MODIFICATIONDATE":"2023-04-14 10:10:10.334","VERSION":1,"JSON":"a_1mek_mako-build-json-64.blob","JOBID":41,"BUILDNUMBER":9,"JSONLENGTH":3518},{"ID":89,"CREATIONDATE":"2023-04-14 10:11:31.917","MODIFICATIONDATE":"2023-04-14 10:11:31.917","VERSION":1,"JSON":"a_1mek_mako-build-json-65.blob","JOBID":41,"BUILDNUMBER":10,"JSONLENGTH":3519},{"ID":104,"CREATIONDATE":"2023-04-14 10:16:07.442","MODIFICATIONDATE":"2023-04-14 10:16:07.442","VERSION":1,"JSON":"a_1mek_mako-build-json-66.blob","JOBID":41,"BUILDNUMBER":12,"JSONLENGTH":3564},{"ID":81,"CREATIONDATE":"2023-04-14 07:07:00.778","MODIFICATIONDATE":"2023-04-14 07:07:00.778","VERSION":1,"JSON":"a_1mek_mako-build-json-67.blob","JOBID":23,"BUILDNUMBER":1,"JSONLENGTH":5834},{"ID":82,"CREATIONDATE":"2023-04-14 07:07:27.069","MODIFICATIONDATE":"2023-04-14 07:07:27.069","VERSION":1,"JSON":"a_1mek_mako-build-json-68.blob","JOBID":3,"BUILDNUMBER":1,"JSONLENGTH":1575},{"ID":84,"CREATIONDATE":"2023-04-14 07:09:11.317","MODIFICATIONDATE":"2023-04-14 07:09:11.317","VERSION":1,"JSON":"a_1mek_mako-build-json-69.blob","JOBID":2,"BUILDNUMBER":29,"JSONLENGTH":7187},{"ID":90,"CREATIONDATE":"2023-04-14 10:14:07.253","MODIFICATIONDATE":"2023-04-14 10:14:07.253","VERSION":1,"JSON":"a_1mek_mako-build-json-70.blob","JOBID":41,"BUILDNUMBER":11,"JSONLENGTH":3557},{"ID":80,"CREATIONDATE":"2023-04-14 07:06:36.052","MODIFICATIONDATE":"2023-04-14 07:06:36.052","VERSION":1,"JSON":"a_1mek_mako-build-json-71.blob","JOBID":22,"BUILDNUMBER":1,"JSONLENGTH":4077},{"ID":87,"CREATIONDATE":"2023-04-14 09:59:05.719","MODIFICATIONDATE":"2023-04-14 09:59:05.719","VERSION":1,"JSON":"a_1mek_mako-build-json-72.blob","JOBID":41,"BUILDNUMBER":5,"JSONLENGTH":3532},{"ID":123,"CREATIONDATE":"2023-04-17 06:38:08.146","MODIFICATIONDATE":"2023-04-17 06:38:08.146","VERSION":1,"JSON":"a_1mek_mako-build-json-73.blob","JOBID":1,"BUILDNUMBER":14,"JSONLENGTH":2993},{"ID":124,"CREATIONDATE":"2023-04-17 06:38:31.29","MODIFICATIONDATE":"2023-04-17 06:38:31.29","VERSION":1,"JSON":"a_1mek_mako-build-json-74.blob","JOBID":2,"BUILDNUMBER":37,"JSONLENGTH":8370},{"ID":146,"CREATIONDATE":"2023-04-17 06:39:08.516","MODIFICATIONDATE":"2023-04-17 06:39:08.516","VERSION":1,"JSON":"a_1mek_mako-build-json-75.blob","JOBID":21,"BUILDNUMBER":17,"JSONLENGTH":6929},{"ID":125,"CREATIONDATE":"2023-04-17 06:39:40.107","MODIFICATIONDATE":"2023-04-17 06:39:40.107","VERSION":1,"JSON":"a_1mek_mako-build-json-76.blob","JOBID":22,"BUILDNUMBER":5,"JSONLENGTH":4077},{"ID":147,"CREATIONDATE":"2023-04-17 06:40:05.301","MODIFICATIONDATE":"2023-04-17 06:40:05.301","VERSION":1,"JSON":"a_1mek_mako-build-json-77.blob","JOBID":23,"BUILDNUMBER":5,"JSONLENGTH":5834},{"ID":126,"CREATIONDATE":"2023-04-17 06:40:32.456","MODIFICATIONDATE":"2023-04-17 06:40:32.456","VERSION":1,"JSON":"a_1mek_mako-build-json-78.blob","JOBID":3,"BUILDNUMBER":5,"JSONLENGTH":1575},{"ID":122,"CREATIONDATE":"2023-04-17 06:11:49.846","MODIFICATIONDATE":"2023-04-17 06:11:49.846","VERSION":1,"JSON":"a_1mek_mako-build-json-79.blob","JOBID":2,"BUILDNUMBER":33,"JSONLENGTH":9044},{"ID":148,"CREATIONDATE":"2023-04-17 07:31:04.793","MODIFICATIONDATE":"2023-04-17 07:31:04.793","VERSION":1,"JSON":"a_1mek_mako-build-json-80.blob","JOBID":1,"BUILDNUMBER":15,"JSONLENGTH":2993},{"ID":127,"CREATIONDATE":"2023-04-17 07:34:00.393","MODIFICATIONDATE":"2023-04-17 07:34:00.393","VERSION":1,"JSON":"a_1mek_mako-build-json-81.blob","JOBID":2,"BUILDNUMBER":38,"JSONLENGTH":8370},{"ID":128,"CREATIONDATE":"2023-04-17 07:34:50.999","MODIFICATIONDATE":"2023-04-17 07:34:50.999","VERSION":1,"JSON":"a_1mek_mako-build-json-82.blob","JOBID":21,"BUILDNUMBER":18,"JSONLENGTH":6929},{"ID":129,"CREATIONDATE":"2023-04-17 07:35:22.93","MODIFICATIONDATE":"2023-04-17 07:35:22.93","VERSION":1,"JSON":"a_1mek_mako-build-json-83.blob","JOBID":22,"BUILDNUMBER":6,"JSONLENGTH":4077},{"ID":149,"CREATIONDATE":"2023-04-17 07:35:49.712","MODIFICATIONDATE":"2023-04-17 07:35:49.712","VERSION":1,"JSON":"a_1mek_mako-build-json-84.blob","JOBID":23,"BUILDNUMBER":6,"JSONLENGTH":5834},{"ID":150,"CREATIONDATE":"2023-04-17 07:36:17.469","MODIFICATIONDATE":"2023-04-17 07:36:17.469","VERSION":1,"JSON":"a_1mek_mako-build-json-85.blob","JOBID":3,"BUILDNUMBER":6,"JSONLENGTH":1575},{"ID":105,"CREATIONDATE":"2023-04-14 10:18:15.83","MODIFICATIONDATE":"2023-04-14 10:18:15.83","VERSION":1,"JSON":"a_1mek_mako-build-json-86.blob","JOBID":41,"BUILDNUMBER":13,"JSONLENGTH":3614},{"ID":107,"CREATIONDATE":"2023-04-14 10:21:31.545","MODIFICATIONDATE":"2023-04-14 10:21:31.545","VERSION":1,"JSON":"a_1mek_mako-build-json-87.blob","JOBID":41,"BUILDNUMBER":15,"JSONLENGTH":3614},{"ID":109,"CREATIONDATE":"2023-04-14 12:46:13.502","MODIFICATIONDATE":"2023-04-14 12:46:13.502","VERSION":1,"JSON":"a_1mek_mako-build-json-88.blob","JOBID":1,"BUILDNUMBER":10,"JSONLENGTH":2993},{"ID":110,"CREATIONDATE":"2023-04-14 12:46:36.373","MODIFICATIONDATE":"2023-04-14 12:46:36.373","VERSION":1,"JSON":"a_1mek_mako-build-json-89.blob","JOBID":2,"BUILDNUMBER":30,"JSONLENGTH":8372},{"ID":111,"CREATIONDATE":"2023-04-14 12:47:11.949","MODIFICATIONDATE":"2023-04-14 12:47:11.949","VERSION":1,"JSON":"a_1mek_mako-build-json-90.blob","JOBID":21,"BUILDNUMBER":15,"JSONLENGTH":6929},{"ID":92,"CREATIONDATE":"2023-04-14 12:47:42.582","MODIFICATIONDATE":"2023-04-14 12:47:42.582","VERSION":1,"JSON":"a_1mek_mako-build-json-91.blob","JOBID":22,"BUILDNUMBER":3,"JSONLENGTH":4077},{"ID":93,"CREATIONDATE":"2023-04-14 12:48:08.477","MODIFICATIONDATE":"2023-04-14 12:48:08.477","VERSION":1,"JSON":"a_1mek_mako-build-json-92.blob","JOBID":23,"BUILDNUMBER":3,"JSONLENGTH":5834},{"ID":106,"CREATIONDATE":"2023-04-14 10:19:24.066","MODIFICATIONDATE":"2023-04-14 10:19:24.066","VERSION":1,"JSON":"a_1mek_mako-build-json-93.blob","JOBID":41,"BUILDNUMBER":14,"JSONLENGTH":3613},{"ID":91,"CREATIONDATE":"2023-04-14 12:38:25.353","MODIFICATIONDATE":"2023-04-14 12:38:25.353","VERSION":1,"JSON":"a_1mek_mako-build-json-94.blob","JOBID":81,"BUILDNUMBER":2,"JSONLENGTH":8372},{"ID":94,"CREATIONDATE":"2023-04-14 12:48:33.934","MODIFICATIONDATE":"2023-04-14 12:48:33.934","VERSION":1,"JSON":"a_1mek_mako-build-json-95.blob","JOBID":3,"BUILDNUMBER":3,"JSONLENGTH":1575},{"ID":95,"CREATIONDATE":"2023-04-14 13:01:57.771","MODIFICATIONDATE":"2023-04-14 13:01:57.771","VERSION":1,"JSON":"a_1mek_mako-build-json-96.blob","JOBID":1,"BUILDNUMBER":11,"JSONLENGTH":2993},{"ID":97,"CREATIONDATE":"2023-04-14 13:07:07.555","MODIFICATIONDATE":"2023-04-14 13:07:07.555","VERSION":1,"JSON":"a_1mek_mako-build-json-97.blob","JOBID":1,"BUILDNUMBER":12,"JSONLENGTH":2993},{"ID":98,"CREATIONDATE":"2023-04-14 13:07:33.018","MODIFICATIONDATE":"2023-04-14 13:07:33.018","VERSION":1,"JSON":"a_1mek_mako-build-json-98.blob","JOBID":2,"BUILDNUMBER":32,"JSONLENGTH":8370},{"ID":99,"CREATIONDATE":"2023-04-14 13:08:09.793","MODIFICATIONDATE":"2023-04-14 13:08:09.793","VERSION":1,"JSON":"a_1mek_mako-build-json-99.blob","JOBID":21,"BUILDNUMBER":16,"JSONLENGTH":6929},{"ID":100,"CREATIONDATE":"2023-04-14 13:08:40.372","MODIFICATIONDATE":"2023-04-14 13:08:40.372","VERSION":1,"JSON":"a_1mek_mako-build-json-100.blob","JOBID":22,"BUILDNUMBER":4,"JSONLENGTH":4077},{"ID":96,"CREATIONDATE":"2023-04-14 13:02:21.517","MODIFICATIONDATE":"2023-04-14 13:02:21.517","VERSION":1,"JSON":"a_1mek_mako-build-json-101.blob","JOBID":2,"BUILDNUMBER":31,"JSONLENGTH":8370},{"ID":113,"CREATIONDATE":"2023-04-14 13:09:32.682","MODIFICATIONDATE":"2023-04-14 13:09:32.682","VERSION":1,"JSON":"a_1mek_mako-build-json-102.blob","JOBID":3,"BUILDNUMBER":4,"JSONLENGTH":1575},{"ID":121,"CREATIONDATE":"2023-04-17 05:57:29.229","MODIFICATIONDATE":"2023-04-17 05:57:29.229","VERSION":1,"JSON":"a_1mek_mako-build-json-103.blob","JOBID":1,"BUILDNUMBER":13,"JSONLENGTH":2993},{"ID":141,"CREATIONDATE":"2023-04-17 06:19:02.742","MODIFICATIONDATE":"2023-04-17 06:19:02.742","VERSION":1,"JSON":"a_1mek_mako-build-json-104.blob","JOBID":2,"BUILDNUMBER":34,"JSONLENGTH":8368},{"ID":142,"CREATIONDATE":"2023-04-17 06:20:37.171","MODIFICATIONDATE":"2023-04-17 06:20:37.171","VERSION":1,"JSON":"a_1mek_mako-build-json-105.blob","JOBID":2,"BUILDNUMBER":35,"JSONLENGTH":8367},{"ID":143,"CREATIONDATE":"2023-04-17 06:30:00.061","MODIFICATIONDATE":"2023-04-17 06:30:00.061","VERSION":1,"JSON":"a_1mek_mako-build-json-106.blob","JOBID":81,"BUILDNUMBER":3,"JSONLENGTH":8372},{"ID":144,"CREATIONDATE":"2023-04-17 06:34:33.243","MODIFICATIONDATE":"2023-04-17 06:34:33.243","VERSION":1,"JSON":"a_1mek_mako-build-json-107.blob","JOBID":81,"BUILDNUMBER":4,"JSONLENGTH":8372},{"ID":145,"CREATIONDATE":"2023-04-17 06:36:35.875","MODIFICATIONDATE":"2023-04-17 06:36:35.875","VERSION":1,"JSON":"a_1mek_mako-build-json-108.blob","JOBID":2,"BUILDNUMBER":36,"JSONLENGTH":8370},{"ID":159,"CREATIONDATE":"2023-04-17 14:21:43.522","MODIFICATIONDATE":"2023-04-17 14:21:43.522","VERSION":1,"JSON":"a_1mek_mako-build-json-109.blob","JOBID":1,"BUILDNUMBER":20,"JSONLENGTH":2993},{"ID":160,"CREATIONDATE":"2023-04-17 14:22:06.184","MODIFICATIONDATE":"2023-04-17 14:22:06.184","VERSION":1,"JSON":"a_1mek_mako-build-json-110.blob","JOBID":102,"BUILDNUMBER":5,"JSONLENGTH":8373},{"ID":161,"CREATIONDATE":"2023-04-17 14:22:41.786","MODIFICATIONDATE":"2023-04-17 14:22:41.786","VERSION":1,"JSON":"a_1mek_mako-build-json-111.blob","JOBID":101,"BUILDNUMBER":7,"JSONLENGTH":6926},{"ID":162,"CREATIONDATE":"2023-04-17 14:24:44.745","MODIFICATIONDATE":"2023-04-17 14:24:44.745","VERSION":1,"JSON":"a_1mek_mako-build-json-112.blob","JOBID":101,"BUILDNUMBER":8,"JSONLENGTH":6930},{"ID":163,"CREATIONDATE":"2023-04-17 14:25:02.374","MODIFICATIONDATE":"2023-04-17 14:25:02.374","VERSION":1,"JSON":"a_1mek_mako-build-json-113.blob","JOBID":1,"BUILDNUMBER":21,"JSONLENGTH":2993},{"ID":176,"CREATIONDATE":"2023-04-17 16:58:46.94","MODIFICATIONDATE":"2023-04-17 16:58:46.94","VERSION":1,"JSON":"a_1mek_mako-build-json-114.blob","JOBID":102,"BUILDNUMBER":15,"JSONLENGTH":8373},{"ID":208,"CREATIONDATE":"2023-04-17 20:42:45.74","MODIFICATIONDATE":"2023-04-17 20:42:45.74","VERSION":1,"JSON":"a_1mek_mako-build-json-115.blob","JOBID":103,"BUILDNUMBER":3,"JSONLENGTH":4095},{"ID":157,"CREATIONDATE":"2023-04-17 14:09:19.213","MODIFICATIONDATE":"2023-04-17 14:09:19.213","VERSION":1,"JSON":"a_1mek_mako-build-json-116.blob","JOBID":102,"BUILDNUMBER":4,"JSONLENGTH":8373},{"ID":138,"CREATIONDATE":"2023-04-17 15:04:52.229","MODIFICATIONDATE":"2023-04-17 15:04:52.229","VERSION":1,"JSON":"a_1mek_mako-build-json-117.blob","JOBID":1,"BUILDNUMBER":23,"JSONLENGTH":2993},{"ID":181,"CREATIONDATE":"2023-04-17 15:10:06.637","MODIFICATIONDATE":"2023-04-17 15:10:06.637","VERSION":1,"JSON":"a_1mek_mako-build-json-118.blob","JOBID":1,"BUILDNUMBER":24,"JSONLENGTH":2993},{"ID":185,"CREATIONDATE":"2023-04-17 15:16:30.562","MODIFICATIONDATE":"2023-04-17 15:16:30.562","VERSION":1,"JSON":"a_1mek_mako-build-json-119.blob","JOBID":102,"BUILDNUMBER":11,"JSONLENGTH":8373},{"ID":187,"CREATIONDATE":"2023-04-17 15:17:35.052","MODIFICATIONDATE":"2023-04-17 15:17:35.052","VERSION":1,"JSON":"a_1mek_mako-build-json-120.blob","JOBID":22,"BUILDNUMBER":7,"JSONLENGTH":4077},{"ID":154,"CREATIONDATE":"2023-04-17 13:57:01.723","MODIFICATIONDATE":"2023-04-17 13:57:01.723","VERSION":1,"JSON":"a_1mek_mako-build-json-121.blob","JOBID":101,"BUILDNUMBER":3,"JSONLENGTH":6926},{"ID":183,"CREATIONDATE":"2023-04-17 15:11:07.709","MODIFICATIONDATE":"2023-04-17 15:11:07.709","VERSION":1,"JSON":"a_1mek_mako-build-json-122.blob","JOBID":101,"BUILDNUMBER":12,"JSONLENGTH":6930},{"ID":189,"CREATIONDATE":"2023-04-17 15:18:29.168","MODIFICATIONDATE":"2023-04-17 15:18:29.168","VERSION":1,"JSON":"a_1mek_mako-build-json-123.blob","JOBID":3,"BUILDNUMBER":7,"JSONLENGTH":1575},{"ID":190,"CREATIONDATE":"2023-04-17 15:30:34.811","MODIFICATIONDATE":"2023-04-17 15:30:34.811","VERSION":1,"JSON":"a_1mek_mako-build-json-124.blob","JOBID":1,"BUILDNUMBER":26,"JSONLENGTH":2993},{"ID":191,"CREATIONDATE":"2023-04-17 15:31:33.899","MODIFICATIONDATE":"2023-04-17 15:31:33.899","VERSION":1,"JSON":"a_1mek_mako-build-json-125.blob","JOBID":101,"BUILDNUMBER":14,"JSONLENGTH":6930},{"ID":192,"CREATIONDATE":"2023-04-17 15:32:01.834","MODIFICATIONDATE":"2023-04-17 15:32:01.834","VERSION":1,"JSON":"a_1mek_mako-build-json-126.blob","JOBID":22,"BUILDNUMBER":8,"JSONLENGTH":4077},{"ID":193,"CREATIONDATE":"2023-04-17 15:32:28.772","MODIFICATIONDATE":"2023-04-17 15:32:28.772","VERSION":1,"JSON":"a_1mek_mako-build-json-127.blob","JOBID":23,"BUILDNUMBER":8,"JSONLENGTH":5834},{"ID":194,"CREATIONDATE":"2023-04-17 15:32:53.688","MODIFICATIONDATE":"2023-04-17 15:32:53.688","VERSION":1,"JSON":"a_1mek_mako-build-json-128.blob","JOBID":3,"BUILDNUMBER":8,"JSONLENGTH":1575},{"ID":170,"CREATIONDATE":"2023-04-17 15:41:58.331","MODIFICATIONDATE":"2023-04-17 15:41:58.331","VERSION":1,"JSON":"a_1mek_mako-build-json-129.blob","JOBID":102,"BUILDNUMBER":13,"JSONLENGTH":8373},{"ID":171,"CREATIONDATE":"2023-04-17 15:42:35.148","MODIFICATIONDATE":"2023-04-17 15:42:35.148","VERSION":1,"JSON":"a_1mek_mako-build-json-130.blob","JOBID":101,"BUILDNUMBER":15,"JSONLENGTH":6930},{"ID":153,"CREATIONDATE":"2023-04-17 13:54:26.943","MODIFICATIONDATE":"2023-04-17 13:54:26.943","VERSION":1,"JSON":"a_1mek_mako-build-json-131.blob","JOBID":101,"BUILDNUMBER":2,"JSONLENGTH":6925},{"ID":168,"CREATIONDATE":"2023-04-17 15:30:58.046","MODIFICATIONDATE":"2023-04-17 15:30:58.046","VERSION":1,"JSON":"a_1mek_mako-build-json-132.blob","JOBID":102,"BUILDNUMBER":12,"JSONLENGTH":8373},{"ID":169,"CREATIONDATE":"2023-04-17 15:41:34.729","MODIFICATIONDATE":"2023-04-17 15:41:34.729","VERSION":1,"JSON":"a_1mek_mako-build-json-133.blob","JOBID":1,"BUILDNUMBER":27,"JSONLENGTH":2993},{"ID":173,"CREATIONDATE":"2023-04-17 15:43:53.905","MODIFICATIONDATE":"2023-04-17 15:43:53.905","VERSION":1,"JSON":"a_1mek_mako-build-json-134.blob","JOBID":3,"BUILDNUMBER":9,"JSONLENGTH":1575},{"ID":131,"CREATIONDATE":"2023-04-17 14:02:26.348","MODIFICATIONDATE":"2023-04-17 14:02:26.348","VERSION":1,"JSON":"a_1mek_mako-build-json-135.blob","JOBID":102,"BUILDNUMBER":2,"JSONLENGTH":8373},{"ID":132,"CREATIONDATE":"2023-04-17 14:03:04.77","MODIFICATIONDATE":"2023-04-17 14:03:04.77","VERSION":1,"JSON":"a_1mek_mako-build-json-136.blob","JOBID":101,"BUILDNUMBER":4,"JSONLENGTH":6926},{"ID":133,"CREATIONDATE":"2023-04-17 14:04:45.916","MODIFICATIONDATE":"2023-04-17 14:04:45.916","VERSION":1,"JSON":"a_1mek_mako-build-json-137.blob","JOBID":1,"BUILDNUMBER":18,"JSONLENGTH":2993},{"ID":156,"CREATIONDATE":"2023-04-17 14:08:54.232","MODIFICATIONDATE":"2023-04-17 14:08:54.232","VERSION":1,"JSON":"a_1mek_mako-build-json-138.blob","JOBID":1,"BUILDNUMBER":19,"JSONLENGTH":2993},{"ID":158,"CREATIONDATE":"2023-04-17 14:09:56.232","MODIFICATIONDATE":"2023-04-17 14:09:56.232","VERSION":1,"JSON":"a_1mek_mako-build-json-139.blob","JOBID":101,"BUILDNUMBER":6,"JSONLENGTH":6926},{"ID":164,"CREATIONDATE":"2023-04-17 14:25:37.238","MODIFICATIONDATE":"2023-04-17 14:25:37.238","VERSION":1,"JSON":"a_1mek_mako-build-json-140.blob","JOBID":102,"BUILDNUMBER":6,"JSONLENGTH":8373},{"ID":165,"CREATIONDATE":"2023-04-17 14:26:15.34","MODIFICATIONDATE":"2023-04-17 14:26:15.34","VERSION":1,"JSON":"a_1mek_mako-build-json-141.blob","JOBID":101,"BUILDNUMBER":9,"JSONLENGTH":6930},{"ID":166,"CREATIONDATE":"2023-04-17 14:31:38.994","MODIFICATIONDATE":"2023-04-17 14:31:38.994","VERSION":1,"JSON":"a_1mek_mako-build-json-142.blob","JOBID":102,"BUILDNUMBER":7,"JSONLENGTH":8373},{"ID":172,"CREATIONDATE":"2023-04-17 15:43:02.529","MODIFICATIONDATE":"2023-04-17 15:43:02.529","VERSION":1,"JSON":"a_1mek_mako-build-json-143.blob","JOBID":22,"BUILDNUMBER":9,"JSONLENGTH":4077},{"ID":174,"CREATIONDATE":"2023-04-17 16:30:46.08","MODIFICATIONDATE":"2023-04-17 16:30:46.08","VERSION":1,"JSON":"a_1mek_mako-build-json-144.blob","JOBID":22,"BUILDNUMBER":10,"JSONLENGTH":4077},{"ID":177,"CREATIONDATE":"2023-04-17 16:59:25.023","MODIFICATIONDATE":"2023-04-17 16:59:25.023","VERSION":1,"JSON":"a_1mek_mako-build-json-145.blob","JOBID":101,"BUILDNUMBER":17,"JSONLENGTH":6930},{"ID":178,"CREATIONDATE":"2023-04-17 16:59:52.704","MODIFICATIONDATE":"2023-04-17 16:59:52.704","VERSION":1,"JSON":"a_1mek_mako-build-json-146.blob","JOBID":103,"BUILDNUMBER":1,"JSONLENGTH":4103},{"ID":206,"CREATIONDATE":"2023-04-17 20:34:24.459","MODIFICATIONDATE":"2023-04-17 20:34:24.459","VERSION":1,"JSON":"a_1mek_mako-build-json-147.blob","JOBID":122,"BUILDNUMBER":2,"JSONLENGTH":8368},{"ID":207,"CREATIONDATE":"2023-04-17 20:42:05.356","MODIFICATIONDATE":"2023-04-17 20:42:05.356","VERSION":1,"JSON":"a_1mek_mako-build-json-148.blob","JOBID":122,"BUILDNUMBER":3,"JSONLENGTH":8368},{"ID":130,"CREATIONDATE":"2023-04-17 13:40:57.022","MODIFICATIONDATE":"2023-04-17 13:40:57.022","VERSION":1,"JSON":"a_1mek_mako-build-json-149.blob","JOBID":1,"BUILDNUMBER":16,"JSONLENGTH":2993},{"ID":151,"CREATIONDATE":"2023-04-17 13:43:34.751","MODIFICATIONDATE":"2023-04-17 13:43:34.751","VERSION":1,"JSON":"a_1mek_mako-build-json-150.blob","JOBID":102,"BUILDNUMBER":1,"JSONLENGTH":8373},{"ID":152,"CREATIONDATE":"2023-04-17 13:44:22.317","MODIFICATIONDATE":"2023-04-17 13:44:22.317","VERSION":1,"JSON":"a_1mek_mako-build-json-151.blob","JOBID":101,"BUILDNUMBER":1,"JSONLENGTH":6925},{"ID":155,"CREATIONDATE":"2023-04-17 14:01:58.906","MODIFICATIONDATE":"2023-04-17 14:01:58.906","VERSION":1,"JSON":"a_1mek_mako-build-json-152.blob","JOBID":1,"BUILDNUMBER":17,"JSONLENGTH":2993},{"ID":134,"CREATIONDATE":"2023-04-17 14:05:09.473","MODIFICATIONDATE":"2023-04-17 14:05:09.473","VERSION":1,"JSON":"a_1mek_mako-build-json-153.blob","JOBID":102,"BUILDNUMBER":3,"JSONLENGTH":8373},{"ID":135,"CREATIONDATE":"2023-04-17 14:05:45.355","MODIFICATIONDATE":"2023-04-17 14:05:45.355","VERSION":1,"JSON":"a_1mek_mako-build-json-154.blob","JOBID":101,"BUILDNUMBER":5,"JSONLENGTH":6926},{"ID":167,"CREATIONDATE":"2023-04-17 15:03:10.935","MODIFICATIONDATE":"2023-04-17 15:03:10.935","VERSION":1,"JSON":"a_1mek_mako-build-json-155.blob","JOBID":102,"BUILDNUMBER":8,"JSONLENGTH":8373},{"ID":139,"CREATIONDATE":"2023-04-17 15:05:15.39","MODIFICATIONDATE":"2023-04-17 15:05:15.39","VERSION":1,"JSON":"a_1mek_mako-build-json-156.blob","JOBID":102,"BUILDNUMBER":9,"JSONLENGTH":8373},{"ID":140,"CREATIONDATE":"2023-04-17 15:05:50.661","MODIFICATIONDATE":"2023-04-17 15:05:50.661","VERSION":1,"JSON":"a_1mek_mako-build-json-157.blob","JOBID":101,"BUILDNUMBER":11,"JSONLENGTH":6930},{"ID":182,"CREATIONDATE":"2023-04-17 15:10:31.058","MODIFICATIONDATE":"2023-04-17 15:10:31.058","VERSION":1,"JSON":"a_1mek_mako-build-json-158.blob","JOBID":102,"BUILDNUMBER":10,"JSONLENGTH":8373},{"ID":186,"CREATIONDATE":"2023-04-17 15:17:06.395","MODIFICATIONDATE":"2023-04-17 15:17:06.395","VERSION":1,"JSON":"a_1mek_mako-build-json-159.blob","JOBID":101,"BUILDNUMBER":13,"JSONLENGTH":6930},{"ID":188,"CREATIONDATE":"2023-04-17 15:17:59.606","MODIFICATIONDATE":"2023-04-17 15:17:59.606","VERSION":1,"JSON":"a_1mek_mako-build-json-160.blob","JOBID":23,"BUILDNUMBER":7,"JSONLENGTH":5834},{"ID":209,"CREATIONDATE":"2023-04-17 20:43:10.782","MODIFICATIONDATE":"2023-04-17 20:43:10.782","VERSION":1,"JSON":"a_1mek_mako-build-json-161.blob","JOBID":121,"BUILDNUMBER":4,"JSONLENGTH":5861},{"ID":136,"CREATIONDATE":"2023-04-17 14:31:16.251","MODIFICATIONDATE":"2023-04-17 14:31:16.251","VERSION":1,"JSON":"a_1mek_mako-build-json-162.blob","JOBID":1,"BUILDNUMBER":22,"JSONLENGTH":2993},{"ID":137,"CREATIONDATE":"2023-04-17 14:32:14.62","MODIFICATIONDATE":"2023-04-17 14:32:14.62","VERSION":1,"JSON":"a_1mek_mako-build-json-163.blob","JOBID":101,"BUILDNUMBER":10,"JSONLENGTH":6930},{"ID":184,"CREATIONDATE":"2023-04-17 15:16:08.025","MODIFICATIONDATE":"2023-04-17 15:16:08.025","VERSION":1,"JSON":"a_1mek_mako-build-json-164.blob","JOBID":1,"BUILDNUMBER":25,"JSONLENGTH":2993},{"ID":197,"CREATIONDATE":"2023-04-17 16:29:25.192","MODIFICATIONDATE":"2023-04-17 16:29:25.192","VERSION":1,"JSON":"a_1mek_mako-build-json-165.blob","JOBID":102,"BUILDNUMBER":14,"JSONLENGTH":8373},{"ID":198,"CREATIONDATE":"2023-04-17 16:30:17.2","MODIFICATIONDATE":"2023-04-17 16:30:17.2","VERSION":1,"JSON":"a_1mek_mako-build-json-166.blob","JOBID":101,"BUILDNUMBER":16,"JSONLENGTH":6930},{"ID":179,"CREATIONDATE":"2023-04-17 17:31:42.633","MODIFICATIONDATE":"2023-04-17 17:31:42.633","VERSION":1,"JSON":"a_1mek_mako-build-json-167.blob","JOBID":121,"BUILDNUMBER":2,"JSONLENGTH":5861},{"ID":195,"CREATIONDATE":"2023-04-17 15:43:28.541","MODIFICATIONDATE":"2023-04-17 15:43:28.541","VERSION":1,"JSON":"a_1mek_mako-build-json-168.blob","JOBID":23,"BUILDNUMBER":9,"JSONLENGTH":5834},{"ID":196,"CREATIONDATE":"2023-04-17 16:26:49.387","MODIFICATIONDATE":"2023-04-17 16:26:49.387","VERSION":1,"JSON":"a_1mek_mako-build-json-169.blob","JOBID":1,"BUILDNUMBER":28,"JSONLENGTH":2993},{"ID":199,"CREATIONDATE":"2023-04-17 16:31:11.173","MODIFICATIONDATE":"2023-04-17 16:31:11.173","VERSION":1,"JSON":"a_1mek_mako-build-json-170.blob","JOBID":121,"BUILDNUMBER":1,"JSONLENGTH":5877},{"ID":175,"CREATIONDATE":"2023-04-17 16:58:23.75","MODIFICATIONDATE":"2023-04-17 16:58:23.75","VERSION":1,"JSON":"a_1mek_mako-build-json-171.blob","JOBID":1,"BUILDNUMBER":29,"JSONLENGTH":2993},{"ID":203,"CREATIONDATE":"2023-04-17 17:38:29.923","MODIFICATIONDATE":"2023-04-17 17:38:29.923","VERSION":1,"JSON":"a_1mek_mako-build-json-172.blob","JOBID":121,"BUILDNUMBER":3,"JSONLENGTH":5861},{"ID":200,"CREATIONDATE":"2023-04-17 17:38:04.095","MODIFICATIONDATE":"2023-04-17 17:38:04.095","VERSION":1,"JSON":"a_1mek_mako-build-json-173.blob","JOBID":103,"BUILDNUMBER":2,"JSONLENGTH":4095},{"ID":262,"CREATIONDATE":"2023-04-18 10:58:39.685","MODIFICATIONDATE":"2023-04-18 10:58:39.685","VERSION":1,"JSON":"a_1mek_mako-build-json-174.blob","JOBID":122,"BUILDNUMBER":5,"JSONLENGTH":8368},{"ID":263,"CREATIONDATE":"2023-04-18 11:04:09.657","MODIFICATIONDATE":"2023-04-18 11:04:09.657","VERSION":1,"JSON":"a_1mek_mako-build-json-175.blob","JOBID":1,"BUILDNUMBER":36,"JSONLENGTH":2993},{"ID":269,"CREATIONDATE":"2023-04-18 11:21:26.848","MODIFICATIONDATE":"2023-04-18 11:21:26.848","VERSION":1,"JSON":"a_1mek_mako-build-json-176.blob","JOBID":1,"BUILDNUMBER":38,"JSONLENGTH":2993},{"ID":247,"CREATIONDATE":"2023-04-18 11:21:49.665","MODIFICATIONDATE":"2023-04-18 11:21:49.665","VERSION":1,"JSON":"a_1mek_mako-build-json-177.blob","JOBID":122,"BUILDNUMBER":8,"JSONLENGTH":8368},{"ID":248,"CREATIONDATE":"2023-04-18 11:22:28.322","MODIFICATIONDATE":"2023-04-18 11:22:28.322","VERSION":1,"JSON":"a_1mek_mako-build-json-178.blob","JOBID":104,"BUILDNUMBER":3,"JSONLENGTH":6930},{"ID":251,"CREATIONDATE":"2023-04-18 11:51:02.286","MODIFICATIONDATE":"2023-04-18 11:51:02.286","VERSION":1,"JSON":"a_1mek_mako-build-json-179.blob","JOBID":104,"BUILDNUMBER":5,"JSONLENGTH":6930},{"ID":221,"CREATIONDATE":"2023-04-17 20:23:16.016","MODIFICATIONDATE":"2023-04-17 20:23:16.016","VERSION":1,"JSON":"a_1mek_mako-build-json-180.blob","JOBID":1,"BUILDNUMBER":31,"JSONLENGTH":2993},{"ID":222,"CREATIONDATE":"2023-04-17 20:26:12.104","MODIFICATIONDATE":"2023-04-17 20:26:12.104","VERSION":1,"JSON":"a_1mek_mako-build-json-181.blob","JOBID":122,"BUILDNUMBER":1,"JSONLENGTH":8368},{"ID":205,"CREATIONDATE":"2023-04-17 20:34:00.513","MODIFICATIONDATE":"2023-04-17 20:34:00.513","VERSION":1,"JSON":"a_1mek_mako-build-json-182.blob","JOBID":1,"BUILDNUMBER":32,"JSONLENGTH":2993},{"ID":242,"CREATIONDATE":"2023-04-18 06:45:17.856","MODIFICATIONDATE":"2023-04-18 06:45:17.856","VERSION":1,"JSON":"a_1mek_mako-build-json-183.blob","JOBID":122,"BUILDNUMBER":4,"JSONLENGTH":8368},{"ID":244,"CREATIONDATE":"2023-04-18 06:46:59.11","MODIFICATIONDATE":"2023-04-18 06:46:59.11","VERSION":1,"JSON":"a_1mek_mako-build-json-184.blob","JOBID":3,"BUILDNUMBER":12,"JSONLENGTH":1575},{"ID":250,"CREATIONDATE":"2023-04-18 11:49:59.619","MODIFICATIONDATE":"2023-04-18 11:49:59.619","VERSION":1,"JSON":"a_1mek_mako-build-json-185.blob","JOBID":1,"BUILDNUMBER":40,"JSONLENGTH":2993},{"ID":253,"CREATIONDATE":"2023-04-18 11:52:24.02","MODIFICATIONDATE":"2023-04-18 11:52:24.02","VERSION":1,"JSON":"a_1mek_mako-build-json-186.blob","JOBID":3,"BUILDNUMBER":13,"JSONLENGTH":1575},{"ID":283,"CREATIONDATE":"2023-04-19 12:19:51.513","MODIFICATIONDATE":"2023-04-19 12:19:51.513","VERSION":1,"JSON":"a_1mek_mako-build-json-187.blob","JOBID":164,"BUILDNUMBER":2,"JSONLENGTH":6924},{"ID":284,"CREATIONDATE":"2023-04-19 12:20:18.719","MODIFICATIONDATE":"2023-04-19 12:20:18.719","VERSION":1,"JSON":"a_1mek_mako-build-json-188.blob","JOBID":165,"BUILDNUMBER":1,"JSONLENGTH":4098},{"ID":285,"CREATIONDATE":"2023-04-19 12:20:43.059","MODIFICATIONDATE":"2023-04-19 12:20:43.059","VERSION":1,"JSON":"a_1mek_mako-build-json-189.blob","JOBID":166,"BUILDNUMBER":1,"JSONLENGTH":5866},{"ID":241,"CREATIONDATE":"2023-04-18 06:42:35.283","MODIFICATIONDATE":"2023-04-18 06:42:35.283","VERSION":1,"JSON":"a_1mek_mako-build-json-190.blob","JOBID":1,"BUILDNUMBER":34,"JSONLENGTH":2993},{"ID":261,"CREATIONDATE":"2023-04-18 06:46:06.582","MODIFICATIONDATE":"2023-04-18 06:46:06.582","VERSION":1,"JSON":"a_1mek_mako-build-json-191.blob","JOBID":103,"BUILDNUMBER":4,"JSONLENGTH":4095},{"ID":243,"CREATIONDATE":"2023-04-18 06:46:32.147","MODIFICATIONDATE":"2023-04-18 06:46:32.147","VERSION":1,"JSON":"a_1mek_mako-build-json-192.blob","JOBID":121,"BUILDNUMBER":5,"JSONLENGTH":5861},{"ID":264,"CREATIONDATE":"2023-04-18 11:04:33.92","MODIFICATIONDATE":"2023-04-18 11:04:33.92","VERSION":1,"JSON":"a_1mek_mako-build-json-193.blob","JOBID":122,"BUILDNUMBER":6,"JSONLENGTH":8368},{"ID":265,"CREATIONDATE":"2023-04-18 11:05:12.398","MODIFICATIONDATE":"2023-04-18 11:05:12.398","VERSION":1,"JSON":"a_1mek_mako-build-json-194.blob","JOBID":104,"BUILDNUMBER":1,"JSONLENGTH":6930},{"ID":267,"CREATIONDATE":"2023-04-18 11:09:07.282","MODIFICATIONDATE":"2023-04-18 11:09:07.282","VERSION":1,"JSON":"a_1mek_mako-build-json-195.blob","JOBID":122,"BUILDNUMBER":7,"JSONLENGTH":8368},{"ID":270,"CREATIONDATE":"2023-04-18 11:44:52.685","MODIFICATIONDATE":"2023-04-18 11:44:52.685","VERSION":1,"JSON":"a_1mek_mako-build-json-196.blob","JOBID":1,"BUILDNUMBER":39,"JSONLENGTH":2993},{"ID":271,"CREATIONDATE":"2023-04-18 11:45:16.817","MODIFICATIONDATE":"2023-04-18 11:45:16.817","VERSION":1,"JSON":"a_1mek_mako-build-json-197.blob","JOBID":122,"BUILDNUMBER":9,"JSONLENGTH":8368},{"ID":249,"CREATIONDATE":"2023-04-18 11:45:55.374","MODIFICATIONDATE":"2023-04-18 11:45:55.374","VERSION":1,"JSON":"a_1mek_mako-build-json-198.blob","JOBID":104,"BUILDNUMBER":4,"JSONLENGTH":6930},{"ID":272,"CREATIONDATE":"2023-04-18 11:50:23.637","MODIFICATIONDATE":"2023-04-18 11:50:23.637","VERSION":1,"JSON":"a_1mek_mako-build-json-199.blob","JOBID":122,"BUILDNUMBER":10,"JSONLENGTH":8368},{"ID":252,"CREATIONDATE":"2023-04-18 11:51:32.357","MODIFICATIONDATE":"2023-04-18 11:51:32.357","VERSION":1,"JSON":"a_1mek_mako-build-json-200.blob","JOBID":141,"BUILDNUMBER":2,"JSONLENGTH":4091},{"ID":273,"CREATIONDATE":"2023-04-18 11:51:57.147","MODIFICATIONDATE":"2023-04-18 11:51:57.147","VERSION":1,"JSON":"a_1mek_mako-build-json-201.blob","JOBID":142,"BUILDNUMBER":1,"JSONLENGTH":5863},{"ID":180,"CREATIONDATE":"2023-04-17 17:32:14.053","MODIFICATIONDATE":"2023-04-17 17:32:14.053","VERSION":1,"JSON":"a_1mek_mako-build-json-202.blob","JOBID":1,"BUILDNUMBER":30,"JSONLENGTH":2993},{"ID":201,"CREATIONDATE":"2023-04-17 17:36:44.552","MODIFICATIONDATE":"2023-04-17 17:36:44.552","VERSION":1,"JSON":"a_1mek_mako-build-json-203.blob","JOBID":102,"BUILDNUMBER":16,"JSONLENGTH":8373},{"ID":202,"CREATIONDATE":"2023-04-17 17:37:32.255","MODIFICATIONDATE":"2023-04-17 17:37:32.255","VERSION":1,"JSON":"a_1mek_mako-build-json-204.blob","JOBID":101,"BUILDNUMBER":18,"JSONLENGTH":6930},{"ID":204,"CREATIONDATE":"2023-04-17 17:38:55.86","MODIFICATIONDATE":"2023-04-17 17:38:55.86","VERSION":1,"JSON":"a_1mek_mako-build-json-205.blob","JOBID":3,"BUILDNUMBER":10,"JSONLENGTH":1575},{"ID":223,"CREATIONDATE":"2023-04-17 20:41:40.721","MODIFICATIONDATE":"2023-04-17 20:41:40.721","VERSION":1,"JSON":"a_1mek_mako-build-json-206.blob","JOBID":1,"BUILDNUMBER":33,"JSONLENGTH":2993},{"ID":245,"CREATIONDATE":"2023-04-18 10:55:49.389","MODIFICATIONDATE":"2023-04-18 10:55:49.389","VERSION":1,"JSON":"a_1mek_mako-build-json-207.blob","JOBID":1,"BUILDNUMBER":35,"JSONLENGTH":2993},{"ID":246,"CREATIONDATE":"2023-04-18 10:59:34.349","MODIFICATIONDATE":"2023-04-18 10:59:34.349","VERSION":1,"JSON":"a_1mek_mako-build-json-208.blob","JOBID":141,"BUILDNUMBER":1,"JSONLENGTH":4091},{"ID":268,"CREATIONDATE":"2023-04-18 11:09:47.254","MODIFICATIONDATE":"2023-04-18 11:09:47.254","VERSION":1,"JSON":"a_1mek_mako-build-json-209.blob","JOBID":104,"BUILDNUMBER":2,"JSONLENGTH":6930},{"ID":301,"CREATIONDATE":"2023-04-19 12:12:47.447","MODIFICATIONDATE":"2023-04-19 12:12:47.447","VERSION":1,"JSON":"a_1mek_mako-build-json-210.blob","JOBID":163,"BUILDNUMBER":1,"JSONLENGTH":8367},{"ID":302,"CREATIONDATE":"2023-04-19 12:13:39.954","MODIFICATIONDATE":"2023-04-19 12:13:39.954","VERSION":1,"JSON":"a_1mek_mako-build-json-211.blob","JOBID":164,"BUILDNUMBER":1,"JSONLENGTH":6925},{"ID":303,"CREATIONDATE":"2023-04-19 12:19:13.937","MODIFICATIONDATE":"2023-04-19 12:19:13.937","VERSION":1,"JSON":"a_1mek_mako-build-json-212.blob","JOBID":163,"BUILDNUMBER":2,"JSONLENGTH":8367},{"ID":210,"CREATIONDATE":"2023-04-17 20:43:36.82","MODIFICATIONDATE":"2023-04-17 20:43:36.82","VERSION":1,"JSON":"a_1mek_mako-build-json-213.blob","JOBID":3,"BUILDNUMBER":11,"JSONLENGTH":1575},{"ID":266,"CREATIONDATE":"2023-04-18 11:08:43.57","MODIFICATIONDATE":"2023-04-18 11:08:43.57","VERSION":1,"JSON":"a_1mek_mako-build-json-214.blob","JOBID":1,"BUILDNUMBER":37,"JSONLENGTH":2993},{"ID":281,"CREATIONDATE":"2023-04-19 12:10:06.869","MODIFICATIONDATE":"2023-04-19 12:10:06.869","VERSION":1,"JSON":"a_1mek_mako-build-json-215.blob","JOBID":1,"BUILDNUMBER":41,"JSONLENGTH":2993},{"ID":282,"CREATIONDATE":"2023-04-19 12:18:50.5","MODIFICATIONDATE":"2023-04-19 12:18:50.5","VERSION":1,"JSON":"a_1mek_mako-build-json-216.blob","JOBID":1,"BUILDNUMBER":42,"JSONLENGTH":2993},{"ID":304,"CREATIONDATE":"2023-04-19 12:21:09.961","MODIFICATIONDATE":"2023-04-19 12:21:09.961","VERSION":1,"JSON":"a_1mek_mako-build-json-217.blob","JOBID":3,"BUILDNUMBER":14,"JSONLENGTH":1575},{"ID":308,"CREATIONDATE":"2023-04-19 12:54:24.568","MODIFICATIONDATE":"2023-04-19 12:54:24.568","VERSION":1,"JSON":"a_1mek_mako-build-json-218.blob","JOBID":1,"BUILDNUMBER":44,"JSONLENGTH":2993},{"ID":310,"CREATIONDATE":"2023-04-19 12:55:56.147","MODIFICATIONDATE":"2023-04-19 12:55:56.147","VERSION":1,"JSON":"a_1mek_mako-build-json-219.blob","JOBID":183,"BUILDNUMBER":1,"JSONLENGTH":4100},{"ID":311,"CREATIONDATE":"2023-04-19 12:56:21.195","MODIFICATIONDATE":"2023-04-19 12:56:21.195","VERSION":1,"JSON":"a_1mek_mako-build-json-220.blob","JOBID":184,"BUILDNUMBER":1,"JSONLENGTH":5867},{"ID":289,"CREATIONDATE":"2023-04-19 12:55:26.983","MODIFICATIONDATE":"2023-04-19 12:55:26.983","VERSION":1,"JSON":"a_1mek_mako-build-json-221.blob","JOBID":182,"BUILDNUMBER":1,"JSONLENGTH":6926},{"ID":381,"CREATIONDATE":"2023-04-25 12:39:30.591","MODIFICATIONDATE":"2023-04-25 12:39:30.591","VERSION":1,"JSON":"a_1mek_mako-build-json-222.blob","JOBID":1,"BUILDNUMBER":47,"JSONLENGTH":2993},{"ID":361,"CREATIONDATE":"2023-04-25 12:25:54.321","MODIFICATIONDATE":"2023-04-25 12:25:54.321","VERSION":1,"JSON":"a_1mek_mako-build-json-223.blob","JOBID":1,"BUILDNUMBER":46,"JSONLENGTH":2993},{"ID":362,"CREATIONDATE":"2023-04-25 12:28:42.28","MODIFICATIONDATE":"2023-04-25 12:28:42.28","VERSION":1,"JSON":"a_1mek_mako-build-json-224.blob","JOBID":2,"BUILDNUMBER":39,"JSONLENGTH":8370},{"ID":382,"CREATIONDATE":"2023-04-25 12:39:54.422","MODIFICATIONDATE":"2023-04-25 12:39:54.422","VERSION":1,"JSON":"a_1mek_mako-build-json-225.blob","JOBID":2,"BUILDNUMBER":40,"JSONLENGTH":8370},{"ID":383,"CREATIONDATE":"2023-04-25 12:40:32.548","MODIFICATIONDATE":"2023-04-25 12:40:32.548","VERSION":1,"JSON":"a_1mek_mako-build-json-226.blob","JOBID":21,"BUILDNUMBER":20,"JSONLENGTH":6930},{"ID":365,"CREATIONDATE":"2023-04-25 13:11:19.094","MODIFICATIONDATE":"2023-04-25 13:11:19.094","VERSION":1,"JSON":"a_1mek_mako-build-json-227.blob","JOBID":2,"BUILDNUMBER":41,"JSONLENGTH":8370},{"ID":384,"CREATIONDATE":"2023-04-25 13:11:55.496","MODIFICATIONDATE":"2023-04-25 13:11:55.496","VERSION":1,"JSON":"a_1mek_mako-build-json-228.blob","JOBID":21,"BUILDNUMBER":21,"JSONLENGTH":6942},{"ID":385,"CREATIONDATE":"2023-04-25 13:12:28.009","MODIFICATIONDATE":"2023-04-25 13:12:28.009","VERSION":1,"JSON":"a_1mek_mako-build-json-229.blob","JOBID":22,"BUILDNUMBER":11,"JSONLENGTH":4104},{"ID":366,"CREATIONDATE":"2023-04-25 13:15:29.773","MODIFICATIONDATE":"2023-04-25 13:15:29.773","VERSION":1,"JSON":"a_1mek_mako-build-json-230.blob","JOBID":2,"BUILDNUMBER":42,"JSONLENGTH":8370},{"ID":387,"CREATIONDATE":"2023-04-25 13:16:06.792","MODIFICATIONDATE":"2023-04-25 13:16:06.792","VERSION":1,"JSON":"a_1mek_mako-build-json-231.blob","JOBID":21,"BUILDNUMBER":22,"JSONLENGTH":6942},{"ID":388,"CREATIONDATE":"2023-04-25 13:16:36.645","MODIFICATIONDATE":"2023-04-25 13:16:36.645","VERSION":1,"JSON":"a_1mek_mako-build-json-232.blob","JOBID":22,"BUILDNUMBER":12,"JSONLENGTH":4110},{"ID":367,"CREATIONDATE":"2023-04-25 13:17:00.96","MODIFICATIONDATE":"2023-04-25 13:17:00.96","VERSION":1,"JSON":"a_1mek_mako-build-json-233.blob","JOBID":23,"BUILDNUMBER":10,"JSONLENGTH":5879},{"ID":305,"CREATIONDATE":"2023-04-19 12:27:12.984","MODIFICATIONDATE":"2023-04-19 12:27:12.984","VERSION":1,"JSON":"a_1mek_mako-build-json-234.blob","JOBID":1,"BUILDNUMBER":43,"JSONLENGTH":2993},{"ID":306,"CREATIONDATE":"2023-04-19 12:29:04.765","MODIFICATIONDATE":"2023-04-19 12:29:04.765","VERSION":1,"JSON":"a_1mek_mako-build-json-235.blob","JOBID":166,"BUILDNUMBER":2,"JSONLENGTH":5866},{"ID":307,"CREATIONDATE":"2023-04-19 12:29:32.361","MODIFICATIONDATE":"2023-04-19 12:29:32.361","VERSION":1,"JSON":"a_1mek_mako-build-json-236.blob","JOBID":3,"BUILDNUMBER":15,"JSONLENGTH":1575},{"ID":363,"CREATIONDATE":"2023-04-25 12:29:34.082","MODIFICATIONDATE":"2023-04-25 12:29:34.082","VERSION":1,"JSON":"a_1mek_mako-build-json-237.blob","JOBID":21,"BUILDNUMBER":19,"JSONLENGTH":6929},{"ID":364,"CREATIONDATE":"2023-04-25 13:10:55.351","MODIFICATIONDATE":"2023-04-25 13:10:55.351","VERSION":1,"JSON":"a_1mek_mako-build-json-238.blob","JOBID":1,"BUILDNUMBER":48,"JSONLENGTH":2993},{"ID":386,"CREATIONDATE":"2023-04-25 13:15:07.066","MODIFICATIONDATE":"2023-04-25 13:15:07.066","VERSION":1,"JSON":"a_1mek_mako-build-json-239.blob","JOBID":1,"BUILDNUMBER":49,"JSONLENGTH":2993},{"ID":286,"CREATIONDATE":"2023-04-19 12:27:35.864","MODIFICATIONDATE":"2023-04-19 12:27:35.864","VERSION":1,"JSON":"a_1mek_mako-build-json-240.blob","JOBID":163,"BUILDNUMBER":3,"JSONLENGTH":8367},{"ID":287,"CREATIONDATE":"2023-04-19 12:28:12.914","MODIFICATIONDATE":"2023-04-19 12:28:12.914","VERSION":1,"JSON":"a_1mek_mako-build-json-241.blob","JOBID":164,"BUILDNUMBER":3,"JSONLENGTH":6924},{"ID":288,"CREATIONDATE":"2023-04-19 12:28:40.423","MODIFICATIONDATE":"2023-04-19 12:28:40.423","VERSION":1,"JSON":"a_1mek_mako-build-json-242.blob","JOBID":165,"BUILDNUMBER":2,"JSONLENGTH":4098},{"ID":309,"CREATIONDATE":"2023-04-19 12:54:49.203","MODIFICATIONDATE":"2023-04-19 12:54:49.203","VERSION":1,"JSON":"a_1mek_mako-build-json-243.blob","JOBID":181,"BUILDNUMBER":1,"JSONLENGTH":8368},{"ID":312,"CREATIONDATE":"2023-04-19 12:56:46.947","MODIFICATIONDATE":"2023-04-19 12:56:46.947","VERSION":1,"JSON":"a_1mek_mako-build-json-244.blob","JOBID":3,"BUILDNUMBER":16,"JSONLENGTH":1575},{"ID":321,"CREATIONDATE":"2023-04-20 07:07:33.487","MODIFICATIONDATE":"2023-04-20 07:07:33.487","VERSION":1,"JSON":"a_1mek_mako-build-json-245.blob","JOBID":1,"BUILDNUMBER":45,"JSONLENGTH":2993},{"ID":389,"CREATIONDATE":"2023-04-25 13:17:26.136","MODIFICATIONDATE":"2023-04-25 13:17:26.136","VERSION":1,"JSON":"a_1mek_mako-build-json-246.blob","JOBID":3,"BUILDNUMBER":17,"JSONLENGTH":1575},{"ID":368,"CREATIONDATE":"2023-04-25 14:17:32.594","MODIFICATIONDATE":"2023-04-25 14:17:32.594","VERSION":1,"JSON":"a_1mek_mako-build-json-247.blob","JOBID":2,"BUILDNUMBER":43,"JSONLENGTH":8370},{"ID":369,"CREATIONDATE":"2023-04-25 14:18:48.759","MODIFICATIONDATE":"2023-04-25 14:18:48.759","VERSION":1,"JSON":"a_1mek_mako-build-json-248.blob","JOBID":22,"BUILDNUMBER":13,"JSONLENGTH":4110},{"ID":390,"CREATIONDATE":"2023-04-25 14:14:46.72","MODIFICATIONDATE":"2023-04-25 14:14:46.72","VERSION":1,"JSON":"a_1mek_mako-build-json-249.blob","JOBID":1,"BUILDNUMBER":50,"JSONLENGTH":2993},{"ID":391,"CREATIONDATE":"2023-04-25 14:18:18.582","MODIFICATIONDATE":"2023-04-25 14:18:18.582","VERSION":1,"JSON":"a_1mek_mako-build-json-250.blob","JOBID":21,"BUILDNUMBER":23,"JSONLENGTH":6942},{"ID":392,"CREATIONDATE":"2023-04-25 14:19:13.806","MODIFICATIONDATE":"2023-04-25 14:19:13.806","VERSION":1,"JSON":"a_1mek_mako-build-json-251.blob","JOBID":23,"BUILDNUMBER":11,"JSONLENGTH":5879},{"ID":370,"CREATIONDATE":"2023-04-25 14:19:40.43","MODIFICATIONDATE":"2023-04-25 14:19:40.43","VERSION":1,"JSON":"a_1mek_mako-build-json-252.blob","JOBID":3,"BUILDNUMBER":18,"JSONLENGTH":1575},{"ID":401,"CREATIONDATE":"2023-04-26 04:47:49.602","MODIFICATIONDATE":"2023-04-26 04:47:49.602","VERSION":1,"JSON":"a_1mek_mako-build-json-253.blob","JOBID":1,"BUILDNUMBER":51,"JSONLENGTH":2993},{"ID":402,"CREATIONDATE":"2023-04-26 04:49:22.018","MODIFICATIONDATE":"2023-04-26 04:49:22.018","VERSION":1,"JSON":"a_1mek_mako-build-json-254.blob","JOBID":1,"BUILDNUMBER":52,"JSONLENGTH":2993},{"ID":403,"CREATIONDATE":"2023-04-26 04:49:48.278","MODIFICATIONDATE":"2023-04-26 04:49:48.278","VERSION":1,"JSON":"a_1mek_mako-build-json-255.blob","JOBID":2,"BUILDNUMBER":44,"JSONLENGTH":8370},{"ID":404,"CREATIONDATE":"2023-04-26 04:50:37.564","MODIFICATIONDATE":"2023-04-26 04:50:37.564","VERSION":1,"JSON":"a_1mek_mako-build-json-256.blob","JOBID":21,"BUILDNUMBER":24,"JSONLENGTH":6942},{"ID":405,"CREATIONDATE":"2023-04-26 04:51:07.434","MODIFICATIONDATE":"2023-04-26 04:51:07.434","VERSION":1,"JSON":"a_1mek_mako-build-json-257.blob","JOBID":22,"BUILDNUMBER":14,"JSONLENGTH":4110},{"ID":406,"CREATIONDATE":"2023-04-26 04:51:32.149","MODIFICATIONDATE":"2023-04-26 04:51:32.149","VERSION":1,"JSON":"a_1mek_mako-build-json-258.blob","JOBID":23,"BUILDNUMBER":12,"JSONLENGTH":5879},{"ID":421,"CREATIONDATE":"2023-04-27 12:26:43.114","MODIFICATIONDATE":"2023-04-27 12:26:43.114","VERSION":1,"JSON":"a_1mek_mako-build-json-259.blob","JOBID":1,"BUILDNUMBER":53,"JSONLENGTH":2993},{"ID":424,"CREATIONDATE":"2023-04-27 12:30:35.821","MODIFICATIONDATE":"2023-04-27 12:30:35.821","VERSION":1,"JSON":"a_1mek_mako-build-json-260.blob","JOBID":22,"BUILDNUMBER":15,"JSONLENGTH":4110},{"ID":427,"CREATIONDATE":"2023-04-27 12:36:20.763","MODIFICATIONDATE":"2023-04-27 12:36:20.763","VERSION":1,"JSON":"a_1mek_mako-build-json-261.blob","JOBID":2,"BUILDNUMBER":46,"JSONLENGTH":8370},{"ID":428,"CREATIONDATE":"2023-04-27 12:37:29.592","MODIFICATIONDATE":"2023-04-27 12:37:29.592","VERSION":1,"JSON":"a_1mek_mako-build-json-262.blob","JOBID":22,"BUILDNUMBER":16,"JSONLENGTH":4110},{"ID":407,"CREATIONDATE":"2023-04-26 04:51:59.01","MODIFICATIONDATE":"2023-04-26 04:51:59.01","VERSION":1,"JSON":"a_1mek_mako-build-json-263.blob","JOBID":3,"BUILDNUMBER":19,"JSONLENGTH":1575},{"ID":441,"CREATIONDATE":"2023-04-27 12:35:55.894","MODIFICATIONDATE":"2023-04-27 12:35:55.894","VERSION":1,"JSON":"a_1mek_mako-build-json-264.blob","JOBID":1,"BUILDNUMBER":54,"JSONLENGTH":2993},{"ID":442,"CREATIONDATE":"2023-04-27 12:36:57.035","MODIFICATIONDATE":"2023-04-27 12:36:57.035","VERSION":1,"JSON":"a_1mek_mako-build-json-265.blob","JOBID":21,"BUILDNUMBER":26,"JSONLENGTH":6942},{"ID":443,"CREATIONDATE":"2023-04-27 12:37:54.583","MODIFICATIONDATE":"2023-04-27 12:37:54.583","VERSION":1,"JSON":"a_1mek_mako-build-json-266.blob","JOBID":23,"BUILDNUMBER":14,"JSONLENGTH":5879},{"ID":422,"CREATIONDATE":"2023-04-27 12:29:18.79","MODIFICATIONDATE":"2023-04-27 12:29:18.79","VERSION":1,"JSON":"a_1mek_mako-build-json-267.blob","JOBID":2,"BUILDNUMBER":45,"JSONLENGTH":8370},{"ID":423,"CREATIONDATE":"2023-04-27 12:30:05.169","MODIFICATIONDATE":"2023-04-27 12:30:05.169","VERSION":1,"JSON":"a_1mek_mako-build-json-268.blob","JOBID":21,"BUILDNUMBER":25,"JSONLENGTH":6942},{"ID":425,"CREATIONDATE":"2023-04-27 12:31:00.345","MODIFICATIONDATE":"2023-04-27 12:31:00.345","VERSION":1,"JSON":"a_1mek_mako-build-json-269.blob","JOBID":23,"BUILDNUMBER":13,"JSONLENGTH":5879},{"ID":426,"CREATIONDATE":"2023-04-27 12:31:25.615","MODIFICATIONDATE":"2023-04-27 12:31:25.615","VERSION":1,"JSON":"a_1mek_mako-build-json-270.blob","JOBID":3,"BUILDNUMBER":20,"JSONLENGTH":1575},{"ID":429,"CREATIONDATE":"2023-04-27 12:38:21.511","MODIFICATIONDATE":"2023-04-27 12:38:21.511","VERSION":1,"JSON":"a_1mek_mako-build-json-271.blob","JOBID":3,"BUILDNUMBER":21,"JSONLENGTH":1575}]