[{"ID":1,"CREATIONDATE":"2023-04-13 09:39:58.92","MODIFICATIONDATE":"2023-04-13 09:39:58.92","VERSION":1,"BUILDID":2,"PUBLISHERNAME":"scmChanges","STORAGEPATH":"/scm_change_log_list","STORAGESIZE":6150,"BUILDDATA":"a_1mek_mako-buildoutput-builddata-1.blob","STORAGESTRATEGY":"a_1mek_mako-buildoutput-storagestrategy-1.blob"},{"ID":2,"CREATIONDATE":"2023-04-13 09:48:35.796","MODIFICATIONDATE":"2023-04-13 09:48:35.796","VERSION":1,"BUILDID":3,"PUBLISHERNAME":"scmChanges","STORAGEPATH":"/scm_change_log_list","STORAGESIZE":819,"BUILDDATA":"a_1mek_mako-buildoutput-builddata-2.blob","STORAGESTRATEGY":"a_1mek_mako-buildoutput-storagestrategy-2.blob"},{"ID":3,"CREATIONDATE":"2023-04-13 11:01:12.689","MODIFICATIONDATE":"2023-04-13 11:01:12.689","VERSION":1,"BUILDID":25,"PUBLISHERNAME":"scmChanges","STORAGEPATH":"/scm_change_log_list","STORAGESIZE":818,"BUILDDATA":"a_1mek_mako-buildoutput-builddata-3.blob","STORAGESTRATEGY":"a_1mek_mako-buildoutput-storagestrategy-3.blob"},{"ID":4,"CREATIONDATE":"2023-04-13 11:03:32.995","MODIFICATIONDATE":"2023-04-13 11:03:32.995","VERSION":1,"BUILDID":5,"PUBLISHERNAME":"scmChanges","STORAGEPATH":"/scm_change_log_list","STORAGESIZE":817,"BUILDDATA":"a_1mek_mako-buildoutput-builddata-4.blob","STORAGESTRATEGY":"a_1mek_mako-buildoutput-storagestrategy-4.blob"},{"ID":5,"CREATIONDATE":"2023-04-13 11:07:43.968","MODIFICATIONDATE":"2023-04-13 11:07:43.968","VERSION":1,"BUILDID":6,"PUBLISHERNAME":"scmChanges","STORAGEPATH":"/scm_change_log_list","STORAGESIZE":818,"BUILDDATA":"a_1mek_mako-buildoutput-builddata-5.blob","STORAGESTRATEGY":"a_1mek_mako-buildoutput-storagestrategy-5.blob"},{"ID":121,"CREATIONDATE":"2023-04-17 06:37:10.921","MODIFICATIONDATE":"2023-04-17 06:37:10.921","VERSION":1,"BUILDID":145,"PUBLISHERNAME":"scmChanges","STORAGEPATH":"/scm_change_log_list","STORAGESIZE":2194,"BUILDDATA":"a_1mek_mako-buildoutput-builddata-6.blob","STORAGESTRATEGY":"a_1mek_mako-buildoutput-storagestrategy-6.blob"},{"ID":22,"CREATIONDATE":"2023-04-13 11:17:04.341","MODIFICATIONDATE":"2023-04-13 11:17:04.341","VERSION":1,"BUILDID":27,"PUBLISHERNAME":"scmChanges","STORAGEPATH":"/scm_change_log_list","STORAGESIZE":1288,"BUILDDATA":"a_1mek_mako-buildoutput-builddata-7.blob","STORAGESTRATEGY":"a_1mek_mako-buildoutput-storagestrategy-7.blob"},{"ID":82,"CREATIONDATE":"2023-04-14 12:47:10.946","MODIFICATIONDATE":"2023-04-14 12:47:10.952","VERSION":2,"BUILDID":110,"PUBLISHERNAME":"scmChanges","STORAGEPATH":"/scm_change_log_list","STORAGESIZE":6408,"BUILDDATA":"a_1mek_mako-buildoutput-builddata-8.blob","STORAGESTRATEGY":"a_1mek_mako-buildoutput-storagestrategy-8.blob"},{"ID":83,"CREATIONDATE":"2023-04-14 12:47:41.65","MODIFICATIONDATE":"2023-04-14 12:47:41.65","VERSION":1,"BUILDID":111,"PUBLISHERNAME":"scmChanges","STORAGEPATH":"/scm_change_log_list","STORAGESIZE":1460,"BUILDDATA":"a_1mek_mako-buildoutput-builddata-9.blob","STORAGESTRATEGY":"a_1mek_mako-buildoutput-storagestrategy-9.blob"},{"ID":84,"CREATIONDATE":"2023-04-14 12:48:33.064","MODIFICATIONDATE":"2023-04-14 12:48:33.064","VERSION":1,"BUILDID":93,"PUBLISHERNAME":"scmChanges","STORAGEPATH":"/scm_change_log_list","STORAGESIZE":1288,"BUILDDATA":"a_1mek_mako-buildoutput-builddata-10.blob","STORAGESTRATEGY":"a_1mek_mako-buildoutput-storagestrategy-10.blob"},{"ID":88,"CREATIONDATE":"2023-04-14 13:09:31.373","MODIFICATIONDATE":"2023-04-14 13:09:31.373","VERSION":1,"BUILDID":112,"PUBLISHERNAME":"scmChanges","STORAGEPATH":"/scm_change_log_list","STORAGESIZE":1722,"BUILDDATA":"a_1mek_mako-buildoutput-builddata-11.blob","STORAGESTRATEGY":"a_1mek_mako-buildoutput-storagestrategy-11.blob"},{"ID":21,"CREATIONDATE":"2023-04-13 11:09:46.091","MODIFICATIONDATE":"2023-04-13 11:09:46.091","VERSION":1,"BUILDID":26,"PUBLISHERNAME":"scmChanges","STORAGEPATH":"/scm_change_log_list","STORAGESIZE":818,"BUILDDATA":"a_1mek_mako-buildoutput-builddata-12.blob","STORAGESTRATEGY":"a_1mek_mako-buildoutput-storagestrategy-12.blob"},{"ID":6,"CREATIONDATE":"2023-04-13 11:40:09.942","MODIFICATIONDATE":"2023-04-13 11:40:09.942","VERSION":1,"BUILDID":8,"PUBLISHERNAME":"scmChanges","STORAGEPATH":"/scm_change_log_list","STORAGESIZE":820,"BUILDDATA":"a_1mek_mako-buildoutput-builddata-13.blob","STORAGESTRATEGY":"a_1mek_mako-buildoutput-storagestrategy-13.blob"},{"ID":41,"CREATIONDATE":"2023-04-14 05:34:30.938","MODIFICATIONDATE":"2023-04-14 05:34:30.938","VERSION":1,"BUILDID":61,"PUBLISHERNAME":"scmChanges","STORAGEPATH":"/scm_change_log_list","STORAGESIZE":819,"BUILDDATA":"a_1mek_mako-buildoutput-builddata-14.blob","STORAGESTRATEGY":"a_1mek_mako-buildoutput-storagestrategy-14.blob"},{"ID":42,"CREATIONDATE":"2023-04-14 05:36:45.782","MODIFICATIONDATE":"2023-04-14 05:36:45.782","VERSION":1,"BUILDID":43,"PUBLISHERNAME":"scmChanges","STORAGEPATH":"/scm_change_log_list","STORAGESIZE":818,"BUILDDATA":"a_1mek_mako-buildoutput-builddata-15.blob","STORAGESTRATEGY":"a_1mek_mako-buildoutput-storagestrategy-15.blob"},{"ID":43,"CREATIONDATE":"2023-04-14 05:39:12.808","MODIFICATIONDATE":"2023-04-14 05:39:12.808","VERSION":1,"BUILDID":62,"PUBLISHERNAME":"scmChanges","STORAGEPATH":"/scm_change_log_list","STORAGESIZE":818,"BUILDDATA":"a_1mek_mako-buildoutput-builddata-16.blob","STORAGESTRATEGY":"a_1mek_mako-buildoutput-storagestrategy-16.blob"},{"ID":64,"CREATIONDATE":"2023-04-14 06:41:47.147","MODIFICATIONDATE":"2023-04-14 06:41:47.147","VERSION":1,"BUILDID":78,"PUBLISHERNAME":"scmChanges","STORAGEPATH":"/scm_change_log_list","STORAGESIZE":804,"BUILDDATA":"a_1mek_mako-buildoutput-builddata-17.blob","STORAGESTRATEGY":"a_1mek_mako-buildoutput-storagestrategy-17.blob"},{"ID":81,"CREATIONDATE":"2023-04-14 12:37:17.677","MODIFICATIONDATE":"2023-04-14 12:37:17.688","VERSION":2,"BUILDID":108,"PUBLISHERNAME":"scmChanges","STORAGEPATH":"/scm_change_log_list","STORAGESIZE":17831,"BUILDDATA":"a_1mek_mako-buildoutput-builddata-18.blob","STORAGESTRATEGY":"a_1mek_mako-buildoutput-storagestrategy-18.blob"},{"ID":85,"CREATIONDATE":"2023-04-14 13:02:55.944","MODIFICATIONDATE":"2023-04-14 13:02:55.963","VERSION":2,"BUILDID":96,"PUBLISHERNAME":"scmChanges","STORAGEPATH":"/scm_change_log_list","STORAGESIZE":18097,"BUILDDATA":"a_1mek_mako-buildoutput-builddata-19.blob","STORAGESTRATEGY":"a_1mek_mako-buildoutput-storagestrategy-19.blob"},{"ID":61,"CREATIONDATE":"2023-04-14 05:44:38.248","MODIFICATIONDATE":"2023-04-14 05:44:38.248","VERSION":1,"BUILDID":63,"PUBLISHERNAME":"scmChanges","STORAGEPATH":"/scm_change_log_list","STORAGESIZE":2592,"BUILDDATA":"a_1mek_mako-buildoutput-builddata-20.blob","STORAGESTRATEGY":"a_1mek_mako-buildoutput-storagestrategy-20.blob"},{"ID":62,"CREATIONDATE":"2023-04-14 05:48:34.074","MODIFICATIONDATE":"2023-04-14 05:48:34.074","VERSION":1,"BUILDID":65,"PUBLISHERNAME":"scmChanges","STORAGEPATH":"/scm_change_log_list","STORAGESIZE":818,"BUILDDATA":"a_1mek_mako-buildoutput-builddata-21.blob","STORAGESTRATEGY":"a_1mek_mako-buildoutput-storagestrategy-21.blob"},{"ID":63,"CREATIONDATE":"2023-04-14 06:36:04.023","MODIFICATIONDATE":"2023-04-14 06:36:04.023","VERSION":1,"BUILDID":75,"PUBLISHERNAME":"scmChanges","STORAGEPATH":"/scm_change_log_list","STORAGESIZE":1262,"BUILDDATA":"a_1mek_mako-buildoutput-builddata-22.blob","STORAGESTRATEGY":"a_1mek_mako-buildoutput-storagestrategy-22.blob"},{"ID":44,"CREATIONDATE":"2023-04-14 07:04:51.389","MODIFICATIONDATE":"2023-04-14 07:04:51.389","VERSION":1,"BUILDID":79,"PUBLISHERNAME":"scmChanges","STORAGEPATH":"/scm_change_log_list","STORAGESIZE":11775,"BUILDDATA":"a_1mek_mako-buildoutput-builddata-23.blob","STORAGESTRATEGY":"a_1mek_mako-buildoutput-storagestrategy-23.blob"},{"ID":65,"CREATIONDATE":"2023-04-14 07:07:25.89","MODIFICATIONDATE":"2023-04-14 07:07:25.89","VERSION":1,"BUILDID":81,"PUBLISHERNAME":"scmChanges","STORAGEPATH":"/scm_change_log_list","STORAGESIZE":4007,"BUILDDATA":"a_1mek_mako-buildoutput-builddata-24.blob","STORAGESTRATEGY":"a_1mek_mako-buildoutput-storagestrategy-24.blob"},{"ID":86,"CREATIONDATE":"2023-04-14 13:08:08.695","MODIFICATIONDATE":"2023-04-14 13:08:08.695","VERSION":1,"BUILDID":98,"PUBLISHERNAME":"scmChanges","STORAGEPATH":"/scm_change_log_list","STORAGESIZE":1459,"BUILDDATA":"a_1mek_mako-buildoutput-builddata-25.blob","STORAGESTRATEGY":"a_1mek_mako-buildoutput-storagestrategy-25.blob"},{"ID":87,"CREATIONDATE":"2023-04-14 13:08:39.363","MODIFICATIONDATE":"2023-04-14 13:08:39.363","VERSION":1,"BUILDID":99,"PUBLISHERNAME":"scmChanges","STORAGEPATH":"/scm_change_log_list","STORAGESIZE":2702,"BUILDDATA":"a_1mek_mako-buildoutput-builddata-26.blob","STORAGESTRATEGY":"a_1mek_mako-buildoutput-storagestrategy-26.blob"},{"ID":101,"CREATIONDATE":"2023-04-17 06:30:34.401","MODIFICATIONDATE":"2023-04-17 06:30:34.401","VERSION":1,"BUILDID":143,"PUBLISHERNAME":"scmChanges","STORAGEPATH":"/scm_change_log_list","STORAGESIZE":1722,"BUILDDATA":"a_1mek_mako-buildoutput-builddata-27.blob","STORAGESTRATEGY":"a_1mek_mako-buildoutput-storagestrategy-27.blob"},{"ID":102,"CREATIONDATE":"2023-04-17 06:35:36.8","MODIFICATIONDATE":"2023-04-17 06:35:36.8","VERSION":1,"BUILDID":144,"PUBLISHERNAME":"scmChanges","STORAGEPATH":"/scm_change_log_list","STORAGESIZE":817,"BUILDDATA":"a_1mek_mako-buildoutput-builddata-28.blob","STORAGESTRATEGY":"a_1mek_mako-buildoutput-storagestrategy-28.blob"},{"ID":122,"CREATIONDATE":"2023-04-17 06:40:31.29","MODIFICATIONDATE":"2023-04-17 06:40:31.29","VERSION":1,"BUILDID":147,"PUBLISHERNAME":"scmChanges","STORAGEPATH":"/scm_change_log_list","STORAGESIZE":817,"BUILDDATA":"a_1mek_mako-buildoutput-builddata-29.blob","STORAGESTRATEGY":"a_1mek_mako-buildoutput-storagestrategy-29.blob"},{"ID":143,"CREATIONDATE":"2023-04-17 13:57:27.237","MODIFICATIONDATE":"2023-04-17 13:57:27.237","VERSION":1,"BUILDID":154,"PUBLISHERNAME":"scmChanges","STORAGEPATH":"/scm_change_log_list","STORAGESIZE":8217,"BUILDDATA":"a_1mek_mako-buildoutput-builddata-30.blob","STORAGESTRATEGY":"a_1mek_mako-buildoutput-storagestrategy-30.blob"},{"ID":145,"CREATIONDATE":"2023-04-17 14:23:06.598","MODIFICATIONDATE":"2023-04-17 14:23:06.598","VERSION":1,"BUILDID":161,"PUBLISHERNAME":"scmChanges","STORAGEPATH":"/scm_change_log_list","STORAGESIZE":1762,"BUILDDATA":"a_1mek_mako-buildoutput-builddata-31.blob","STORAGESTRATEGY":"a_1mek_mako-buildoutput-storagestrategy-31.blob"},{"ID":146,"CREATIONDATE":"2023-04-17 15:11:06.352","MODIFICATIONDATE":"2023-04-17 15:11:06.352","VERSION":1,"BUILDID":182,"PUBLISHERNAME":"scmChanges","STORAGEPATH":"/scm_change_log_list","STORAGESIZE":825,"BUILDDATA":"a_1mek_mako-buildoutput-builddata-32.blob","STORAGESTRATEGY":"a_1mek_mako-buildoutput-storagestrategy-32.blob"},{"ID":202,"CREATIONDATE":"2023-04-17 20:42:44.293","MODIFICATIONDATE":"2023-04-17 20:42:44.293","VERSION":1,"BUILDID":207,"PUBLISHERNAME":"scmChanges","STORAGEPATH":"/scm_change_log_list","STORAGESIZE":1286,"BUILDDATA":"a_1mek_mako-buildoutput-builddata-33.blob","STORAGESTRATEGY":"a_1mek_mako-buildoutput-storagestrategy-33.blob"},{"ID":221,"CREATIONDATE":"2023-04-18 11:05:38.571","MODIFICATIONDATE":"2023-04-18 11:05:38.594","VERSION":2,"BUILDID":265,"PUBLISHERNAME":"scmChanges","STORAGEPATH":"/scm_change_log_list","STORAGESIZE":27804,"BUILDDATA":"a_1mek_mako-buildoutput-builddata-34.blob","STORAGESTRATEGY":"a_1mek_mako-buildoutput-storagestrategy-34.blob"},{"ID":223,"CREATIONDATE":"2023-04-18 11:10:18.635","MODIFICATIONDATE":"2023-04-18 11:10:18.635","VERSION":1,"BUILDID":268,"PUBLISHERNAME":"scmChanges","STORAGEPATH":"/scm_change_log_list","STORAGESIZE":816,"BUILDDATA":"a_1mek_mako-buildoutput-builddata-35.blob","STORAGESTRATEGY":"a_1mek_mako-buildoutput-storagestrategy-35.blob"},{"ID":263,"CREATIONDATE":"2023-04-19 12:21:08.493","MODIFICATIONDATE":"2023-04-19 12:21:08.493","VERSION":1,"BUILDID":285,"PUBLISHERNAME":"scmChanges","STORAGEPATH":"/scm_change_log_list","STORAGESIZE":12110,"BUILDDATA":"a_1mek_mako-buildoutput-builddata-36.blob","STORAGESTRATEGY":"a_1mek_mako-buildoutput-storagestrategy-36.blob"},{"ID":264,"CREATIONDATE":"2023-04-19 12:28:11.949","MODIFICATIONDATE":"2023-04-19 12:28:11.949","VERSION":1,"BUILDID":286,"PUBLISHERNAME":"scmChanges","STORAGEPATH":"/scm_change_log_list","STORAGESIZE":814,"BUILDDATA":"a_1mek_mako-buildoutput-builddata-37.blob","STORAGESTRATEGY":"a_1mek_mako-buildoutput-storagestrategy-37.blob"},{"ID":166,"CREATIONDATE":"2023-04-17 15:17:34.101","MODIFICATIONDATE":"2023-04-17 15:17:34.101","VERSION":1,"BUILDID":186,"PUBLISHERNAME":"scmChanges","STORAGEPATH":"/scm_change_log_list","STORAGESIZE":825,"BUILDDATA":"a_1mek_mako-buildoutput-builddata-38.blob","STORAGESTRATEGY":"a_1mek_mako-buildoutput-storagestrategy-38.blob"},{"ID":167,"CREATIONDATE":"2023-04-17 15:18:28.216","MODIFICATIONDATE":"2023-04-17 15:18:28.216","VERSION":1,"BUILDID":188,"PUBLISHERNAME":"scmChanges","STORAGEPATH":"/scm_change_log_list","STORAGESIZE":4617,"BUILDDATA":"a_1mek_mako-buildoutput-builddata-39.blob","STORAGESTRATEGY":"a_1mek_mako-buildoutput-storagestrategy-39.blob"},{"ID":169,"CREATIONDATE":"2023-04-17 15:32:00.805","MODIFICATIONDATE":"2023-04-17 15:32:00.805","VERSION":1,"BUILDID":191,"PUBLISHERNAME":"scmChanges","STORAGEPATH":"/scm_change_log_list","STORAGESIZE":825,"BUILDDATA":"a_1mek_mako-buildoutput-builddata-40.blob","STORAGESTRATEGY":"a_1mek_mako-buildoutput-storagestrategy-40.blob"},{"ID":241,"CREATIONDATE":"2023-04-18 11:45:53.858","MODIFICATIONDATE":"2023-04-18 11:45:53.858","VERSION":1,"BUILDID":271,"PUBLISHERNAME":"scmChanges","STORAGEPATH":"/scm_change_log_list","STORAGESIZE":864,"BUILDDATA":"a_1mek_mako-buildoutput-builddata-41.blob","STORAGESTRATEGY":"a_1mek_mako-buildoutput-storagestrategy-41.blob"},{"ID":243,"CREATIONDATE":"2023-04-18 11:51:31.111","MODIFICATIONDATE":"2023-04-18 11:51:31.111","VERSION":1,"BUILDID":251,"PUBLISHERNAME":"scmChanges","STORAGEPATH":"/scm_change_log_list","STORAGESIZE":816,"BUILDDATA":"a_1mek_mako-buildoutput-builddata-42.blob","STORAGESTRATEGY":"a_1mek_mako-buildoutput-storagestrategy-42.blob"},{"ID":265,"CREATIONDATE":"2023-04-19 12:28:39.432","MODIFICATIONDATE":"2023-04-19 12:28:39.432","VERSION":1,"BUILDID":287,"PUBLISHERNAME":"scmChanges","STORAGEPATH":"/scm_change_log_list","STORAGESIZE":814,"BUILDDATA":"a_1mek_mako-buildoutput-builddata-43.blob","STORAGESTRATEGY":"a_1mek_mako-buildoutput-storagestrategy-43.blob"},{"ID":168,"CREATIONDATE":"2023-04-17 15:31:32.464","MODIFICATIONDATE":"2023-04-17 15:31:32.464","VERSION":1,"BUILDID":168,"PUBLISHERNAME":"scmChanges","STORAGEPATH":"/scm_change_log_list","STORAGESIZE":825,"BUILDDATA":"a_1mek_mako-buildoutput-builddata-44.blob","STORAGESTRATEGY":"a_1mek_mako-buildoutput-storagestrategy-44.blob"},{"ID":181,"CREATIONDATE":"2023-04-17 20:26:54.859","MODIFICATIONDATE":"2023-04-17 20:26:54.877","VERSION":2,"BUILDID":222,"PUBLISHERNAME":"scmChanges","STORAGEPATH":"/scm_change_log_list","STORAGESIZE":29110,"BUILDDATA":"a_1mek_mako-buildoutput-builddata-45.blob","STORAGESTRATEGY":"a_1mek_mako-buildoutput-storagestrategy-45.blob"},{"ID":203,"CREATIONDATE":"2023-04-17 20:43:35.703","MODIFICATIONDATE":"2023-04-17 20:43:35.703","VERSION":1,"BUILDID":209,"PUBLISHERNAME":"scmChanges","STORAGEPATH":"/scm_change_log_list","STORAGESIZE":2685,"BUILDDATA":"a_1mek_mako-buildoutput-builddata-46.blob","STORAGESTRATEGY":"a_1mek_mako-buildoutput-storagestrategy-46.blob"},{"ID":222,"CREATIONDATE":"2023-04-18 11:09:46.006","MODIFICATIONDATE":"2023-04-18 11:09:46.006","VERSION":1,"BUILDID":267,"PUBLISHERNAME":"scmChanges","STORAGEPATH":"/scm_change_log_list","STORAGESIZE":816,"BUILDDATA":"a_1mek_mako-buildoutput-builddata-47.blob","STORAGESTRATEGY":"a_1mek_mako-buildoutput-storagestrategy-47.blob"},{"ID":103,"CREATIONDATE":"2023-04-17 07:34:49.404","MODIFICATIONDATE":"2023-04-17 07:34:49.404","VERSION":1,"BUILDID":127,"PUBLISHERNAME":"scmChanges","STORAGEPATH":"/scm_change_log_list","STORAGESIZE":2680,"BUILDDATA":"a_1mek_mako-buildoutput-builddata-48.blob","STORAGESTRATEGY":"a_1mek_mako-buildoutput-storagestrategy-48.blob"},{"ID":104,"CREATIONDATE":"2023-04-17 07:35:21.622","MODIFICATIONDATE":"2023-04-17 07:35:21.622","VERSION":1,"BUILDID":128,"PUBLISHERNAME":"scmChanges","STORAGEPATH":"/scm_change_log_list","STORAGESIZE":2680,"BUILDDATA":"a_1mek_mako-buildoutput-builddata-49.blob","STORAGESTRATEGY":"a_1mek_mako-buildoutput-storagestrategy-49.blob"},{"ID":142,"CREATIONDATE":"2023-04-17 13:44:48.192","MODIFICATIONDATE":"2023-04-17 13:44:48.198","VERSION":2,"BUILDID":152,"PUBLISHERNAME":"scmChanges","STORAGEPATH":"/scm_change_log_list","STORAGESIZE":22331,"BUILDDATA":"a_1mek_mako-buildoutput-builddata-50.blob","STORAGESTRATEGY":"a_1mek_mako-buildoutput-storagestrategy-50.blob"},{"ID":147,"CREATIONDATE":"2023-04-17 15:32:52.685","MODIFICATIONDATE":"2023-04-17 15:32:52.685","VERSION":1,"BUILDID":193,"PUBLISHERNAME":"scmChanges","STORAGEPATH":"/scm_change_log_list","STORAGESIZE":824,"BUILDDATA":"a_1mek_mako-buildoutput-builddata-51.blob","STORAGESTRATEGY":"a_1mek_mako-buildoutput-storagestrategy-51.blob"},{"ID":144,"CREATIONDATE":"2023-04-17 14:22:40.771","MODIFICATIONDATE":"2023-04-17 14:22:40.771","VERSION":1,"BUILDID":160,"PUBLISHERNAME":"scmChanges","STORAGEPATH":"/scm_change_log_list","STORAGESIZE":1762,"BUILDDATA":"a_1mek_mako-buildoutput-builddata-52.blob","STORAGESTRATEGY":"a_1mek_mako-buildoutput-storagestrategy-52.blob"},{"ID":162,"CREATIONDATE":"2023-04-17 14:32:13.378","MODIFICATIONDATE":"2023-04-17 14:32:13.378","VERSION":1,"BUILDID":166,"PUBLISHERNAME":"scmChanges","STORAGEPATH":"/scm_change_log_list","STORAGESIZE":824,"BUILDDATA":"a_1mek_mako-buildoutput-builddata-53.blob","STORAGESTRATEGY":"a_1mek_mako-buildoutput-storagestrategy-53.blob"},{"ID":163,"CREATIONDATE":"2023-04-17 14:32:39.672","MODIFICATIONDATE":"2023-04-17 14:32:39.672","VERSION":1,"BUILDID":137,"PUBLISHERNAME":"scmChanges","STORAGEPATH":"/scm_change_log_list","STORAGESIZE":825,"BUILDDATA":"a_1mek_mako-buildoutput-builddata-54.blob","STORAGESTRATEGY":"a_1mek_mako-buildoutput-storagestrategy-54.blob"},{"ID":226,"CREATIONDATE":"2023-04-18 11:46:25.631","MODIFICATIONDATE":"2023-04-18 11:46:25.631","VERSION":1,"BUILDID":249,"PUBLISHERNAME":"scmChanges","STORAGEPATH":"/scm_change_log_list","STORAGESIZE":864,"BUILDDATA":"a_1mek_mako-buildoutput-builddata-55.blob","STORAGESTRATEGY":"a_1mek_mako-buildoutput-storagestrategy-55.blob"},{"ID":242,"CREATIONDATE":"2023-04-18 11:51:00.726","MODIFICATIONDATE":"2023-04-18 11:51:00.726","VERSION":1,"BUILDID":272,"PUBLISHERNAME":"scmChanges","STORAGEPATH":"/scm_change_log_list","STORAGESIZE":817,"BUILDDATA":"a_1mek_mako-buildoutput-builddata-56.blob","STORAGESTRATEGY":"a_1mek_mako-buildoutput-storagestrategy-56.blob"},{"ID":244,"CREATIONDATE":"2023-04-18 11:52:22.228","MODIFICATIONDATE":"2023-04-18 11:52:22.228","VERSION":1,"BUILDID":273,"PUBLISHERNAME":"scmChanges","STORAGEPATH":"/scm_change_log_list","STORAGESIZE":11631,"BUILDDATA":"a_1mek_mako-buildoutput-builddata-57.blob","STORAGESTRATEGY":"a_1mek_mako-buildoutput-storagestrategy-57.blob"},{"ID":267,"CREATIONDATE":"2023-04-19 12:55:25.337","MODIFICATIONDATE":"2023-04-19 12:55:25.349","VERSION":2,"BUILDID":309,"PUBLISHERNAME":"scmChanges","STORAGEPATH":"/scm_change_log_list","STORAGESIZE":27022,"BUILDDATA":"a_1mek_mako-buildoutput-builddata-58.blob","STORAGESTRATEGY":"a_1mek_mako-buildoutput-storagestrategy-58.blob"},{"ID":268,"CREATIONDATE":"2023-04-19 12:55:54.07","MODIFICATIONDATE":"2023-04-19 12:55:54.095","VERSION":2,"BUILDID":289,"PUBLISHERNAME":"scmChanges","STORAGEPATH":"/scm_change_log_list","STORAGESIZE":27022,"BUILDDATA":"a_1mek_mako-buildoutput-builddata-59.blob","STORAGESTRATEGY":"a_1mek_mako-buildoutput-storagestrategy-59.blob"},{"ID":269,"CREATIONDATE":"2023-04-19 12:56:46.012","MODIFICATIONDATE":"2023-04-19 12:56:46.012","VERSION":1,"BUILDID":311,"PUBLISHERNAME":"scmChanges","STORAGEPATH":"/scm_change_log_list","STORAGESIZE":12090,"BUILDDATA":"a_1mek_mako-buildoutput-builddata-60.blob","STORAGESTRATEGY":"a_1mek_mako-buildoutput-storagestrategy-60.blob"},{"ID":301,"CREATIONDATE":"2023-04-25 12:29:31.975","MODIFICATIONDATE":"2023-04-25 12:29:32.07","VERSION":2,"BUILDID":362,"PUBLISHERNAME":"scmChanges","STORAGEPATH":"/scm_change_log_list","STORAGESIZE":19043,"BUILDDATA":"a_1mek_mako-buildoutput-builddata-61.blob","STORAGESTRATEGY":"a_1mek_mako-buildoutput-storagestrategy-61.blob"},{"ID":302,"CREATIONDATE":"2023-04-25 12:30:01.156","MODIFICATIONDATE":"2023-04-25 12:30:01.156","VERSION":1,"BUILDID":363,"PUBLISHERNAME":"scmChanges","STORAGEPATH":"/scm_change_log_list","STORAGESIZE":6960,"BUILDDATA":"a_1mek_mako-buildoutput-builddata-62.blob","STORAGESTRATEGY":"a_1mek_mako-buildoutput-storagestrategy-62.blob"},{"ID":141,"CREATIONDATE":"2023-04-17 13:44:20.68","MODIFICATIONDATE":"2023-04-17 13:44:20.744","VERSION":2,"BUILDID":151,"PUBLISHERNAME":"scmChanges","STORAGEPATH":"/scm_change_log_list","STORAGESIZE":23266,"BUILDDATA":"a_1mek_mako-buildoutput-builddata-63.blob","STORAGESTRATEGY":"a_1mek_mako-buildoutput-storagestrategy-63.blob"},{"ID":161,"CREATIONDATE":"2023-04-17 14:03:03.415","MODIFICATIONDATE":"2023-04-17 14:03:03.415","VERSION":1,"BUILDID":131,"PUBLISHERNAME":"scmChanges","STORAGEPATH":"/scm_change_log_list","STORAGESIZE":1304,"BUILDDATA":"a_1mek_mako-buildoutput-builddata-64.blob","STORAGESTRATEGY":"a_1mek_mako-buildoutput-storagestrategy-64.blob"},{"ID":164,"CREATIONDATE":"2023-04-17 15:11:33.403","MODIFICATIONDATE":"2023-04-17 15:11:33.403","VERSION":1,"BUILDID":183,"PUBLISHERNAME":"scmChanges","STORAGEPATH":"/scm_change_log_list","STORAGESIZE":825,"BUILDDATA":"a_1mek_mako-buildoutput-builddata-65.blob","STORAGESTRATEGY":"a_1mek_mako-buildoutput-storagestrategy-65.blob"},{"ID":165,"CREATIONDATE":"2023-04-17 15:17:05.356","MODIFICATIONDATE":"2023-04-17 15:17:05.356","VERSION":1,"BUILDID":185,"PUBLISHERNAME":"scmChanges","STORAGEPATH":"/scm_change_log_list","STORAGESIZE":825,"BUILDDATA":"a_1mek_mako-buildoutput-builddata-66.blob","STORAGESTRATEGY":"a_1mek_mako-buildoutput-storagestrategy-66.blob"},{"ID":201,"CREATIONDATE":"2023-04-17 20:34:58.101","MODIFICATIONDATE":"2023-04-17 20:34:58.101","VERSION":1,"BUILDID":206,"PUBLISHERNAME":"scmChanges","STORAGEPATH":"/scm_change_log_list","STORAGESIZE":816,"BUILDDATA":"a_1mek_mako-buildoutput-builddata-67.blob","STORAGESTRATEGY":"a_1mek_mako-buildoutput-storagestrategy-67.blob"},{"ID":261,"CREATIONDATE":"2023-04-19 12:13:38.544","MODIFICATIONDATE":"2023-04-19 12:13:38.592","VERSION":2,"BUILDID":301,"PUBLISHERNAME":"scmChanges","STORAGEPATH":"/scm_change_log_list","STORAGESIZE":27059,"BUILDDATA":"a_1mek_mako-buildoutput-builddata-68.blob","STORAGESTRATEGY":"a_1mek_mako-buildoutput-storagestrategy-68.blob"},{"ID":281,"CREATIONDATE":"2023-04-19 12:19:50.25","MODIFICATIONDATE":"2023-04-19 12:19:50.25","VERSION":1,"BUILDID":303,"PUBLISHERNAME":"scmChanges","STORAGEPATH":"/scm_change_log_list","STORAGESIZE":800,"BUILDDATA":"a_1mek_mako-buildoutput-builddata-69.blob","STORAGESTRATEGY":"a_1mek_mako-buildoutput-storagestrategy-69.blob"},{"ID":282,"CREATIONDATE":"2023-04-19 12:20:17.685","MODIFICATIONDATE":"2023-04-19 12:20:17.685","VERSION":1,"BUILDID":283,"PUBLISHERNAME":"scmChanges","STORAGEPATH":"/scm_change_log_list","STORAGESIZE":800,"BUILDDATA":"a_1mek_mako-buildoutput-builddata-70.blob","STORAGESTRATEGY":"a_1mek_mako-buildoutput-storagestrategy-70.blob"},{"ID":322,"CREATIONDATE":"2023-04-25 13:17:25.224","MODIFICATIONDATE":"2023-04-25 13:17:25.224","VERSION":1,"BUILDID":367,"PUBLISHERNAME":"scmChanges","STORAGEPATH":"/scm_change_log_list","STORAGESIZE":8757,"BUILDDATA":"a_1mek_mako-buildoutput-builddata-71.blob","STORAGESTRATEGY":"a_1mek_mako-buildoutput-storagestrategy-71.blob"},{"ID":170,"CREATIONDATE":"2023-04-17 16:31:33.911","MODIFICATIONDATE":"2023-04-17 16:31:33.911","VERSION":1,"BUILDID":199,"PUBLISHERNAME":"scmChanges","STORAGEPATH":"/scm_change_log_list","STORAGESIZE":11545,"BUILDDATA":"a_1mek_mako-buildoutput-builddata-72.blob","STORAGESTRATEGY":"a_1mek_mako-buildoutput-storagestrategy-72.blob"},{"ID":262,"CREATIONDATE":"2023-04-19 12:14:05.235","MODIFICATIONDATE":"2023-04-19 12:14:05.241","VERSION":2,"BUILDID":302,"PUBLISHERNAME":"scmChanges","STORAGEPATH":"/scm_change_log_list","STORAGESIZE":27059,"BUILDDATA":"a_1mek_mako-buildoutput-builddata-73.blob","STORAGESTRATEGY":"a_1mek_mako-buildoutput-storagestrategy-73.blob"},{"ID":321,"CREATIONDATE":"2023-04-25 12:40:57.184","MODIFICATIONDATE":"2023-04-25 12:40:57.184","VERSION":1,"BUILDID":383,"PUBLISHERNAME":"scmChanges","STORAGEPATH":"/scm_change_log_list","STORAGESIZE":12085,"BUILDDATA":"a_1mek_mako-buildoutput-builddata-74.blob","STORAGESTRATEGY":"a_1mek_mako-buildoutput-storagestrategy-74.blob"},{"ID":224,"CREATIONDATE":"2023-04-18 11:22:27.269","MODIFICATIONDATE":"2023-04-18 11:22:27.269","VERSION":1,"BUILDID":247,"PUBLISHERNAME":"scmChanges","STORAGEPATH":"/scm_change_log_list","STORAGESIZE":814,"BUILDDATA":"a_1mek_mako-buildoutput-builddata-75.blob","STORAGESTRATEGY":"a_1mek_mako-buildoutput-storagestrategy-75.blob"},{"ID":225,"CREATIONDATE":"2023-04-18 11:22:53.856","MODIFICATIONDATE":"2023-04-18 11:22:53.856","VERSION":1,"BUILDID":248,"PUBLISHERNAME":"scmChanges","STORAGEPATH":"/scm_change_log_list","STORAGESIZE":814,"BUILDDATA":"a_1mek_mako-buildoutput-builddata-76.blob","STORAGESTRATEGY":"a_1mek_mako-buildoutput-storagestrategy-76.blob"},{"ID":266,"CREATIONDATE":"2023-04-19 12:29:31.288","MODIFICATIONDATE":"2023-04-19 12:29:31.288","VERSION":1,"BUILDID":306,"PUBLISHERNAME":"scmChanges","STORAGEPATH":"/scm_change_log_list","STORAGESIZE":814,"BUILDDATA":"a_1mek_mako-buildoutput-builddata-77.blob","STORAGESTRATEGY":"a_1mek_mako-buildoutput-storagestrategy-77.blob"}]