[{"ID":594,"CREATIONDATE":"2023-04-18 11:13:57.479","MODIFICATIONDATE":"2023-04-28 00:01:15.32","VERSION":11,"JSON":"a_1mek_mako-event-json-1.blob","KEYSTRING":"JN=(Dev) (Integrations) Step1 - Get Input Params;KD=com.oracle.ci.plugins.general.DiscardOldBuilds$BuildsCleanupTrigger;CL=com.oracle.ci.job.timed.JobPeriodicData;","NEXTTIMESTAMP":1682726400000,"JSONLENGTH":714},{"ID":661,"CREATIONDATE":"2023-04-19 07:54:40.332","MODIFICATIONDATE":"2023-04-28 00:01:15.326","VERSION":10,"JSON":"a_1mek_mako-event-json-2.blob","KEYSTRING":"JN=(Dev) (Package) Step1 - Get Build Input Params;KD=com.oracle.ci.plugins.general.DiscardOldBuilds$BuildsCleanupTrigger;CL=com.oracle.ci.job.timed.JobPeriodicData;","NEXTTIMESTAMP":1682726400000,"JSONLENGTH":716},{"ID":803,"CREATIONDATE":"2023-04-25 12:37:35.179","MODIFICATIONDATE":"2023-04-28 00:01:15.344","VERSION":4,"JSON":"a_1mek_mako-event-json-3.blob","KEYSTRING":"JN=(Dev) (BI Report) Step1 - Get Build Input Params;KD=com.oracle.ci.plugins.general.DiscardOldBuilds$BuildsCleanupTrigger;CL=com.oracle.ci.job.timed.JobPeriodicData;","NEXTTIMESTAMP":1682726400000,"JSONLENGTH":720},{"ID":787,"CREATIONDATE":"2023-04-25 13:09:43.218","MODIFICATIONDATE":"2023-04-28 00:01:15.342","VERSION":4,"JSON":"a_1mek_mako-event-json-4.blob","KEYSTRING":"JN=(Dev) (BI Reports) Step2 - BI Artifacts;KD=com.oracle.ci.plugins.general.DiscardOldBuilds$BuildsCleanupTrigger;CL=com.oracle.ci.job.timed.JobPeriodicData;","NEXTTIMESTAMP":1682726400000,"JSONLENGTH":702},{"ID":696,"CREATIONDATE":"2023-04-19 12:15:36.991","MODIFICATIONDATE":"2023-04-28 00:01:15.331","VERSION":10,"JSON":"a_1mek_mako-event-json-5.blob","KEYSTRING":"JN=(Dev) (Lookup) Step2 - Lookup Artifacts;KD=com.oracle.ci.plugins.general.DiscardOldBuilds$BuildsCleanupTrigger;CL=com.oracle.ci.job.timed.JobPeriodicData;","NEXTTIMESTAMP":1682726400000,"JSONLENGTH":702},{"ID":196,"CREATIONDATE":"2023-04-14 07:25:40.573","MODIFICATIONDATE":"2023-04-28 00:01:15.312","VERSION":15,"JSON":"a_1mek_mako-event-json-6.blob","KEYSTRING":"JN=(QA) STEP 4- Generate Deployment Report;KD=com.oracle.ci.plugins.general.DiscardOldBuilds$BuildsCleanupTrigger;CL=com.oracle.ci.job.timed.JobPeriodicData;","NEXTTIMESTAMP":1682726400000,"JSONLENGTH":702},{"ID":200,"CREATIONDATE":"2023-04-14 07:30:12.574","MODIFICATIONDATE":"2023-04-28 00:01:15.315","VERSION":15,"JSON":"a_1mek_mako-event-json-7.blob","KEYSTRING":"JN=(PROD) Step2 - Deploy BI Artifacts;KD=com.oracle.ci.plugins.general.DiscardOldBuilds$BuildsCleanupTrigger;CL=com.oracle.ci.job.timed.JobPeriodicData;","NEXTTIMESTAMP":1682726400000,"JSONLENGTH":692},{"ID":691,"CREATIONDATE":"2023-04-19 10:28:55.653","MODIFICATIONDATE":"2023-04-28 00:01:15.33","VERSION":10,"JSON":"a_1mek_mako-event-json-8.blob","KEYSTRING":"JN=(Dev) (Lookup) Step1 - Get Input Params;KD=com.oracle.ci.plugins.general.DiscardOldBuilds$BuildsCleanupTrigger;CL=com.oracle.ci.job.timed.JobPeriodicData;","NEXTTIMESTAMP":1682726400000,"JSONLENGTH":702},{"ID":697,"CREATIONDATE":"2023-04-19 12:16:15.562","MODIFICATIONDATE":"2023-04-28 00:01:15.333","VERSION":10,"JSON":"a_1mek_mako-event-json-9.blob","KEYSTRING":"JN=(Dev) (Lookup) Step3 - Copy Artifacts;KD=com.oracle.ci.plugins.general.DiscardOldBuilds$BuildsCleanupTrigger;CL=com.oracle.ci.job.timed.JobPeriodicData;","NEXTTIMESTAMP":1682726400000,"JSONLENGTH":698},{"ID":698,"CREATIONDATE":"2023-04-19 12:16:32.142","MODIFICATIONDATE":"2023-04-28 00:01:15.335","VERSION":10,"JSON":"a_1mek_mako-event-json-10.blob","KEYSTRING":"JN=(Dev) (Lookup) STEP 4- Generate Deployment Report;KD=com.oracle.ci.plugins.general.DiscardOldBuilds$BuildsCleanupTrigger;CL=com.oracle.ci.job.timed.JobPeriodicData;","NEXTTIMESTAMP":1682726400000,"JSONLENGTH":722},{"ID":681,"CREATIONDATE":"2023-04-19 07:54:53.404","MODIFICATIONDATE":"2023-04-28 00:01:15.327","VERSION":10,"JSON":"a_1mek_mako-event-json-11.blob","KEYSTRING":"JN=(Dev) (Package) Step2 - Packages Artifacts;KD=com.oracle.ci.plugins.general.DiscardOldBuilds$BuildsCleanupTrigger;CL=com.oracle.ci.job.timed.JobPeriodicData;","NEXTTIMESTAMP":1682726400000,"JSONLENGTH":708},{"ID":682,"CREATIONDATE":"2023-04-19 07:55:15.572","MODIFICATIONDATE":"2023-04-28 00:01:15.328","VERSION":10,"JSON":"a_1mek_mako-event-json-12.blob","KEYSTRING":"JN=(Dev) (Package) Step3-Copy Artifacts;KD=com.oracle.ci.plugins.general.DiscardOldBuilds$BuildsCleanupTrigger;CL=com.oracle.ci.job.timed.JobPeriodicData;","NEXTTIMESTAMP":1682726400000,"JSONLENGTH":696},{"ID":245,"CREATIONDATE":"2023-04-14 12:38:19.512","MODIFICATIONDATE":"2023-04-28 00:01:15.317","VERSION":15,"JSON":"a_1mek_mako-event-json-13.blob","KEYSTRING":"JN=test2;KD=com.oracle.ci.plugins.general.DiscardOldBuilds$BuildsCleanupTrigger;CL=com.oracle.ci.job.timed.JobPeriodicData;","NEXTTIMESTAMP":1682726400000,"JSONLENGTH":634},{"ID":724,"CREATIONDATE":"2023-04-19 12:38:15.084","MODIFICATIONDATE":"2023-04-28 00:01:15.336","VERSION":10,"JSON":"a_1mek_mako-event-json-14.blob","KEYSTRING":"JN=(Dev) (Library) Step1 - Get Input Params;KD=com.oracle.ci.plugins.general.DiscardOldBuilds$BuildsCleanupTrigger;CL=com.oracle.ci.job.timed.JobPeriodicData;","NEXTTIMESTAMP":1682726400000,"JSONLENGTH":704},{"ID":726,"CREATIONDATE":"2023-04-19 12:39:12.026","MODIFICATIONDATE":"2023-04-28 00:01:15.338","VERSION":10,"JSON":"a_1mek_mako-event-json-15.blob","KEYSTRING":"JN=(Dev) (Library) Step2 - Library Artifacts;KD=com.oracle.ci.plugins.general.DiscardOldBuilds$BuildsCleanupTrigger;CL=com.oracle.ci.job.timed.JobPeriodicData;","NEXTTIMESTAMP":1682726400000,"JSONLENGTH":706},{"ID":728,"CREATIONDATE":"2023-04-19 12:40:02.183","MODIFICATIONDATE":"2023-04-28 00:01:15.339","VERSION":10,"JSON":"a_1mek_mako-event-json-16.blob","KEYSTRING":"JN=(Dev) (Library) Step3 - Copy Artifacts;KD=com.oracle.ci.plugins.general.DiscardOldBuilds$BuildsCleanupTrigger;CL=com.oracle.ci.job.timed.JobPeriodicData;","NEXTTIMESTAMP":1682726400000,"JSONLENGTH":700},{"ID":194,"CREATIONDATE":"2023-04-14 07:24:40.358","MODIFICATIONDATE":"2023-04-28 00:01:15.311","VERSION":15,"JSON":"a_1mek_mako-event-json-17.blob","KEYSTRING":"JN=(QA) Step1 - Get Build Input Params;KD=com.oracle.ci.plugins.general.DiscardOldBuilds$BuildsCleanupTrigger;CL=com.oracle.ci.job.timed.JobPeriodicData;","NEXTTIMESTAMP":1682726400000,"JSONLENGTH":694},{"ID":819,"CREATIONDATE":"2023-04-25 13:14:13.006","MODIFICATIONDATE":"2023-04-28 00:01:15.345","VERSION":4,"JSON":"a_1mek_mako-event-json-18.blob","KEYSTRING":"JN=(Dev) (BI Report) Step3-Copy_Artifacts;KD=com.oracle.ci.plugins.general.DiscardOldBuilds$BuildsCleanupTrigger;CL=com.oracle.ci.job.timed.JobPeriodicData;","NEXTTIMESTAMP":1682726400000,"JSONLENGTH":700},{"ID":175,"CREATIONDATE":"2023-04-14 07:15:55.218","MODIFICATIONDATE":"2023-04-28 00:01:15.31","VERSION":15,"JSON":"a_1mek_mako-event-json-19.blob","KEYSTRING":"JN=(QA) Step2 - Deploy BI Artifacts;KD=com.oracle.ci.plugins.general.DiscardOldBuilds$BuildsCleanupTrigger;CL=com.oracle.ci.job.timed.JobPeriodicData;","NEXTTIMESTAMP":1682726400000,"JSONLENGTH":688},{"ID":601,"CREATIONDATE":"2023-04-18 10:55:31.912","MODIFICATIONDATE":"2023-04-28 00:01:15.322","VERSION":11,"JSON":"a_1mek_mako-event-json-20.blob","KEYSTRING":"JN=(Dev) (Package) STEP 4- Generate Deployment Report;KD=com.oracle.ci.plugins.general.DiscardOldBuilds$BuildsCleanupTrigger;CL=com.oracle.ci.job.timed.JobPeriodicData;","NEXTTIMESTAMP":1682726400000,"JSONLENGTH":724},{"ID":198,"CREATIONDATE":"2023-04-14 07:29:25.575","MODIFICATIONDATE":"2023-04-28 00:01:15.313","VERSION":15,"JSON":"a_1mek_mako-event-json-21.blob","KEYSTRING":"JN=(PROD) Step1 - Get Build Input Params;KD=com.oracle.ci.plugins.general.DiscardOldBuilds$BuildsCleanupTrigger;CL=com.oracle.ci.job.timed.JobPeriodicData;","NEXTTIMESTAMP":1682726400000,"JSONLENGTH":698},{"ID":730,"CREATIONDATE":"2023-04-19 12:40:48.98","MODIFICATIONDATE":"2023-04-28 00:01:15.34","VERSION":10,"JSON":"a_1mek_mako-event-json-22.blob","KEYSTRING":"JN=(Dev) (Library) STEP 4- Generate Deployment Report;KD=com.oracle.ci.plugins.general.DiscardOldBuilds$BuildsCleanupTrigger;CL=com.oracle.ci.job.timed.JobPeriodicData;","NEXTTIMESTAMP":1682726400000,"JSONLENGTH":724},{"ID":612,"CREATIONDATE":"2023-04-18 11:11:32.247","MODIFICATIONDATE":"2023-04-28 00:01:15.324","VERSION":11,"JSON":"a_1mek_mako-event-json-23.blob","KEYSTRING":"JN=(Dev) (Integrations) Step2 - Integrations Artifacts;KD=com.oracle.ci.plugins.general.DiscardOldBuilds$BuildsCleanupTrigger;CL=com.oracle.ci.job.timed.JobPeriodicData;","NEXTTIMESTAMP":1682726400000,"JSONLENGTH":726},{"ID":5,"CREATIONDATE":"2023-04-13 07:50:49.046","MODIFICATIONDATE":"2023-04-28 00:01:15.287","VERSION":16,"JSON":"a_1mek_mako-event-json-24.blob","KEYSTRING":"JN=Notify Pipeline Execution Completed;KD=com.oracle.ci.plugins.general.DiscardOldBuilds$BuildsCleanupTrigger;CL=com.oracle.ci.job.timed.JobPeriodicData;","NEXTTIMESTAMP":1682726400000,"JSONLENGTH":694},{"ID":6,"CREATIONDATE":"2023-04-13 07:51:49.535","MODIFICATIONDATE":"2023-04-28 00:01:15.307","VERSION":16,"JSON":"a_1mek_mako-event-json-25.blob","KEYSTRING":"JN=Notify Pipeline Execution Started;KD=com.oracle.ci.plugins.general.DiscardOldBuilds$BuildsCleanupTrigger;CL=com.oracle.ci.job.timed.JobPeriodicData;","NEXTTIMESTAMP":1682726400000,"JSONLENGTH":690},{"ID":218,"CREATIONDATE":"2023-04-14 10:20:28.651","MODIFICATIONDATE":"2023-04-28 00:01:15.316","VERSION":15,"JSON":"a_1mek_mako-event-json-26.blob","KEYSTRING":"JN=test;KD=com.oracle.ci.plugins.general.DiscardOldBuilds$BuildsCleanupTrigger;CL=com.oracle.ci.job.timed.JobPeriodicData;","NEXTTIMESTAMP":1682726400000,"JSONLENGTH":632},{"ID":593,"CREATIONDATE":"2023-04-18 11:12:27.172","MODIFICATIONDATE":"2023-04-28 00:01:15.319","VERSION":11,"JSON":"a_1mek_mako-event-json-27.blob","KEYSTRING":"JN=(Integrations) Step3-Copy Artifacts;KD=com.oracle.ci.plugins.general.DiscardOldBuilds$BuildsCleanupTrigger;CL=com.oracle.ci.job.timed.JobPeriodicData;","NEXTTIMESTAMP":1682726400000,"JSONLENGTH":694},{"ID":591,"CREATIONDATE":"2023-04-18 11:10:55.554","MODIFICATIONDATE":"2023-04-28 00:01:15.318","VERSION":11,"JSON":"a_1mek_mako-event-json-28.blob","KEYSTRING":"JN=(Dev) (Integrations) STEP 4- Generate Deployment Report;KD=com.oracle.ci.plugins.general.DiscardOldBuilds$BuildsCleanupTrigger;CL=com.oracle.ci.job.timed.JobPeriodicData;","NEXTTIMESTAMP":1682726400000,"JSONLENGTH":734},{"ID":820,"CREATIONDATE":"2023-04-25 13:14:52.481","MODIFICATIONDATE":"2023-04-28 00:01:15.346","VERSION":4,"JSON":"a_1mek_mako-event-json-29.blob","KEYSTRING":"JN=(Dev) (BI Report) STEP 4- Generate Deployment Report;KD=com.oracle.ci.plugins.general.DiscardOldBuilds$BuildsCleanupTrigger;CL=com.oracle.ci.job.timed.JobPeriodicData;","NEXTTIMESTAMP":1682726400000,"JSONLENGTH":728}]