[{"ID":1,"CREATIONDATE":"2023-04-13 07:06:19.602","MODIFICATIONDATE":"2023-04-13 07:51:49.522","VERSION":4,"JSON":"a_1mek_mako-job-json-1.blob","JOBNAME":"Notify Pipeline Execution Started","JSONLENGTH":2993},{"ID":2,"CREATIONDATE":"2023-04-13 07:10:39.593","MODIFICATIONDATE":"2023-04-25 12:37:34.258","VERSION":22,"JSON":"a_1mek_mako-job-json-2.blob","JOBNAME":"(Dev) (BI Report) Step1 - Get Build Input Params","JSONLENGTH":8370},{"ID":104,"CREATIONDATE":"2023-04-17 19:15:10.624","MODIFICATIONDATE":"2023-04-19 07:54:52.525","VERSION":5,"JSON":"a_1mek_mako-job-json-3.blob","JOBNAME":"(Dev) (Package) Step2 - Packages Artifacts","JSONLENGTH":6930},{"ID":41,"CREATIONDATE":"2023-04-14 05:22:26.193","MODIFICATIONDATE":"2023-04-14 10:20:28.637","VERSION":17,"JSON":"a_1mek_mako-job-json-4.blob","JOBNAME":"test","JSONLENGTH":3614},{"ID":61,"CREATIONDATE":"2023-04-14 07:25:27.933","MODIFICATIONDATE":"2023-04-14 07:25:40.375","VERSION":3,"JSON":"a_1mek_mako-job-json-5.blob","JOBNAME":"(QA) STEP 4- Generate Deployment Report","JSONLENGTH":5859},{"ID":62,"CREATIONDATE":"2023-04-14 07:29:10.583","MODIFICATIONDATE":"2023-04-14 07:29:25.564","VERSION":3,"JSON":"a_1mek_mako-job-json-6.blob","JOBNAME":"(PROD) Step1 - Get Build Input Params","JSONLENGTH":7187},{"ID":63,"CREATIONDATE":"2023-04-14 07:29:57.18","MODIFICATIONDATE":"2023-04-14 07:30:12.462","VERSION":3,"JSON":"a_1mek_mako-job-json-7.blob","JOBNAME":"(PROD) Step2 - Deploy BI Artifacts","JSONLENGTH":6930},{"ID":81,"CREATIONDATE":"2023-04-14 12:30:48.433","MODIFICATIONDATE":"2023-04-14 12:38:19.495","VERSION":4,"JSON":"a_1mek_mako-job-json-8.blob","JOBNAME":"test2","JSONLENGTH":8372},{"ID":122,"CREATIONDATE":"2023-04-17 20:19:50.541","MODIFICATIONDATE":"2023-04-19 07:54:38.856","VERSION":4,"JSON":"a_1mek_mako-job-json-9.blob","JOBNAME":"(Dev) (Package) Step1 - Get Build Input Params","JSONLENGTH":8368},{"ID":164,"CREATIONDATE":"2023-04-19 10:18:43.791","MODIFICATIONDATE":"2023-04-19 12:15:36.938","VERSION":5,"JSON":"a_1mek_mako-job-json-10.blob","JOBNAME":"(Dev) (Lookup) Step2 - Lookup Artifacts","JSONLENGTH":6924},{"ID":165,"CREATIONDATE":"2023-04-19 10:19:30.468","MODIFICATIONDATE":"2023-04-19 12:16:15.549","VERSION":3,"JSON":"a_1mek_mako-job-json-11.blob","JOBNAME":"(Dev) (Lookup) Step3 - Copy Artifacts","JSONLENGTH":4098},{"ID":166,"CREATIONDATE":"2023-04-19 10:20:06.842","MODIFICATIONDATE":"2023-04-19 12:16:32.132","VERSION":3,"JSON":"a_1mek_mako-job-json-12.blob","JOBNAME":"(Dev) (Lookup) STEP 4- Generate Deployment Report","JSONLENGTH":5866},{"ID":181,"CREATIONDATE":"2023-04-19 12:37:50.235","MODIFICATIONDATE":"2023-04-19 12:38:15.026","VERSION":3,"JSON":"a_1mek_mako-job-json-13.blob","JOBNAME":"(Dev) (Library) Step1 - Get Input Params","JSONLENGTH":8368},{"ID":182,"CREATIONDATE":"2023-04-19 12:38:43.878","MODIFICATIONDATE":"2023-04-19 12:39:12.017","VERSION":3,"JSON":"a_1mek_mako-job-json-14.blob","JOBNAME":"(Dev) (Library) Step2 - Library Artifacts","JSONLENGTH":6926},{"ID":183,"CREATIONDATE":"2023-04-19 12:39:45.502","MODIFICATIONDATE":"2023-04-19 12:40:02.118","VERSION":3,"JSON":"a_1mek_mako-job-json-15.blob","JOBNAME":"(Dev) (Library) Step3 - Copy Artifacts","JSONLENGTH":4100},{"ID":184,"CREATIONDATE":"2023-04-19 12:40:28.643","MODIFICATIONDATE":"2023-04-19 12:40:48.972","VERSION":3,"JSON":"a_1mek_mako-job-json-16.blob","JOBNAME":"(Dev) (Library) STEP 4- Generate Deployment Report","JSONLENGTH":5867},{"ID":101,"CREATIONDATE":"2023-04-17 12:55:00.676","MODIFICATIONDATE":"2023-04-18 11:11:31.008","VERSION":6,"JSON":"a_1mek_mako-job-json-17.blob","JOBNAME":"(Dev) (Integrations) Step2 - Integrations Artifacts","JSONLENGTH":6930},{"ID":102,"CREATIONDATE":"2023-04-17 13:07:03.144","MODIFICATIONDATE":"2023-04-18 11:13:55.977","VERSION":4,"JSON":"a_1mek_mako-job-json-18.blob","JOBNAME":"(Dev) (Integrations) Step1 - Get Input Params","JSONLENGTH":8373},{"ID":21,"CREATIONDATE":"2023-04-13 07:34:36.03","MODIFICATIONDATE":"2023-04-25 13:09:43.154","VERSION":14,"JSON":"a_1mek_mako-job-json-19.blob","JOBNAME":"(Dev) (BI Reports) Step2 - BI Artifacts","JSONLENGTH":6942},{"ID":22,"CREATIONDATE":"2023-04-13 07:41:18.328","MODIFICATIONDATE":"2023-04-25 13:14:12.993","VERSION":6,"JSON":"a_1mek_mako-job-json-20.blob","JOBNAME":"(Dev) (BI Report) Step3-Copy_Artifacts","JSONLENGTH":4110},{"ID":23,"CREATIONDATE":"2023-04-13 07:45:10.773","MODIFICATIONDATE":"2023-04-25 13:14:52.472","VERSION":6,"JSON":"a_1mek_mako-job-json-21.blob","JOBNAME":"(Dev) (BI Report) STEP 4- Generate Deployment Report","JSONLENGTH":5879},{"ID":42,"CREATIONDATE":"2023-04-14 07:15:20.413","MODIFICATIONDATE":"2023-04-14 07:15:55.207","VERSION":3,"JSON":"a_1mek_mako-job-json-22.blob","JOBNAME":"(QA) Step2 - Deploy BI Artifacts","JSONLENGTH":6928},{"ID":43,"CREATIONDATE":"2023-04-14 07:16:37.817","MODIFICATIONDATE":"2023-04-14 07:24:40.122","VERSION":3,"JSON":"a_1mek_mako-job-json-23.blob","JOBNAME":"(QA) Step1 - Get Build Input Params","JSONLENGTH":7185},{"ID":141,"CREATIONDATE":"2023-04-18 07:28:45.276","MODIFICATIONDATE":"2023-04-19 07:55:14.436","VERSION":5,"JSON":"a_1mek_mako-job-json-24.blob","JOBNAME":"(Dev) (Package) Step3-Copy Artifacts","JSONLENGTH":4091},{"ID":142,"CREATIONDATE":"2023-04-18 09:24:08.239","MODIFICATIONDATE":"2023-04-18 10:55:31.433","VERSION":4,"JSON":"a_1mek_mako-job-json-25.blob","JOBNAME":"(Dev) (Package) STEP 4- Generate Deployment Report","JSONLENGTH":5863},{"ID":3,"CREATIONDATE":"2023-04-13 07:50:48.974","MODIFICATIONDATE":"2023-04-13 07:50:49.01","VERSION":2,"JSON":"a_1mek_mako-job-json-26.blob","JOBNAME":"Notify Pipeline Execution Completed","JSONLENGTH":1575},{"ID":103,"CREATIONDATE":"2023-04-17 15:36:18.732","MODIFICATIONDATE":"2023-04-18 11:12:25.588","VERSION":7,"JSON":"a_1mek_mako-job-json-27.blob","JOBNAME":"(Integrations) Step3-Copy Artifacts","JSONLENGTH":4095},{"ID":121,"CREATIONDATE":"2023-04-17 16:08:07.84","MODIFICATIONDATE":"2023-04-18 11:10:54.385","VERSION":6,"JSON":"a_1mek_mako-job-json-28.blob","JOBNAME":"(Dev) (Integrations) STEP 4- Generate Deployment Report","JSONLENGTH":5861},{"ID":163,"CREATIONDATE":"2023-04-19 08:03:30.137","MODIFICATIONDATE":"2023-04-19 10:28:55.103","VERSION":4,"JSON":"a_1mek_mako-job-json-29.blob","JOBNAME":"(Dev) (Lookup) Step1 - Get Input Params","JSONLENGTH":8367}]