[{"ID":1,"CREATIONDATE":"2023-04-13 07:06:20.026","MODIFICATIONDATE":"2023-04-27 12:36:19.749","VERSION":217,"JSON":"a_1mek_mako-jobdata-json-1.blob","JOBID":1,"JOBNAME":"Notify Pipeline Execution Started","GITYAMLPATH":null,"JOBTYPE":"DEFAULT","FORMERGEREQUEST":0,"JSONLENGTH":1337},{"ID":2,"CREATIONDATE":"2023-04-13 07:10:39.6","MODIFICATIONDATE":"2023-04-27 12:36:56.299","VERSION":247,"JSON":"a_1mek_mako-jobdata-json-2.blob","JOBID":2,"JOBNAME":"(Dev) (BI Report) Step1 - Get Build Input Params","GITYAMLPATH":null,"JOBTYPE":"DEFAULT","FORMERGEREQUEST":0,"JSONLENGTH":1395},{"ID":161,"CREATIONDATE":"2023-04-17 19:15:10.64","MODIFICATIONDATE":"2023-04-19 07:54:52.444","VERSION":29,"JSON":"a_1mek_mako-jobdata-json-3.blob","JOBID":104,"JOBNAME":"(Dev) (Package) Step2 - Packages Artifacts","GITYAMLPATH":null,"JOBTYPE":"DEFAULT","FORMERGEREQUEST":0,"JSONLENGTH":1227},{"ID":203,"CREATIONDATE":"2023-04-19 08:03:30.141","MODIFICATIONDATE":"2023-04-19 12:28:12.452","VERSION":19,"JSON":"a_1mek_mako-jobdata-json-4.blob","JOBID":163,"JOBNAME":"(Dev) (Lookup) Step1 - Get Input Params","GITYAMLPATH":null,"JOBTYPE":"DEFAULT","FORMERGEREQUEST":0,"JSONLENGTH":1203},{"ID":41,"CREATIONDATE":"2023-04-14 05:22:26.228","MODIFICATIONDATE":"2023-04-14 10:21:55.19","VERSION":75,"JSON":"a_1mek_mako-jobdata-json-5.blob","JOBID":41,"JOBNAME":"test","GITYAMLPATH":null,"JOBTYPE":"DEFAULT","FORMERGEREQUEST":0,"JSONLENGTH":1227},{"ID":81,"CREATIONDATE":"2023-04-14 07:25:27.985","MODIFICATIONDATE":"2023-04-14 12:00:09.148","VERSION":3,"JSON":"a_1mek_mako-jobdata-json-6.blob","JOBID":61,"JOBNAME":"(QA) STEP 4- Generate Deployment Report","GITYAMLPATH":null,"JOBTYPE":"DEFAULT","FORMERGEREQUEST":0,"JSONLENGTH":1098},{"ID":82,"CREATIONDATE":"2023-04-14 07:29:10.587","MODIFICATIONDATE":"2023-04-14 12:04:28.987","VERSION":3,"JSON":"a_1mek_mako-jobdata-json-7.blob","JOBID":62,"JOBNAME":"(PROD) Step1 - Get Build Input Params","GITYAMLPATH":null,"JOBTYPE":"DEFAULT","FORMERGEREQUEST":0,"JSONLENGTH":1091},{"ID":83,"CREATIONDATE":"2023-04-14 07:29:57.182","MODIFICATIONDATE":"2023-04-14 12:00:09.159","VERSION":3,"JSON":"a_1mek_mako-jobdata-json-8.blob","JOBID":63,"JOBNAME":"(PROD) Step2 - Deploy BI Artifacts","GITYAMLPATH":null,"JOBTYPE":"DEFAULT","FORMERGEREQUEST":0,"JSONLENGTH":1086},{"ID":101,"CREATIONDATE":"2023-04-14 12:30:48.497","MODIFICATIONDATE":"2023-04-17 06:35:37.806","VERSION":24,"JSON":"a_1mek_mako-jobdata-json-9.blob","JOBID":81,"JOBNAME":"test2","GITYAMLPATH":null,"JOBTYPE":"DEFAULT","FORMERGEREQUEST":0,"JSONLENGTH":1200},{"ID":121,"CREATIONDATE":"2023-04-17 12:55:00.833","MODIFICATIONDATE":"2023-04-18 11:11:30.808","VERSION":96,"JSON":"a_1mek_mako-jobdata-json-10.blob","JOBID":101,"JOBNAME":"(Dev) (Integrations) Step2 - Integrations Artifacts","GITYAMLPATH":null,"JOBTYPE":"DEFAULT","FORMERGEREQUEST":0,"JSONLENGTH":1390},{"ID":122,"CREATIONDATE":"2023-04-17 13:07:03.148","MODIFICATIONDATE":"2023-04-18 11:13:55.933","VERSION":84,"JSON":"a_1mek_mako-jobdata-json-11.blob","JOBID":102,"JOBNAME":"(Dev) (Integrations) Step1 - Get Input Params","GITYAMLPATH":null,"JOBTYPE":"DEFAULT","FORMERGEREQUEST":0,"JSONLENGTH":1387},{"ID":142,"CREATIONDATE":"2023-04-17 20:19:50.548","MODIFICATIONDATE":"2023-04-19 07:54:38.389","VERSION":54,"JSON":"a_1mek_mako-jobdata-json-12.blob","JOBID":122,"JOBNAME":"(Dev) (Package) Step1 - Get Build Input Params","GITYAMLPATH":null,"JOBTYPE":"DEFAULT","FORMERGEREQUEST":0,"JSONLENGTH":1333},{"ID":204,"CREATIONDATE":"2023-04-19 10:18:43.798","MODIFICATIONDATE":"2023-04-19 12:28:39.905","VERSION":20,"JSON":"a_1mek_mako-jobdata-json-13.blob","JOBID":164,"JOBNAME":"(Dev) (Lookup) Step2 - Lookup Artifacts","GITYAMLPATH":null,"JOBTYPE":"DEFAULT","FORMERGEREQUEST":0,"JSONLENGTH":1223},{"ID":205,"CREATIONDATE":"2023-04-19 10:19:30.472","MODIFICATIONDATE":"2023-04-19 12:29:04.266","VERSION":12,"JSON":"a_1mek_mako-jobdata-json-14.blob","JOBID":165,"JOBNAME":"(Dev) (Lookup) Step3 - Copy Artifacts","GITYAMLPATH":null,"JOBTYPE":"DEFAULT","FORMERGEREQUEST":0,"JSONLENGTH":1131},{"ID":21,"CREATIONDATE":"2023-04-13 07:34:36.071","MODIFICATIONDATE":"2023-04-27 12:37:28.927","VERSION":143,"JSON":"a_1mek_mako-jobdata-json-15.blob","JOBID":21,"JOBNAME":"(Dev) (BI Reports) Step2 - BI Artifacts","GITYAMLPATH":null,"JOBTYPE":"DEFAULT","FORMERGEREQUEST":0,"JSONLENGTH":1393},{"ID":22,"CREATIONDATE":"2023-04-13 07:41:18.332","MODIFICATIONDATE":"2023-04-27 12:37:53.924","VERSION":83,"JSON":"a_1mek_mako-jobdata-json-16.blob","JOBID":22,"JOBNAME":"(Dev) (BI Report) Step3-Copy_Artifacts","GITYAMLPATH":null,"JOBTYPE":"DEFAULT","FORMERGEREQUEST":0,"JSONLENGTH":1326},{"ID":23,"CREATIONDATE":"2023-04-13 07:45:10.776","MODIFICATIONDATE":"2023-04-27 12:38:20.181","VERSION":75,"JSON":"a_1mek_mako-jobdata-json-17.blob","JOBID":23,"JOBNAME":"(Dev) (BI Report) STEP 4- Generate Deployment Report","GITYAMLPATH":null,"JOBTYPE":"DEFAULT","FORMERGEREQUEST":0,"JSONLENGTH":1327},{"ID":61,"CREATIONDATE":"2023-04-14 07:15:20.445","MODIFICATIONDATE":"2023-04-14 07:23:23.915","VERSION":3,"JSON":"a_1mek_mako-jobdata-json-18.blob","JOBID":42,"JOBNAME":"(QA) Step2 - Deploy BI Artifacts","GITYAMLPATH":null,"JOBTYPE":"DEFAULT","FORMERGEREQUEST":0,"JSONLENGTH":1084},{"ID":62,"CREATIONDATE":"2023-04-14 07:16:37.827","MODIFICATIONDATE":"2023-04-14 07:23:23.925","VERSION":3,"JSON":"a_1mek_mako-jobdata-json-19.blob","JOBID":43,"JOBNAME":"(QA) Step1 - Get Build Input Params","GITYAMLPATH":null,"JOBTYPE":"DEFAULT","FORMERGEREQUEST":0,"JSONLENGTH":1089},{"ID":3,"CREATIONDATE":"2023-04-13 07:50:48.983","MODIFICATIONDATE":"2023-04-27 12:38:43.651","VERSION":86,"JSON":"a_1mek_mako-jobdata-json-20.blob","JOBID":3,"JOBNAME":"Notify Pipeline Execution Completed","GITYAMLPATH":null,"JOBTYPE":"DEFAULT","FORMERGEREQUEST":0,"JSONLENGTH":1334},{"ID":123,"CREATIONDATE":"2023-04-17 15:36:18.739","MODIFICATIONDATE":"2023-04-18 11:12:25.552","VERSION":25,"JSON":"a_1mek_mako-jobdata-json-21.blob","JOBID":103,"JOBNAME":"(Integrations) Step3-Copy Artifacts","GITYAMLPATH":null,"JOBTYPE":"DEFAULT","FORMERGEREQUEST":0,"JSONLENGTH":1163},{"ID":141,"CREATIONDATE":"2023-04-17 16:08:07.873","MODIFICATIONDATE":"2023-04-18 11:10:54.314","VERSION":30,"JSON":"a_1mek_mako-jobdata-json-22.blob","JOBID":121,"JOBNAME":"(Dev) (Integrations) STEP 4- Generate Deployment Report","GITYAMLPATH":null,"JOBTYPE":"DEFAULT","FORMERGEREQUEST":0,"JSONLENGTH":1258},{"ID":181,"CREATIONDATE":"2023-04-18 07:28:45.315","MODIFICATIONDATE":"2023-04-19 07:55:14.292","VERSION":13,"JSON":"a_1mek_mako-jobdata-json-23.blob","JOBID":141,"JOBNAME":"(Dev) (Package) Step3-Copy Artifacts","GITYAMLPATH":null,"JOBTYPE":"DEFAULT","FORMERGEREQUEST":0,"JSONLENGTH":1142},{"ID":182,"CREATIONDATE":"2023-04-18 09:24:08.244","MODIFICATIONDATE":"2023-04-18 11:52:22.921","VERSION":8,"JSON":"a_1mek_mako-jobdata-json-24.blob","JOBID":142,"JOBNAME":"(Dev) (Package) STEP 4- Generate Deployment Report","GITYAMLPATH":null,"JOBTYPE":"DEFAULT","FORMERGEREQUEST":0,"JSONLENGTH":1180},{"ID":221,"CREATIONDATE":"2023-04-19 12:37:50.259","MODIFICATIONDATE":"2023-04-19 12:55:26.035","VERSION":8,"JSON":"a_1mek_mako-jobdata-json-25.blob","JOBID":181,"JOBNAME":"(Dev) (Library) Step1 - Get Input Params","GITYAMLPATH":null,"JOBTYPE":"DEFAULT","FORMERGEREQUEST":0,"JSONLENGTH":1176},{"ID":222,"CREATIONDATE":"2023-04-19 12:38:43.881","MODIFICATIONDATE":"2023-04-19 12:55:55.506","VERSION":8,"JSON":"a_1mek_mako-jobdata-json-26.blob","JOBID":182,"JOBNAME":"(Dev) (Library) Step2 - Library Artifacts","GITYAMLPATH":null,"JOBTYPE":"DEFAULT","FORMERGEREQUEST":0,"JSONLENGTH":1170},{"ID":223,"CREATIONDATE":"2023-04-19 12:39:45.504","MODIFICATIONDATE":"2023-04-19 12:56:20.645","VERSION":7,"JSON":"a_1mek_mako-jobdata-json-27.blob","JOBID":183,"JOBNAME":"(Dev) (Library) Step3 - Copy Artifacts","GITYAMLPATH":null,"JOBTYPE":"DEFAULT","FORMERGEREQUEST":0,"JSONLENGTH":1120},{"ID":224,"CREATIONDATE":"2023-04-19 12:40:28.647","MODIFICATIONDATE":"2023-04-19 12:56:46.447","VERSION":8,"JSON":"a_1mek_mako-jobdata-json-28.blob","JOBID":184,"JOBNAME":"(Dev) (Library) STEP 4- Generate Deployment Report","GITYAMLPATH":null,"JOBTYPE":"DEFAULT","FORMERGEREQUEST":0,"JSONLENGTH":1189},{"ID":206,"CREATIONDATE":"2023-04-19 10:20:06.848","MODIFICATIONDATE":"2023-04-19 12:29:31.768","VERSION":13,"JSON":"a_1mek_mako-jobdata-json-29.blob","JOBID":166,"JOBNAME":"(Dev) (Lookup) STEP 4- Generate Deployment Report","GITYAMLPATH":null,"JOBTYPE":"DEFAULT","FORMERGEREQUEST":0,"JSONLENGTH":1208}]