[{"ID":1,"CREATIONDATE":"2023-04-13 07:06:20.58","MODIFICATIONDATE":"2023-04-27 12:36:20.153","VERSION":58,"JSON":"a_1mek_mako-joboutput-json-1.blob","JOBID":1,"PUBLISHERNAME":"job_audit_events","STORAGEPATH":"/*singleton*","STORAGESIZE":null,"JSONLENGTH":17894},{"ID":2,"CREATIONDATE":"2023-04-13 07:10:39.624","MODIFICATIONDATE":"2023-04-27 12:36:56.439","VERSION":69,"JSON":"a_1mek_mako-joboutput-json-2.blob","JOBID":2,"PUBLISHERNAME":"job_audit_events","STORAGEPATH":"/*singleton*","STORAGESIZE":null,"JSONLENGTH":20909},{"ID":4,"CREATIONDATE":"2023-04-13 09:39:58.823","MODIFICATIONDATE":"2023-04-25 12:29:32.1","VERSION":21,"JSON":"a_1mek_mako-joboutput-json-3.blob","JOBID":2,"PUBLISHERNAME":"head_revision_list","STORAGEPATH":"/*singleton*","STORAGESIZE":null,"JSONLENGTH":1157},{"ID":5,"CREATIONDATE":"2023-04-13 09:39:58.827","MODIFICATIONDATE":"2023-04-25 12:29:32.102","VERSION":21,"JSON":"a_1mek_mako-joboutput-json-4.blob","JOBID":2,"PUBLISHERNAME":"scm_change_log_list","STORAGEPATH":"/*singleton*","STORAGESIZE":null,"JSONLENGTH":65468},{"ID":122,"CREATIONDATE":"2023-04-17 13:07:03.166","MODIFICATIONDATE":"2023-04-18 11:13:57.522","VERSION":21,"JSON":"a_1mek_mako-joboutput-json-5.blob","JOBID":102,"PUBLISHERNAME":"job_audit_events","STORAGEPATH":"/*singleton*","STORAGESIZE":null,"JSONLENGTH":7249},{"ID":3,"CREATIONDATE":"2023-04-13 07:50:48.995","MODIFICATIONDATE":"2023-04-27 12:38:43.79","VERSION":23,"JSON":"a_1mek_mako-joboutput-json-6.blob","JOBID":3,"PUBLISHERNAME":"job_audit_events","STORAGEPATH":"/*singleton*","STORAGESIZE":null,"JSONLENGTH":8643},{"ID":126,"CREATIONDATE":"2023-04-17 16:31:33.889","MODIFICATIONDATE":"2023-04-17 20:43:35.676","VERSION":2,"JSON":"a_1mek_mako-joboutput-json-7.blob","JOBID":121,"PUBLISHERNAME":"head_revision_list","STORAGEPATH":"/*singleton*","STORAGESIZE":null,"JSONLENGTH":310},{"ID":128,"CREATIONDATE":"2023-04-17 19:15:10.657","MODIFICATIONDATE":"2023-04-19 07:54:53.743","VERSION":11,"JSON":"a_1mek_mako-joboutput-json-8.blob","JOBID":104,"PUBLISHERNAME":"job_audit_events","STORAGEPATH":"/*singleton*","STORAGESIZE":null,"JSONLENGTH":3384},{"ID":129,"CREATIONDATE":"2023-04-17 19:22:38.596","MODIFICATIONDATE":"2023-04-17 19:22:38.596","VERSION":1,"JSON":"a_1mek_mako-joboutput-json-9.blob","JOBID":104,"PUBLISHERNAME":"scm_poll_data_list","STORAGEPATH":"/*singleton*","STORAGESIZE":null,"JSONLENGTH":54},{"ID":130,"CREATIONDATE":"2023-04-17 19:22:38.611","MODIFICATIONDATE":"2023-04-17 19:22:38.611","VERSION":1,"JSON":"a_1mek_mako-joboutput-json-10.blob","JOBID":121,"PUBLISHERNAME":"scm_poll_data_list","STORAGEPATH":"/*singleton*","STORAGESIZE":null,"JSONLENGTH":54},{"ID":41,"CREATIONDATE":"2023-04-14 05:22:26.285","MODIFICATIONDATE":"2023-04-14 10:21:55.353","VERSION":32,"JSON":"a_1mek_mako-joboutput-json-11.blob","JOBID":41,"PUBLISHERNAME":"job_audit_events","STORAGEPATH":"/*singleton*","STORAGESIZE":null,"JSONLENGTH":7334},{"ID":65,"CREATIONDATE":"2023-04-14 07:25:28.007","MODIFICATIONDATE":"2023-04-14 07:25:40.685","VERSION":3,"JSON":"a_1mek_mako-joboutput-json-12.blob","JOBID":61,"PUBLISHERNAME":"job_audit_events","STORAGEPATH":"/*singleton*","STORAGESIZE":null,"JSONLENGTH":693},{"ID":66,"CREATIONDATE":"2023-04-14 07:29:10.591","MODIFICATIONDATE":"2023-04-14 07:29:25.612","VERSION":3,"JSON":"a_1mek_mako-joboutput-json-13.blob","JOBID":62,"PUBLISHERNAME":"job_audit_events","STORAGEPATH":"/*singleton*","STORAGESIZE":null,"JSONLENGTH":687},{"ID":67,"CREATIONDATE":"2023-04-14 07:29:57.186","MODIFICATIONDATE":"2023-04-14 07:30:12.606","VERSION":3,"JSON":"a_1mek_mako-joboutput-json-14.blob","JOBID":63,"PUBLISHERNAME":"job_audit_events","STORAGEPATH":"/*singleton*","STORAGESIZE":null,"JSONLENGTH":678},{"ID":101,"CREATIONDATE":"2023-04-14 12:04:28.974","MODIFICATIONDATE":"2023-04-14 12:04:28.974","VERSION":1,"JSON":"a_1mek_mako-joboutput-json-15.blob","JOBID":62,"PUBLISHERNAME":"scm_poll_data_list","STORAGEPATH":"/*singleton*","STORAGESIZE":null,"JSONLENGTH":54},{"ID":83,"CREATIONDATE":"2023-04-14 12:30:48.551","MODIFICATIONDATE":"2023-04-17 06:35:38.145","VERSION":8,"JSON":"a_1mek_mako-joboutput-json-16.blob","JOBID":81,"PUBLISHERNAME":"job_audit_events","STORAGEPATH":"/*singleton*","STORAGESIZE":null,"JSONLENGTH":1859},{"ID":123,"CREATIONDATE":"2023-04-17 13:27:09.42","MODIFICATIONDATE":"2023-04-17 13:27:09.42","VERSION":1,"JSON":"a_1mek_mako-joboutput-json-17.blob","JOBID":101,"PUBLISHERNAME":"scm_poll_data_list","STORAGEPATH":"/*singleton*","STORAGESIZE":null,"JSONLENGTH":54},{"ID":124,"CREATIONDATE":"2023-04-17 13:27:09.434","MODIFICATIONDATE":"2023-04-17 13:27:09.434","VERSION":1,"JSON":"a_1mek_mako-joboutput-json-18.blob","JOBID":102,"PUBLISHERNAME":"scm_poll_data_list","STORAGEPATH":"/*singleton*","STORAGESIZE":null,"JSONLENGTH":54},{"ID":141,"CREATIONDATE":"2023-04-17 13:44:20.588","MODIFICATIONDATE":"2023-04-17 15:31:32.409","VERSION":8,"JSON":"a_1mek_mako-joboutput-json-19.blob","JOBID":102,"PUBLISHERNAME":"head_revision_list","STORAGEPATH":"/*singleton*","STORAGESIZE":null,"JSONLENGTH":594},{"ID":142,"CREATIONDATE":"2023-04-17 13:44:20.627","MODIFICATIONDATE":"2023-04-17 15:31:32.417","VERSION":8,"JSON":"a_1mek_mako-joboutput-json-20.blob","JOBID":102,"PUBLISHERNAME":"scm_change_log_list","STORAGEPATH":"/*singleton*","STORAGESIZE":null,"JSONLENGTH":29619},{"ID":42,"CREATIONDATE":"2023-04-14 06:23:17.691","MODIFICATIONDATE":"2023-04-14 06:23:17.691","VERSION":1,"JSON":"a_1mek_mako-joboutput-json-21.blob","JOBID":21,"PUBLISHERNAME":"scm_poll_data_list","STORAGEPATH":"/*singleton*","STORAGESIZE":null,"JSONLENGTH":54},{"ID":43,"CREATIONDATE":"2023-04-14 06:23:17.713","MODIFICATIONDATE":"2023-04-14 06:23:17.713","VERSION":1,"JSON":"a_1mek_mako-joboutput-json-22.blob","JOBID":23,"PUBLISHERNAME":"scm_poll_data_list","STORAGEPATH":"/*singleton*","STORAGESIZE":null,"JSONLENGTH":54},{"ID":84,"CREATIONDATE":"2023-04-14 12:33:55.766","MODIFICATIONDATE":"2023-04-14 12:33:55.766","VERSION":1,"JSON":"a_1mek_mako-joboutput-json-23.blob","JOBID":81,"PUBLISHERNAME":"scm_poll_data_list","STORAGEPATH":"/*singleton*","STORAGESIZE":null,"JSONLENGTH":54},{"ID":85,"CREATIONDATE":"2023-04-14 12:37:17.652","MODIFICATIONDATE":"2023-04-17 06:35:36.689","VERSION":4,"JSON":"a_1mek_mako-joboutput-json-24.blob","JOBID":81,"PUBLISHERNAME":"head_revision_list","STORAGEPATH":"/*singleton*","STORAGESIZE":null,"JSONLENGTH":594},{"ID":86,"CREATIONDATE":"2023-04-14 12:37:17.656","MODIFICATIONDATE":"2023-04-17 06:35:36.722","VERSION":4,"JSON":"a_1mek_mako-joboutput-json-25.blob","JOBID":81,"PUBLISHERNAME":"scm_change_log_list","STORAGEPATH":"/*singleton*","STORAGESIZE":null,"JSONLENGTH":20366},{"ID":121,"CREATIONDATE":"2023-04-17 12:55:00.974","MODIFICATIONDATE":"2023-04-18 11:11:32.34","VERSION":25,"JSON":"a_1mek_mako-joboutput-json-26.blob","JOBID":101,"PUBLISHERNAME":"job_audit_events","STORAGEPATH":"/*singleton*","STORAGESIZE":null,"JSONLENGTH":8274},{"ID":23,"CREATIONDATE":"2023-04-13 07:41:18.336","MODIFICATIONDATE":"2023-04-27 12:37:54.147","VERSION":22,"JSON":"a_1mek_mako-joboutput-json-27.blob","JOBID":22,"PUBLISHERNAME":"job_audit_events","STORAGEPATH":"/*singleton*","STORAGESIZE":null,"JSONLENGTH":7270},{"ID":127,"CREATIONDATE":"2023-04-17 16:31:33.895","MODIFICATIONDATE":"2023-04-17 20:43:35.682","VERSION":2,"JSON":"a_1mek_mako-joboutput-json-28.blob","JOBID":121,"PUBLISHERNAME":"scm_change_log_list","STORAGEPATH":"/*singleton*","STORAGESIZE":null,"JSONLENGTH":14228},{"ID":161,"CREATIONDATE":"2023-04-17 20:19:50.569","MODIFICATIONDATE":"2023-04-19 07:54:41.135","VERSION":15,"JSON":"a_1mek_mako-joboutput-json-29.blob","JOBID":122,"PUBLISHERNAME":"job_audit_events","STORAGEPATH":"/*singleton*","STORAGESIZE":null,"JSONLENGTH":5242},{"ID":162,"CREATIONDATE":"2023-04-17 20:33:35.571","MODIFICATIONDATE":"2023-04-17 20:33:35.571","VERSION":1,"JSON":"a_1mek_mako-joboutput-json-30.blob","JOBID":122,"PUBLISHERNAME":"scm_poll_data_list","STORAGEPATH":"/*singleton*","STORAGESIZE":null,"JSONLENGTH":54},{"ID":21,"CREATIONDATE":"2023-04-13 07:33:21.982","MODIFICATIONDATE":"2023-04-13 07:33:21.982","VERSION":1,"JSON":"a_1mek_mako-joboutput-json-31.blob","JOBID":2,"PUBLISHERNAME":"scm_poll_data_list","STORAGEPATH":"/*singleton*","STORAGESIZE":null,"JSONLENGTH":54},{"ID":22,"CREATIONDATE":"2023-04-13 07:34:36.108","MODIFICATIONDATE":"2023-04-27 12:37:29.254","VERSION":41,"JSON":"a_1mek_mako-joboutput-json-32.blob","JOBID":21,"PUBLISHERNAME":"job_audit_events","STORAGEPATH":"/*singleton*","STORAGESIZE":null,"JSONLENGTH":12838},{"ID":24,"CREATIONDATE":"2023-04-13 07:45:10.781","MODIFICATIONDATE":"2023-04-27 12:38:21.074","VERSION":21,"JSON":"a_1mek_mako-joboutput-json-33.blob","JOBID":23,"PUBLISHERNAME":"job_audit_events","STORAGEPATH":"/*singleton*","STORAGESIZE":null,"JSONLENGTH":6976},{"ID":61,"CREATIONDATE":"2023-04-14 05:44:38.218","MODIFICATIONDATE":"2023-04-25 12:40:57.052","VERSION":9,"JSON":"a_1mek_mako-joboutput-json-34.blob","JOBID":21,"PUBLISHERNAME":"head_revision_list","STORAGEPATH":"/*singleton*","STORAGESIZE":null,"JSONLENGTH":874},{"ID":63,"CREATIONDATE":"2023-04-14 07:07:25.862","MODIFICATIONDATE":"2023-04-25 13:17:25.2","VERSION":7,"JSON":"a_1mek_mako-joboutput-json-35.blob","JOBID":23,"PUBLISHERNAME":"head_revision_list","STORAGEPATH":"/*singleton*","STORAGESIZE":null,"JSONLENGTH":310},{"ID":64,"CREATIONDATE":"2023-04-14 07:07:25.87","MODIFICATIONDATE":"2023-04-25 13:17:25.211","VERSION":7,"JSON":"a_1mek_mako-joboutput-json-36.blob","JOBID":23,"PUBLISHERNAME":"scm_change_log_list","STORAGEPATH":"/*singleton*","STORAGESIZE":null,"JSONLENGTH":22020},{"ID":44,"CREATIONDATE":"2023-04-14 07:15:20.478","MODIFICATIONDATE":"2023-04-14 07:15:55.25","VERSION":3,"JSON":"a_1mek_mako-joboutput-json-37.blob","JOBID":42,"PUBLISHERNAME":"job_audit_events","STORAGEPATH":"/*singleton*","STORAGESIZE":null,"JSONLENGTH":672},{"ID":45,"CREATIONDATE":"2023-04-14 07:16:37.839","MODIFICATIONDATE":"2023-04-14 07:24:40.486","VERSION":3,"JSON":"a_1mek_mako-joboutput-json-38.blob","JOBID":43,"PUBLISHERNAME":"job_audit_events","STORAGEPATH":"/*singleton*","STORAGESIZE":null,"JSONLENGTH":681},{"ID":46,"CREATIONDATE":"2023-04-14 07:23:23.914","MODIFICATIONDATE":"2023-04-14 07:23:23.914","VERSION":1,"JSON":"a_1mek_mako-joboutput-json-39.blob","JOBID":42,"PUBLISHERNAME":"scm_poll_data_list","STORAGEPATH":"/*singleton*","STORAGESIZE":null,"JSONLENGTH":54},{"ID":47,"CREATIONDATE":"2023-04-14 07:23:23.924","MODIFICATIONDATE":"2023-04-14 07:23:23.924","VERSION":1,"JSON":"a_1mek_mako-joboutput-json-40.blob","JOBID":43,"PUBLISHERNAME":"scm_poll_data_list","STORAGEPATH":"/*singleton*","STORAGESIZE":null,"JSONLENGTH":54},{"ID":81,"CREATIONDATE":"2023-04-14 12:00:09.134","MODIFICATIONDATE":"2023-04-14 12:00:09.134","VERSION":1,"JSON":"a_1mek_mako-joboutput-json-41.blob","JOBID":61,"PUBLISHERNAME":"scm_poll_data_list","STORAGEPATH":"/*singleton*","STORAGESIZE":null,"JSONLENGTH":54},{"ID":82,"CREATIONDATE":"2023-04-14 12:00:09.158","MODIFICATIONDATE":"2023-04-14 12:00:09.158","VERSION":1,"JSON":"a_1mek_mako-joboutput-json-42.blob","JOBID":63,"PUBLISHERNAME":"scm_poll_data_list","STORAGEPATH":"/*singleton*","STORAGESIZE":null,"JSONLENGTH":54},{"ID":62,"CREATIONDATE":"2023-04-14 05:44:38.232","MODIFICATIONDATE":"2023-04-25 12:40:57.11","VERSION":9,"JSON":"a_1mek_mako-joboutput-json-43.blob","JOBID":21,"PUBLISHERNAME":"scm_change_log_list","STORAGEPATH":"/*singleton*","STORAGESIZE":null,"JSONLENGTH":42304},{"ID":143,"CREATIONDATE":"2023-04-17 13:44:48.173","MODIFICATIONDATE":"2023-04-17 15:32:00.777","VERSION":8,"JSON":"a_1mek_mako-joboutput-json-44.blob","JOBID":101,"PUBLISHERNAME":"head_revision_list","STORAGEPATH":"/*singleton*","STORAGESIZE":null,"JSONLENGTH":874},{"ID":144,"CREATIONDATE":"2023-04-17 13:44:48.178","MODIFICATIONDATE":"2023-04-17 15:32:00.786","VERSION":8,"JSON":"a_1mek_mako-joboutput-json-45.blob","JOBID":101,"PUBLISHERNAME":"scm_change_log_list","STORAGEPATH":"/*singleton*","STORAGESIZE":null,"JSONLENGTH":35598},{"ID":125,"CREATIONDATE":"2023-04-17 15:36:18.751","MODIFICATIONDATE":"2023-04-18 11:12:27.204","VERSION":13,"JSON":"a_1mek_mako-joboutput-json-46.blob","JOBID":103,"PUBLISHERNAME":"job_audit_events","STORAGEPATH":"/*singleton*","STORAGESIZE":null,"JSONLENGTH":3703},{"ID":131,"CREATIONDATE":"2023-04-17 20:26:54.826","MODIFICATIONDATE":"2023-04-18 11:51:00.575","VERSION":8,"JSON":"a_1mek_mako-joboutput-json-47.blob","JOBID":122,"PUBLISHERNAME":"head_revision_list","STORAGEPATH":"/*singleton*","STORAGESIZE":null,"JSONLENGTH":594},{"ID":132,"CREATIONDATE":"2023-04-17 20:26:54.838","MODIFICATIONDATE":"2023-04-18 11:51:00.589","VERSION":8,"JSON":"a_1mek_mako-joboutput-json-48.blob","JOBID":122,"PUBLISHERNAME":"scm_change_log_list","STORAGEPATH":"/*singleton*","STORAGESIZE":null,"JSONLENGTH":34511},{"ID":181,"CREATIONDATE":"2023-04-18 07:28:45.37","MODIFICATIONDATE":"2023-04-19 07:55:15.692","VERSION":8,"JSON":"a_1mek_mako-joboutput-json-49.blob","JOBID":141,"PUBLISHERNAME":"job_audit_events","STORAGEPATH":"/*singleton*","STORAGESIZE":null,"JSONLENGTH":2192},{"ID":201,"CREATIONDATE":"2023-04-18 11:05:38.483","MODIFICATIONDATE":"2023-04-18 11:51:30.973","VERSION":6,"JSON":"a_1mek_mako-joboutput-json-50.blob","JOBID":104,"PUBLISHERNAME":"head_revision_list","STORAGEPATH":"/*singleton*","STORAGESIZE":null,"JSONLENGTH":594},{"ID":202,"CREATIONDATE":"2023-04-18 11:05:38.531","MODIFICATIONDATE":"2023-04-18 11:51:30.989","VERSION":6,"JSON":"a_1mek_mako-joboutput-json-51.blob","JOBID":104,"PUBLISHERNAME":"scm_change_log_list","STORAGEPATH":"/*singleton*","STORAGESIZE":null,"JSONLENGTH":31106},{"ID":203,"CREATIONDATE":"2023-04-18 11:08:24.145","MODIFICATIONDATE":"2023-04-18 11:08:24.145","VERSION":1,"JSON":"a_1mek_mako-joboutput-json-52.blob","JOBID":142,"PUBLISHERNAME":"scm_poll_data_list","STORAGEPATH":"/*singleton*","STORAGESIZE":null,"JSONLENGTH":54},{"ID":245,"CREATIONDATE":"2023-04-19 12:13:38.51","MODIFICATIONDATE":"2023-04-19 12:28:11.92","VERSION":4,"JSON":"a_1mek_mako-joboutput-json-53.blob","JOBID":163,"PUBLISHERNAME":"head_revision_list","STORAGEPATH":"/*singleton*","STORAGESIZE":null,"JSONLENGTH":594},{"ID":246,"CREATIONDATE":"2023-04-19 12:13:38.521","MODIFICATIONDATE":"2023-04-19 12:28:11.936","VERSION":4,"JSON":"a_1mek_mako-joboutput-json-54.blob","JOBID":163,"PUBLISHERNAME":"scm_change_log_list","STORAGEPATH":"/*singleton*","STORAGESIZE":null,"JSONLENGTH":28669},{"ID":247,"CREATIONDATE":"2023-04-19 12:14:05.222","MODIFICATIONDATE":"2023-04-19 12:28:39.419","VERSION":4,"JSON":"a_1mek_mako-joboutput-json-55.blob","JOBID":164,"PUBLISHERNAME":"head_revision_list","STORAGEPATH":"/*singleton*","STORAGESIZE":null,"JSONLENGTH":594},{"ID":248,"CREATIONDATE":"2023-04-19 12:14:05.227","MODIFICATIONDATE":"2023-04-19 12:28:39.425","VERSION":4,"JSON":"a_1mek_mako-joboutput-json-56.blob","JOBID":164,"PUBLISHERNAME":"scm_change_log_list","STORAGEPATH":"/*singleton*","STORAGESIZE":null,"JSONLENGTH":28669},{"ID":224,"CREATIONDATE":"2023-04-19 10:18:43.836","MODIFICATIONDATE":"2023-04-19 12:28:40.022","VERSION":9,"JSON":"a_1mek_mako-joboutput-json-57.blob","JOBID":164,"PUBLISHERNAME":"job_audit_events","STORAGEPATH":"/*singleton*","STORAGESIZE":null,"JSONLENGTH":2607},{"ID":242,"CREATIONDATE":"2023-04-19 10:27:46.37","MODIFICATIONDATE":"2023-04-19 10:27:46.37","VERSION":1,"JSON":"a_1mek_mako-joboutput-json-58.blob","JOBID":163,"PUBLISHERNAME":"scm_poll_data_list","STORAGEPATH":"/*singleton*","STORAGESIZE":null,"JSONLENGTH":54},{"ID":243,"CREATIONDATE":"2023-04-19 10:27:46.379","MODIFICATIONDATE":"2023-04-19 10:27:46.379","VERSION":1,"JSON":"a_1mek_mako-joboutput-json-59.blob","JOBID":164,"PUBLISHERNAME":"scm_poll_data_list","STORAGEPATH":"/*singleton*","STORAGESIZE":null,"JSONLENGTH":54},{"ID":244,"CREATIONDATE":"2023-04-19 10:27:46.387","MODIFICATIONDATE":"2023-04-19 10:27:46.387","VERSION":1,"JSON":"a_1mek_mako-joboutput-json-60.blob","JOBID":166,"PUBLISHERNAME":"scm_poll_data_list","STORAGEPATH":"/*singleton*","STORAGESIZE":null,"JSONLENGTH":54},{"ID":223,"CREATIONDATE":"2023-04-19 08:03:30.185","MODIFICATIONDATE":"2023-04-19 12:28:12.582","VERSION":8,"JSON":"a_1mek_mako-joboutput-json-61.blob","JOBID":163,"PUBLISHERNAME":"job_audit_events","STORAGEPATH":"/*singleton*","STORAGESIZE":null,"JSONLENGTH":2379},{"ID":251,"CREATIONDATE":"2023-04-19 12:37:50.285","MODIFICATIONDATE":"2023-04-19 12:55:26.465","VERSION":4,"JSON":"a_1mek_mako-joboutput-json-62.blob","JOBID":181,"PUBLISHERNAME":"job_audit_events","STORAGEPATH":"/*singleton*","STORAGESIZE":null,"JSONLENGTH":1082},{"ID":253,"CREATIONDATE":"2023-04-19 12:39:45.508","MODIFICATIONDATE":"2023-04-19 12:56:20.822","VERSION":4,"JSON":"a_1mek_mako-joboutput-json-63.blob","JOBID":183,"PUBLISHERNAME":"job_audit_events","STORAGEPATH":"/*singleton*","STORAGESIZE":null,"JSONLENGTH":1080},{"ID":254,"CREATIONDATE":"2023-04-19 12:40:28.65","MODIFICATIONDATE":"2023-04-19 12:56:46.57","VERSION":4,"JSON":"a_1mek_mako-joboutput-json-64.blob","JOBID":184,"PUBLISHERNAME":"job_audit_events","STORAGEPATH":"/*singleton*","STORAGESIZE":null,"JSONLENGTH":1125},{"ID":255,"CREATIONDATE":"2023-04-19 12:52:14.377","MODIFICATIONDATE":"2023-04-19 12:52:14.377","VERSION":1,"JSON":"a_1mek_mako-joboutput-json-65.blob","JOBID":181,"PUBLISHERNAME":"scm_poll_data_list","STORAGEPATH":"/*singleton*","STORAGESIZE":null,"JSONLENGTH":54},{"ID":256,"CREATIONDATE":"2023-04-19 12:52:14.402","MODIFICATIONDATE":"2023-04-19 12:52:14.402","VERSION":1,"JSON":"a_1mek_mako-joboutput-json-66.blob","JOBID":182,"PUBLISHERNAME":"scm_poll_data_list","STORAGEPATH":"/*singleton*","STORAGESIZE":null,"JSONLENGTH":54},{"ID":257,"CREATIONDATE":"2023-04-19 12:52:14.411","MODIFICATIONDATE":"2023-04-19 12:52:14.411","VERSION":1,"JSON":"a_1mek_mako-joboutput-json-67.blob","JOBID":184,"PUBLISHERNAME":"scm_poll_data_list","STORAGEPATH":"/*singleton*","STORAGESIZE":null,"JSONLENGTH":54},{"ID":258,"CREATIONDATE":"2023-04-19 12:55:25.318","MODIFICATIONDATE":"2023-04-19 12:55:25.352","VERSION":2,"JSON":"a_1mek_mako-joboutput-json-68.blob","JOBID":181,"PUBLISHERNAME":"head_revision_list","STORAGEPATH":"/*singleton*","STORAGESIZE":null,"JSONLENGTH":594},{"ID":259,"CREATIONDATE":"2023-04-19 12:55:25.323","MODIFICATIONDATE":"2023-04-19 12:55:25.413","VERSION":2,"JSON":"a_1mek_mako-joboutput-json-69.blob","JOBID":181,"PUBLISHERNAME":"scm_change_log_list","STORAGEPATH":"/*singleton*","STORAGESIZE":null,"JSONLENGTH":27022},{"ID":262,"CREATIONDATE":"2023-04-19 12:56:45.996","MODIFICATIONDATE":"2023-04-19 12:56:45.996","VERSION":1,"JSON":"a_1mek_mako-joboutput-json-70.blob","JOBID":184,"PUBLISHERNAME":"head_revision_list","STORAGEPATH":"/*singleton*","STORAGESIZE":null,"JSONLENGTH":310},{"ID":263,"CREATIONDATE":"2023-04-19 12:56:45.999","MODIFICATIONDATE":"2023-04-19 12:56:45.999","VERSION":1,"JSON":"a_1mek_mako-joboutput-json-71.blob","JOBID":184,"PUBLISHERNAME":"scm_change_log_list","STORAGEPATH":"/*singleton*","STORAGESIZE":null,"JSONLENGTH":12090},{"ID":260,"CREATIONDATE":"2023-04-19 12:55:53.984","MODIFICATIONDATE":"2023-04-19 12:55:54.116","VERSION":2,"JSON":"a_1mek_mako-joboutput-json-72.blob","JOBID":182,"PUBLISHERNAME":"head_revision_list","STORAGEPATH":"/*singleton*","STORAGESIZE":null,"JSONLENGTH":594},{"ID":261,"CREATIONDATE":"2023-04-19 12:55:54.006","MODIFICATIONDATE":"2023-04-19 12:55:54.214","VERSION":2,"JSON":"a_1mek_mako-joboutput-json-73.blob","JOBID":182,"PUBLISHERNAME":"scm_change_log_list","STORAGEPATH":"/*singleton*","STORAGESIZE":null,"JSONLENGTH":27022},{"ID":252,"CREATIONDATE":"2023-04-19 12:38:43.885","MODIFICATIONDATE":"2023-04-19 12:55:55.723","VERSION":4,"JSON":"a_1mek_mako-joboutput-json-74.blob","JOBID":182,"PUBLISHERNAME":"job_audit_events","STORAGEPATH":"/*singleton*","STORAGESIZE":null,"JSONLENGTH":1091},{"ID":182,"CREATIONDATE":"2023-04-18 09:24:08.265","MODIFICATIONDATE":"2023-04-18 11:52:23.208","VERSION":5,"JSON":"a_1mek_mako-joboutput-json-75.blob","JOBID":142,"PUBLISHERNAME":"job_audit_events","STORAGEPATH":"/*singleton*","STORAGESIZE":null,"JSONLENGTH":1372},{"ID":145,"CREATIONDATE":"2023-04-17 16:08:07.9","MODIFICATIONDATE":"2023-04-18 11:10:55.734","VERSION":12,"JSON":"a_1mek_mako-joboutput-json-76.blob","JOBID":121,"PUBLISHERNAME":"job_audit_events","STORAGEPATH":"/*singleton*","STORAGESIZE":null,"JSONLENGTH":3667},{"ID":183,"CREATIONDATE":"2023-04-18 11:52:22.204","MODIFICATIONDATE":"2023-04-18 11:52:22.204","VERSION":1,"JSON":"a_1mek_mako-joboutput-json-77.blob","JOBID":142,"PUBLISHERNAME":"head_revision_list","STORAGEPATH":"/*singleton*","STORAGESIZE":null,"JSONLENGTH":310},{"ID":184,"CREATIONDATE":"2023-04-18 11:52:22.212","MODIFICATIONDATE":"2023-04-18 11:52:22.212","VERSION":1,"JSON":"a_1mek_mako-joboutput-json-78.blob","JOBID":142,"PUBLISHERNAME":"scm_change_log_list","STORAGEPATH":"/*singleton*","STORAGESIZE":null,"JSONLENGTH":11631},{"ID":225,"CREATIONDATE":"2023-04-19 10:19:30.479","MODIFICATIONDATE":"2023-04-19 12:29:04.415","VERSION":5,"JSON":"a_1mek_mako-joboutput-json-79.blob","JOBID":165,"PUBLISHERNAME":"job_audit_events","STORAGEPATH":"/*singleton*","STORAGESIZE":null,"JSONLENGTH":1459},{"ID":226,"CREATIONDATE":"2023-04-19 10:20:06.892","MODIFICATIONDATE":"2023-04-19 12:29:31.893","VERSION":5,"JSON":"a_1mek_mako-joboutput-json-80.blob","JOBID":166,"PUBLISHERNAME":"job_audit_events","STORAGEPATH":"/*singleton*","STORAGESIZE":null,"JSONLENGTH":1515},{"ID":249,"CREATIONDATE":"2023-04-19 12:21:08.475","MODIFICATIONDATE":"2023-04-19 12:29:31.276","VERSION":2,"JSON":"a_1mek_mako-joboutput-json-81.blob","JOBID":166,"PUBLISHERNAME":"head_revision_list","STORAGEPATH":"/*singleton*","STORAGESIZE":null,"JSONLENGTH":310},{"ID":250,"CREATIONDATE":"2023-04-19 12:21:08.485","MODIFICATIONDATE":"2023-04-19 12:29:31.281","VERSION":2,"JSON":"a_1mek_mako-joboutput-json-82.blob","JOBID":166,"PUBLISHERNAME":"scm_change_log_list","STORAGEPATH":"/*singleton*","STORAGESIZE":null,"JSONLENGTH":12922}]