[{"ID":261,"CREATIONDATE":"2023-04-19 07:54:40.477","MODIFICATIONDATE":"2023-04-19 07:54:40.477","VERSION":1,"JOBID":122,"SCMURL":"https://delmarketsol-nacaus19.developer.ocp.oraclecloud.com/delmarketsol-nacaus19/s/delmarketsol-nacaus19_artifact-deployment-project_75692/scm/Internal_Deploy_Script_Repo.git"},{"ID":262,"CREATIONDATE":"2023-04-19 07:54:40.478","MODIFICATIONDATE":"2023-04-19 07:54:40.478","VERSION":1,"JOBID":122,"SCMURL":"https://delmarketsol-nacaus19.developer.ocp.oraclecloud.com/delmarketsol-nacaus19/s/delmarketsol-nacaus19_artifact-deployment-project_75692/scm/External_Client_Artifacts_Repo.git"},{"ID":322,"CREATIONDATE":"2023-04-25 13:09:43.265","MODIFICATIONDATE":"2023-04-25 13:09:43.265","VERSION":1,"JOBID":21,"SCMURL":"https://delmarketsol-nacaus19.developer.ocp.oraclecloud.com/delmarketsol-nacaus19/s/delmarketsol-nacaus19_artifact-deployment-project_75692/scm/External_Client_Artifacts_Repo.git"},{"ID":321,"CREATIONDATE":"2023-04-25 13:09:43.264","MODIFICATIONDATE":"2023-04-25 13:09:43.264","VERSION":1,"JOBID":21,"SCMURL":"https://delmarketsol-nacaus19.developer.ocp.oraclecloud.com/delmarketsol-nacaus19/s/delmarketsol-nacaus19_artifact-deployment-project_75692/scm/Internal_Deploy_Script_Repo.git"},{"ID":88,"CREATIONDATE":"2023-04-14 07:25:40.584","MODIFICATIONDATE":"2023-04-14 07:25:40.584","VERSION":1,"JOBID":61,"SCMURL":"https://delmarketsol-nacaus19.developer.ocp.oraclecloud.com/delmarketsol-nacaus19/s/delmarketsol-nacaus19_artifact-deployment-project_75692/scm/Internal_Deploy_Script_Repo.git"},{"ID":299,"CREATIONDATE":"2023-04-19 12:15:37.014","MODIFICATIONDATE":"2023-04-19 12:15:37.014","VERSION":1,"JOBID":164,"SCMURL":"https://delmarketsol-nacaus19.developer.ocp.oraclecloud.com/delmarketsol-nacaus19/s/delmarketsol-nacaus19_artifact-deployment-project_75692/scm/External_Client_Artifacts_Repo.git"},{"ID":94,"CREATIONDATE":"2023-04-14 07:30:12.58","MODIFICATIONDATE":"2023-04-14 07:30:12.58","VERSION":1,"JOBID":63,"SCMURL":"https://delmarketsol-nacaus19.developer.ocp.oraclecloud.com/delmarketsol-nacaus19/s/delmarketsol-nacaus19_artifact-deployment-project_75692/scm/External_Client_Artifacts_Repo.git"},{"ID":300,"CREATIONDATE":"2023-04-19 12:16:32.147","MODIFICATIONDATE":"2023-04-19 12:16:32.147","VERSION":1,"JOBID":166,"SCMURL":"https://delmarketsol-nacaus19.developer.ocp.oraclecloud.com/delmarketsol-nacaus19/s/delmarketsol-nacaus19_artifact-deployment-project_75692/scm/Internal_Deploy_Script_Repo.git"},{"ID":93,"CREATIONDATE":"2023-04-14 07:30:12.579","MODIFICATIONDATE":"2023-04-14 07:30:12.579","VERSION":1,"JOBID":63,"SCMURL":"https://delmarketsol-nacaus19.developer.ocp.oraclecloud.com/delmarketsol-nacaus19/s/delmarketsol-nacaus19_artifact-deployment-project_75692/scm/Internal_Deploy_Script_Repo.git"},{"ID":297,"CREATIONDATE":"2023-04-19 10:28:55.658","MODIFICATIONDATE":"2023-04-19 10:28:55.658","VERSION":1,"JOBID":163,"SCMURL":"https://delmarketsol-nacaus19.developer.ocp.oraclecloud.com/delmarketsol-nacaus19/s/delmarketsol-nacaus19_artifact-deployment-project_75692/scm/External_Client_Artifacts_Repo.git"},{"ID":296,"CREATIONDATE":"2023-04-19 10:28:55.657","MODIFICATIONDATE":"2023-04-19 10:28:55.657","VERSION":1,"JOBID":163,"SCMURL":"https://delmarketsol-nacaus19.developer.ocp.oraclecloud.com/delmarketsol-nacaus19/s/delmarketsol-nacaus19_artifact-deployment-project_75692/scm/Internal_Deploy_Script_Repo.git"},{"ID":275,"CREATIONDATE":"2023-04-19 12:39:12.03","MODIFICATIONDATE":"2023-04-19 12:39:12.03","VERSION":1,"JOBID":182,"SCMURL":"https://delmarketsol-nacaus19.developer.ocp.oraclecloud.com/delmarketsol-nacaus19/s/delmarketsol-nacaus19_artifact-deployment-project_75692/scm/Internal_Deploy_Script_Repo.git"},{"ID":276,"CREATIONDATE":"2023-04-19 12:39:12.031","MODIFICATIONDATE":"2023-04-19 12:39:12.031","VERSION":1,"JOBID":182,"SCMURL":"https://delmarketsol-nacaus19.developer.ocp.oraclecloud.com/delmarketsol-nacaus19/s/delmarketsol-nacaus19_artifact-deployment-project_75692/scm/External_Client_Artifacts_Repo.git"},{"ID":271,"CREATIONDATE":"2023-04-19 12:38:15.089","MODIFICATIONDATE":"2023-04-19 12:38:15.089","VERSION":1,"JOBID":181,"SCMURL":"https://delmarketsol-nacaus19.developer.ocp.oraclecloud.com/delmarketsol-nacaus19/s/delmarketsol-nacaus19_artifact-deployment-project_75692/scm/Internal_Deploy_Script_Repo.git"},{"ID":298,"CREATIONDATE":"2023-04-19 12:15:37.014","MODIFICATIONDATE":"2023-04-19 12:15:37.014","VERSION":1,"JOBID":164,"SCMURL":"https://delmarketsol-nacaus19.developer.ocp.oraclecloud.com/delmarketsol-nacaus19/s/delmarketsol-nacaus19_artifact-deployment-project_75692/scm/Internal_Deploy_Script_Repo.git"},{"ID":272,"CREATIONDATE":"2023-04-19 12:38:15.089","MODIFICATIONDATE":"2023-04-19 12:38:15.089","VERSION":1,"JOBID":181,"SCMURL":"https://delmarketsol-nacaus19.developer.ocp.oraclecloud.com/delmarketsol-nacaus19/s/delmarketsol-nacaus19_artifact-deployment-project_75692/scm/External_Client_Artifacts_Repo.git"},{"ID":278,"CREATIONDATE":"2023-04-19 12:40:48.984","MODIFICATIONDATE":"2023-04-19 12:40:48.984","VERSION":1,"JOBID":184,"SCMURL":"https://delmarketsol-nacaus19.developer.ocp.oraclecloud.com/delmarketsol-nacaus19/s/delmarketsol-nacaus19_artifact-deployment-project_75692/scm/Internal_Deploy_Script_Repo.git"},{"ID":282,"CREATIONDATE":"2023-04-19 07:54:53.519","MODIFICATIONDATE":"2023-04-19 07:54:53.519","VERSION":1,"JOBID":104,"SCMURL":"https://delmarketsol-nacaus19.developer.ocp.oraclecloud.com/delmarketsol-nacaus19/s/delmarketsol-nacaus19_artifact-deployment-project_75692/scm/External_Client_Artifacts_Repo.git"},{"ID":281,"CREATIONDATE":"2023-04-19 07:54:53.518","MODIFICATIONDATE":"2023-04-19 07:54:53.518","VERSION":1,"JOBID":104,"SCMURL":"https://delmarketsol-nacaus19.developer.ocp.oraclecloud.com/delmarketsol-nacaus19/s/delmarketsol-nacaus19_artifact-deployment-project_75692/scm/Internal_Deploy_Script_Repo.git"},{"ID":107,"CREATIONDATE":"2023-04-14 12:38:19.519","MODIFICATIONDATE":"2023-04-14 12:38:19.519","VERSION":1,"JOBID":81,"SCMURL":"https://delmarketsol-nacaus19.developer.ocp.oraclecloud.com/delmarketsol-nacaus19/s/delmarketsol-nacaus19_artifact-deployment-project_75692/scm/Internal_Deploy_Script_Repo.git"},{"ID":108,"CREATIONDATE":"2023-04-14 12:38:19.519","MODIFICATIONDATE":"2023-04-14 12:38:19.519","VERSION":1,"JOBID":81,"SCMURL":"https://delmarketsol-nacaus19.developer.ocp.oraclecloud.com/delmarketsol-nacaus19/s/delmarketsol-nacaus19_artifact-deployment-project_75692/scm/External_Client_Artifacts_Repo.git"},{"ID":71,"CREATIONDATE":"2023-04-14 07:15:55.222","MODIFICATIONDATE":"2023-04-14 07:15:55.222","VERSION":1,"JOBID":42,"SCMURL":"https://delmarketsol-nacaus19.developer.ocp.oraclecloud.com/delmarketsol-nacaus19/s/delmarketsol-nacaus19_artifact-deployment-project_75692/scm/Internal_Deploy_Script_Repo.git"},{"ID":86,"CREATIONDATE":"2023-04-14 07:24:40.387","MODIFICATIONDATE":"2023-04-14 07:24:40.387","VERSION":1,"JOBID":43,"SCMURL":"https://delmarketsol-nacaus19.developer.ocp.oraclecloud.com/delmarketsol-nacaus19/s/delmarketsol-nacaus19_artifact-deployment-project_75692/scm/External_Client_Artifacts_Repo.git"},{"ID":72,"CREATIONDATE":"2023-04-14 07:15:55.223","MODIFICATIONDATE":"2023-04-14 07:15:55.223","VERSION":1,"JOBID":42,"SCMURL":"https://delmarketsol-nacaus19.developer.ocp.oraclecloud.com/delmarketsol-nacaus19/s/delmarketsol-nacaus19_artifact-deployment-project_75692/scm/External_Client_Artifacts_Repo.git"},{"ID":90,"CREATIONDATE":"2023-04-14 07:29:25.581","MODIFICATIONDATE":"2023-04-14 07:29:25.581","VERSION":1,"JOBID":62,"SCMURL":"https://delmarketsol-nacaus19.developer.ocp.oraclecloud.com/delmarketsol-nacaus19/s/delmarketsol-nacaus19_artifact-deployment-project_75692/scm/External_Client_Artifacts_Repo.git"},{"ID":306,"CREATIONDATE":"2023-04-25 12:37:35.216","MODIFICATIONDATE":"2023-04-25 12:37:35.216","VERSION":1,"JOBID":2,"SCMURL":"https://delmarketsol-nacaus19.developer.ocp.oraclecloud.com/delmarketsol-nacaus19/s/delmarketsol-nacaus19_artifact-deployment-project_75692/scm/External_Client_Artifacts_Repo.git"},{"ID":241,"CREATIONDATE":"2023-04-18 10:55:32.05","MODIFICATIONDATE":"2023-04-18 10:55:32.05","VERSION":1,"JOBID":142,"SCMURL":"https://delmarketsol-nacaus19.developer.ocp.oraclecloud.com/delmarketsol-nacaus19/s/delmarketsol-nacaus19_artifact-deployment-project_75692/scm/Internal_Deploy_Script_Repo.git"},{"ID":309,"CREATIONDATE":"2023-04-25 13:14:52.491","MODIFICATIONDATE":"2023-04-25 13:14:52.491","VERSION":1,"JOBID":23,"SCMURL":"https://delmarketsol-nacaus19.developer.ocp.oraclecloud.com/delmarketsol-nacaus19/s/delmarketsol-nacaus19_artifact-deployment-project_75692/scm/Internal_Deploy_Script_Repo.git"},{"ID":305,"CREATIONDATE":"2023-04-25 12:37:35.211","MODIFICATIONDATE":"2023-04-25 12:37:35.211","VERSION":1,"JOBID":2,"SCMURL":"https://delmarketsol-nacaus19.developer.ocp.oraclecloud.com/delmarketsol-nacaus19/s/delmarketsol-nacaus19_artifact-deployment-project_75692/scm/Internal_Deploy_Script_Repo.git"},{"ID":243,"CREATIONDATE":"2023-04-18 11:11:32.284","MODIFICATIONDATE":"2023-04-18 11:11:32.284","VERSION":1,"JOBID":101,"SCMURL":"https://delmarketsol-nacaus19.developer.ocp.oraclecloud.com/delmarketsol-nacaus19/s/delmarketsol-nacaus19_artifact-deployment-project_75692/scm/External_Client_Artifacts_Repo.git"},{"ID":242,"CREATIONDATE":"2023-04-18 11:11:32.283","MODIFICATIONDATE":"2023-04-18 11:11:32.283","VERSION":1,"JOBID":101,"SCMURL":"https://delmarketsol-nacaus19.developer.ocp.oraclecloud.com/delmarketsol-nacaus19/s/delmarketsol-nacaus19_artifact-deployment-project_75692/scm/Internal_Deploy_Script_Repo.git"},{"ID":226,"CREATIONDATE":"2023-04-18 11:13:57.489","MODIFICATIONDATE":"2023-04-18 11:13:57.489","VERSION":1,"JOBID":102,"SCMURL":"https://delmarketsol-nacaus19.developer.ocp.oraclecloud.com/delmarketsol-nacaus19/s/delmarketsol-nacaus19_artifact-deployment-project_75692/scm/Internal_Deploy_Script_Repo.git"},{"ID":225,"CREATIONDATE":"2023-04-18 11:10:55.562","MODIFICATIONDATE":"2023-04-18 11:10:55.562","VERSION":1,"JOBID":121,"SCMURL":"https://delmarketsol-nacaus19.developer.ocp.oraclecloud.com/delmarketsol-nacaus19/s/delmarketsol-nacaus19_artifact-deployment-project_75692/scm/Internal_Deploy_Script_Repo.git"},{"ID":227,"CREATIONDATE":"2023-04-18 11:13:57.49","MODIFICATIONDATE":"2023-04-18 11:13:57.49","VERSION":1,"JOBID":102,"SCMURL":"https://delmarketsol-nacaus19.developer.ocp.oraclecloud.com/delmarketsol-nacaus19/s/delmarketsol-nacaus19_artifact-deployment-project_75692/scm/External_Client_Artifacts_Repo.git"}]