[{"ID":1,"CREATIONDATE":"2023-04-13 09:36:39.998","MODIFICATIONDATE":"2023-04-13 09:39:34.989","VERSION":8,"BUILDID":1,"TASKID":"4e3b2fa1-cf4c-4426-84a5-3f420cba7252","HASMORE":0,"HIGHESTNEXTLINE":18,"FIXNEXTLINE":"{ \"adjustments\": [] }","LOGSIZE":1083},{"ID":2,"CREATIONDATE":"2023-04-13 09:39:35.39","MODIFICATIONDATE":"2023-04-13 09:39:59.676","VERSION":8,"BUILDID":2,"TASKID":"afa9c13a-0cf2-4aa0-a36d-40c378d752e8","HASMORE":0,"HIGHESTNEXTLINE":30,"FIXNEXTLINE":"{ \"adjustments\": [] }","LOGSIZE":2045},{"ID":3,"CREATIONDATE":"2023-04-13 09:48:13.011","MODIFICATIONDATE":"2023-04-13 09:48:36.403","VERSION":8,"BUILDID":3,"TASKID":"c27e55ac-92d9-44aa-932d-4741bc3144ef","HASMORE":0,"HIGHESTNEXTLINE":30,"FIXNEXTLINE":"{ \"adjustments\": [] }","LOGSIZE":1979},{"ID":4,"CREATIONDATE":"2023-04-13 09:50:10.37","MODIFICATIONDATE":"2023-04-13 09:50:33.828","VERSION":8,"BUILDID":4,"TASKID":"503687cd-281f-4d2a-bb7b-abfabe6ba8d3","HASMORE":0,"HIGHESTNEXTLINE":35,"FIXNEXTLINE":"{ \"adjustments\": [] }","LOGSIZE":2208},{"ID":23,"CREATIONDATE":"2023-04-13 10:44:44.459","MODIFICATIONDATE":"2023-04-13 10:45:07.944","VERSION":8,"BUILDID":23,"TASKID":"c4324dd0-3763-4547-bb6c-dfc8e2338571","HASMORE":0,"HIGHESTNEXTLINE":35,"FIXNEXTLINE":"{ \"adjustments\": [] }","LOGSIZE":2208},{"ID":25,"CREATIONDATE":"2023-04-13 11:00:40.282","MODIFICATIONDATE":"2023-04-13 11:01:13.428","VERSION":9,"BUILDID":25,"TASKID":"13a72f91-9b5f-48d0-bf8c-3008a571411f","HASMORE":0,"HIGHESTNEXTLINE":38,"FIXNEXTLINE":"{ \"adjustments\": [] }","LOGSIZE":2464},{"ID":5,"CREATIONDATE":"2023-04-13 11:02:58.864","MODIFICATIONDATE":"2023-04-13 11:03:34.448","VERSION":9,"BUILDID":5,"TASKID":"1e8ac9a6-5b4e-4b81-8224-7e05fc45ab13","HASMORE":0,"HIGHESTNEXTLINE":38,"FIXNEXTLINE":"{ \"adjustments\": [] }","LOGSIZE":2458},{"ID":6,"CREATIONDATE":"2023-04-13 11:07:11.761","MODIFICATIONDATE":"2023-04-13 11:07:44.579","VERSION":9,"BUILDID":6,"TASKID":"c8f9774e-533a-416d-9d8d-3f5f8ce07958","HASMORE":0,"HIGHESTNEXTLINE":38,"FIXNEXTLINE":"{ \"adjustments\": [] }","LOGSIZE":2466},{"ID":7,"CREATIONDATE":"2023-04-13 11:13:08.891","MODIFICATIONDATE":"2023-04-13 11:13:42.401","VERSION":9,"BUILDID":7,"TASKID":"544a79ed-9a01-4c9c-8036-85302efe09d8","HASMORE":0,"HIGHESTNEXTLINE":49,"FIXNEXTLINE":"{ \"adjustments\": [] }","LOGSIZE":3934},{"ID":48,"CREATIONDATE":"2023-04-14 06:24:04.632","MODIFICATIONDATE":"2023-04-14 06:24:42.006","VERSION":9,"BUILDID":48,"TASKID":"b5cc4ef9-b132-484a-9adb-ddb51dee9cd7","HASMORE":0,"HIGHESTNEXTLINE":44,"FIXNEXTLINE":"{ \"adjustments\": [] }","LOGSIZE":3575},{"ID":49,"CREATIONDATE":"2023-04-14 06:24:42.737","MODIFICATIONDATE":"2023-04-14 06:25:07.102","VERSION":8,"BUILDID":49,"TASKID":"d85ca9ca-40ea-4bdd-b166-936ab53ccf63","HASMORE":0,"HIGHESTNEXTLINE":63,"FIXNEXTLINE":"{ \"adjustments\": [] }","LOGSIZE":4110},{"ID":146,"CREATIONDATE":"2023-04-17 06:39:08.589","MODIFICATIONDATE":"2023-04-17 06:39:39.463","VERSION":8,"BUILDID":146,"TASKID":"c7f19d35-a2da-4e46-8b5d-6ba28a5b96a5","HASMORE":0,"HIGHESTNEXTLINE":90,"FIXNEXTLINE":"{ \"adjustments\": [] }","LOGSIZE":7273},{"ID":125,"CREATIONDATE":"2023-04-17 06:39:40.147","MODIFICATIONDATE":"2023-04-17 06:40:04.795","VERSION":8,"BUILDID":125,"TASKID":"392a029a-a087-45fd-91c6-0878acda15ca","HASMORE":0,"HIGHESTNEXTLINE":22,"FIXNEXTLINE":"{ \"adjustments\": [] }","LOGSIZE":1468},{"ID":148,"CREATIONDATE":"2023-04-17 07:31:04.832","MODIFICATIONDATE":"2023-04-17 07:33:59.667","VERSION":8,"BUILDID":148,"TASKID":"b7458128-4e31-4709-a088-4a8961962548","HASMORE":0,"HIGHESTNEXTLINE":18,"FIXNEXTLINE":"{ \"adjustments\": [] }","LOGSIZE":1083},{"ID":150,"CREATIONDATE":"2023-04-17 07:36:17.486","MODIFICATIONDATE":"2023-04-17 07:36:40.383","VERSION":8,"BUILDID":150,"TASKID":"c714fb5c-ed30-4283-bf73-39dabe685697","HASMORE":0,"HIGHESTNEXTLINE":18,"FIXNEXTLINE":"{ \"adjustments\": [] }","LOGSIZE":1150},{"ID":202,"CREATIONDATE":"2023-04-17 15:31:33.94","MODIFICATIONDATE":"2023-04-17 15:32:01.277","VERSION":8,"BUILDID":191,"TASKID":"b1241754-f06a-470f-a4d9-5957301df57e","HASMORE":0,"HIGHESTNEXTLINE":66,"FIXNEXTLINE":"{ \"adjustments\": [] }","LOGSIZE":7581},{"ID":203,"CREATIONDATE":"2023-04-17 15:32:01.855","MODIFICATIONDATE":"2023-04-17 15:32:28.304","VERSION":8,"BUILDID":192,"TASKID":"041b44a1-31b4-4b72-8019-1cd72d1c6195","HASMORE":0,"HIGHESTNEXTLINE":22,"FIXNEXTLINE":"{ \"adjustments\": [] }","LOGSIZE":1488},{"ID":204,"CREATIONDATE":"2023-04-17 15:32:28.784","MODIFICATIONDATE":"2023-04-17 15:32:53.153","VERSION":8,"BUILDID":193,"TASKID":"10e76803-dabd-4ab9-bbb0-8c663e6f057b","HASMORE":0,"HIGHESTNEXTLINE":100,"FIXNEXTLINE":"{ \"adjustments\": [] }","LOGSIZE":5739},{"ID":208,"CREATIONDATE":"2023-04-17 16:29:25.217","MODIFICATIONDATE":"2023-04-17 16:30:16.704","VERSION":10,"BUILDID":197,"TASKID":"5804728c-c858-402d-b953-62ad6e4a61fe","HASMORE":0,"HIGHESTNEXTLINE":41,"FIXNEXTLINE":"{ \"adjustments\": [] }","LOGSIZE":3199},{"ID":209,"CREATIONDATE":"2023-04-17 16:30:17.211","MODIFICATIONDATE":"2023-04-17 16:30:45.352","VERSION":8,"BUILDID":198,"TASKID":"3ec4e92e-d756-48aa-915d-9bbe7f881c58","HASMORE":0,"HIGHESTNEXTLINE":66,"FIXNEXTLINE":"{ \"adjustments\": [] }","LOGSIZE":7581},{"ID":227,"CREATIONDATE":"2023-04-17 16:59:25.067","MODIFICATIONDATE":"2023-04-17 16:59:51.975","VERSION":8,"BUILDID":177,"TASKID":"642a11b8-b1ab-4c26-9e40-65ad3318bd47","HASMORE":0,"HIGHESTNEXTLINE":66,"FIXNEXTLINE":"{ \"adjustments\": [] }","LOGSIZE":7581},{"ID":228,"CREATIONDATE":"2023-04-17 16:59:52.716","MODIFICATIONDATE":"2023-04-17 17:00:16.173","VERSION":8,"BUILDID":178,"TASKID":"ff43e47b-fe62-465c-ad7a-c5e0944fc03b","HASMORE":0,"HIGHESTNEXTLINE":21,"FIXNEXTLINE":"{ \"adjustments\": [] }","LOGSIZE":1456},{"ID":233,"CREATIONDATE":"2023-04-17 17:38:30.044","MODIFICATIONDATE":"2023-04-17 17:38:55.368","VERSION":9,"BUILDID":203,"TASKID":"a6f1accf-c304-4e50-aa73-61095c879bca","HASMORE":0,"HIGHESTNEXTLINE":80,"FIXNEXTLINE":"{ \"adjustments\": [] }","LOGSIZE":4529},{"ID":214,"CREATIONDATE":"2023-04-17 20:41:40.835","MODIFICATIONDATE":"2023-04-17 20:42:04.194","VERSION":8,"BUILDID":223,"TASKID":"c0e5d1a6-22dd-4982-833a-ba053028541e","HASMORE":0,"HIGHESTNEXTLINE":18,"FIXNEXTLINE":"{ \"adjustments\": [] }","LOGSIZE":1116},{"ID":244,"CREATIONDATE":"2023-04-17 20:42:45.788","MODIFICATIONDATE":"2023-04-17 20:43:10.138","VERSION":8,"BUILDID":208,"TASKID":"57f17691-4804-4654-a298-b30b2c53a6db","HASMORE":0,"HIGHESTNEXTLINE":22,"FIXNEXTLINE":"{ \"adjustments\": [] }","LOGSIZE":1496},{"ID":261,"CREATIONDATE":"2023-04-18 06:42:35.54","MODIFICATIONDATE":"2023-04-18 06:45:16.321","VERSION":8,"BUILDID":241,"TASKID":"932da4bf-4042-4b6c-9b02-c79b6fde9c33","HASMORE":0,"HIGHESTNEXTLINE":18,"FIXNEXTLINE":"{ \"adjustments\": [] }","LOGSIZE":1116},{"ID":263,"CREATIONDATE":"2023-04-18 06:46:32.164","MODIFICATIONDATE":"2023-04-18 06:46:58.225","VERSION":8,"BUILDID":243,"TASKID":"6ab6f567-f01e-47d4-90b6-14efbf480c31","HASMORE":0,"HIGHESTNEXTLINE":80,"FIXNEXTLINE":"{ \"adjustments\": [] }","LOGSIZE":4545},{"ID":286,"CREATIONDATE":"2023-04-18 11:08:43.678","MODIFICATIONDATE":"2023-04-18 11:09:06.463","VERSION":8,"BUILDID":266,"TASKID":"09177024-4ab7-4f36-ba1b-2a9b41ad3649","HASMORE":0,"HIGHESTNEXTLINE":18,"FIXNEXTLINE":"{ \"adjustments\": [] }","LOGSIZE":1116},{"ID":288,"CREATIONDATE":"2023-04-18 11:09:47.264","MODIFICATIONDATE":"2023-04-18 11:10:19.112","VERSION":9,"BUILDID":268,"TASKID":"db8497a1-5930-4cc9-9407-d0b93e10e4f5","HASMORE":0,"HIGHESTNEXTLINE":65,"FIXNEXTLINE":"{ \"adjustments\": [] }","LOGSIZE":4894},{"ID":289,"CREATIONDATE":"2023-04-18 11:21:26.878","MODIFICATIONDATE":"2023-04-18 11:21:49.127","VERSION":8,"BUILDID":269,"TASKID":"7a675e03-613a-4bf6-8dc6-e34b40075b6e","HASMORE":0,"HIGHESTNEXTLINE":18,"FIXNEXTLINE":"{ \"adjustments\": [] }","LOGSIZE":1116},{"ID":290,"CREATIONDATE":"2023-04-18 11:44:52.76","MODIFICATIONDATE":"2023-04-18 11:45:16.115","VERSION":8,"BUILDID":270,"TASKID":"c8c9bef0-fc8b-400d-a5ab-9c14b9cb96b4","HASMORE":0,"HIGHESTNEXTLINE":18,"FIXNEXTLINE":"{ \"adjustments\": [] }","LOGSIZE":1116},{"ID":291,"CREATIONDATE":"2023-04-18 11:45:16.829","MODIFICATIONDATE":"2023-04-18 11:45:54.632","VERSION":9,"BUILDID":271,"TASKID":"3183a563-fe86-4beb-8752-31bd2293882e","HASMORE":0,"HIGHESTNEXTLINE":41,"FIXNEXTLINE":"{ \"adjustments\": [] }","LOGSIZE":3205},{"ID":292,"CREATIONDATE":"2023-04-18 11:50:23.736","MODIFICATIONDATE":"2023-04-18 11:51:01.584","VERSION":9,"BUILDID":272,"TASKID":"abfc169a-87f1-4d7b-9dcc-e889d5312c04","HASMORE":0,"HIGHESTNEXTLINE":41,"FIXNEXTLINE":"{ \"adjustments\": [] }","LOGSIZE":3205},{"ID":293,"CREATIONDATE":"2023-04-18 11:51:57.162","MODIFICATIONDATE":"2023-04-18 11:52:22.854","VERSION":8,"BUILDID":273,"TASKID":"9c1428a3-09a9-4b38-9a52-075a7275b4e9","HASMORE":0,"HIGHESTNEXTLINE":80,"FIXNEXTLINE":"{ \"adjustments\": [] }","LOGSIZE":4499},{"ID":321,"CREATIONDATE":"2023-04-19 12:10:07.105","MODIFICATIONDATE":"2023-04-19 12:12:46.37","VERSION":8,"BUILDID":281,"TASKID":"3ec80a33-6836-4234-b115-bd7f72a2e5d9","HASMORE":0,"HIGHESTNEXTLINE":18,"FIXNEXTLINE":"{ \"adjustments\": [] }","LOGSIZE":1105},{"ID":361,"CREATIONDATE":"2023-04-20 07:07:33.882","MODIFICATIONDATE":"2023-04-20 07:10:24.733","VERSION":8,"BUILDID":321,"TASKID":"2cac8db1-e10a-42a4-83c1-6501bc885667","HASMORE":0,"HIGHESTNEXTLINE":17,"FIXNEXTLINE":"{ \"adjustments\": [] }","LOGSIZE":1010},{"ID":404,"CREATIONDATE":"2023-04-25 13:10:55.385","MODIFICATIONDATE":"2023-04-25 13:11:18.575","VERSION":8,"BUILDID":364,"TASKID":"769e36b0-e38a-49d5-9f97-15a2aa4faca9","HASMORE":0,"HIGHESTNEXTLINE":18,"FIXNEXTLINE":"{ \"adjustments\": [] }","LOGSIZE":1110},{"ID":430,"CREATIONDATE":"2023-04-25 14:14:46.748","MODIFICATIONDATE":"2023-04-25 14:17:31.867","VERSION":8,"BUILDID":390,"TASKID":"d082a497-524c-467f-b13d-fb2a2385da79","HASMORE":0,"HIGHESTNEXTLINE":18,"FIXNEXTLINE":"{ \"adjustments\": [] }","LOGSIZE":1110},{"ID":408,"CREATIONDATE":"2023-04-25 14:17:32.635","MODIFICATIONDATE":"2023-04-25 14:18:18.07","VERSION":9,"BUILDID":368,"TASKID":"384a4269-9229-4683-a80c-33dbe08e8fc6","HASMORE":0,"HIGHESTNEXTLINE":41,"FIXNEXTLINE":"{ \"adjustments\": [] }","LOGSIZE":3207},{"ID":431,"CREATIONDATE":"2023-04-25 14:18:18.603","MODIFICATIONDATE":"2023-04-25 14:18:48.292","VERSION":8,"BUILDID":391,"TASKID":"22f3b9d7-1a70-467d-b7a7-0b14c36ae1bd","HASMORE":0,"HIGHESTNEXTLINE":90,"FIXNEXTLINE":"{ \"adjustments\": [] }","LOGSIZE":7264},{"ID":409,"CREATIONDATE":"2023-04-25 14:18:48.777","MODIFICATIONDATE":"2023-04-25 14:19:13.278","VERSION":8,"BUILDID":369,"TASKID":"148cf9f7-4246-477a-a23c-65c4d379faa8","HASMORE":0,"HIGHESTNEXTLINE":22,"FIXNEXTLINE":"{ \"adjustments\": [] }","LOGSIZE":1507},{"ID":432,"CREATIONDATE":"2023-04-25 14:19:13.821","MODIFICATIONDATE":"2023-04-25 14:19:39.834","VERSION":8,"BUILDID":392,"TASKID":"4a72a87c-8690-4db4-a7ff-fae0492ac6a6","HASMORE":0,"HIGHESTNEXTLINE":100,"FIXNEXTLINE":"{ \"adjustments\": [] }","LOGSIZE":5787},{"ID":410,"CREATIONDATE":"2023-04-25 14:19:40.45","MODIFICATIONDATE":"2023-04-25 14:20:04.222","VERSION":8,"BUILDID":370,"TASKID":"be46941a-0bf1-4d1a-aa0d-72a7c0828083","HASMORE":0,"HIGHESTNEXTLINE":18,"FIXNEXTLINE":"{ \"adjustments\": [] }","LOGSIZE":1190},{"ID":444,"CREATIONDATE":"2023-04-26 04:50:37.597","MODIFICATIONDATE":"2023-04-26 04:51:06.906","VERSION":8,"BUILDID":404,"TASKID":"5bfb4800-f306-47e8-99ac-2574e4ca2982","HASMORE":0,"HIGHESTNEXTLINE":90,"FIXNEXTLINE":"{ \"adjustments\": [] }","LOGSIZE":7264},{"ID":445,"CREATIONDATE":"2023-04-26 04:51:07.446","MODIFICATIONDATE":"2023-04-26 04:51:31.607","VERSION":8,"BUILDID":405,"TASKID":"fc28430f-c9c6-481f-9794-0c4f32547094","HASMORE":0,"HIGHESTNEXTLINE":22,"FIXNEXTLINE":"{ \"adjustments\": [] }","LOGSIZE":1507},{"ID":446,"CREATIONDATE":"2023-04-26 04:51:32.171","MODIFICATIONDATE":"2023-04-26 04:51:58.49","VERSION":8,"BUILDID":406,"TASKID":"eb7614e1-9e72-42a9-876c-c41552fb930d","HASMORE":0,"HIGHESTNEXTLINE":100,"FIXNEXTLINE":"{ \"adjustments\": [] }","LOGSIZE":5787},{"ID":462,"CREATIONDATE":"2023-04-27 12:29:18.818","MODIFICATIONDATE":"2023-04-27 12:30:04.651","VERSION":9,"BUILDID":422,"TASKID":"c853b9ef-d44b-4289-8fa5-0d7e740536b8","HASMORE":0,"HIGHESTNEXTLINE":41,"FIXNEXTLINE":"{ \"adjustments\": [] }","LOGSIZE":3207},{"ID":463,"CREATIONDATE":"2023-04-27 12:30:05.189","MODIFICATIONDATE":"2023-04-27 12:30:35.215","VERSION":8,"BUILDID":423,"TASKID":"386e1a6f-6637-428e-a702-c4555212d259","HASMORE":0,"HIGHESTNEXTLINE":90,"FIXNEXTLINE":"{ \"adjustments\": [] }","LOGSIZE":7264},{"ID":465,"CREATIONDATE":"2023-04-27 12:31:00.356","MODIFICATIONDATE":"2023-04-27 12:31:25.152","VERSION":8,"BUILDID":425,"TASKID":"4f09ad55-1d40-4bc0-8710-88392a015389","HASMORE":0,"HIGHESTNEXTLINE":100,"FIXNEXTLINE":"{ \"adjustments\": [] }","LOGSIZE":5787},{"ID":466,"CREATIONDATE":"2023-04-27 12:31:25.626","MODIFICATIONDATE":"2023-04-27 12:31:48.52","VERSION":8,"BUILDID":426,"TASKID":"6e236743-7fab-4515-94f8-cf6aa4add0f8","HASMORE":0,"HIGHESTNEXTLINE":18,"FIXNEXTLINE":"{ \"adjustments\": [] }","LOGSIZE":1190},{"ID":468,"CREATIONDATE":"2023-04-27 12:37:29.619","MODIFICATIONDATE":"2023-04-27 12:37:53.899","VERSION":8,"BUILDID":428,"TASKID":"99d2882a-25d8-4d21-a8d4-17cf21f12cc8","HASMORE":0,"HIGHESTNEXTLINE":22,"FIXNEXTLINE":"{ \"adjustments\": [] }","LOGSIZE":1507},{"ID":469,"CREATIONDATE":"2023-04-27 12:38:21.551","MODIFICATIONDATE":"2023-04-27 12:38:43.634","VERSION":8,"BUILDID":429,"TASKID":"e8fca13b-db92-4718-9367-2f97ea3ffa31","HASMORE":0,"HIGHESTNEXTLINE":18,"FIXNEXTLINE":"{ \"adjustments\": [] }","LOGSIZE":1190},{"ID":22,"CREATIONDATE":"2023-04-13 10:19:33.779","MODIFICATIONDATE":"2023-04-13 10:34:44.96","VERSION":8,"BUILDID":22,"TASKID":"a387bd89-9808-435e-bf7b-a5029b1c0c66","HASMORE":0,"HIGHESTNEXTLINE":35,"FIXNEXTLINE":"{ \"adjustments\": [] }","LOGSIZE":2208},{"ID":27,"CREATIONDATE":"2023-04-13 11:16:30.004","MODIFICATIONDATE":"2023-04-13 11:17:04.989","VERSION":9,"BUILDID":27,"TASKID":"c79ebc79-e7f0-48ae-93aa-7fd0b011c5d8","HASMORE":0,"HIGHESTNEXTLINE":39,"FIXNEXTLINE":"{ \"adjustments\": [] }","LOGSIZE":2526},{"ID":41,"CREATIONDATE":"2023-04-14 05:24:34.999","MODIFICATIONDATE":"2023-04-14 05:27:29.186","VERSION":9,"BUILDID":41,"TASKID":"bd6b22ed-ac46-4990-86e2-8fe7d7993069","HASMORE":0,"HIGHESTNEXTLINE":18,"FIXNEXTLINE":"{ \"adjustments\": [] }","LOGSIZE":1097},{"ID":42,"CREATIONDATE":"2023-04-14 05:31:02.236","MODIFICATIONDATE":"2023-04-14 05:31:37.51","VERSION":9,"BUILDID":42,"TASKID":"726252f2-ea9b-412f-a83a-ba2abc33e87b","HASMORE":0,"HIGHESTNEXTLINE":63,"FIXNEXTLINE":"{ \"adjustments\": [] }","LOGSIZE":4565},{"ID":63,"CREATIONDATE":"2023-04-14 05:44:14.201","MODIFICATIONDATE":"2023-04-14 05:44:38.768","VERSION":8,"BUILDID":63,"TASKID":"dedb2264-7405-4165-b246-d74bda3e86e2","HASMORE":0,"HIGHESTNEXTLINE":63,"FIXNEXTLINE":"{ \"adjustments\": [] }","LOGSIZE":4023},{"ID":68,"CREATIONDATE":"2023-04-14 06:18:23.846","MODIFICATIONDATE":"2023-04-14 06:18:47.648","VERSION":8,"BUILDID":68,"TASKID":"098e02f0-11b7-4c79-89b6-d1fa5e2e55b7","HASMORE":0,"HIGHESTNEXTLINE":18,"FIXNEXTLINE":"{ \"adjustments\": [] }","LOGSIZE":1083},{"ID":79,"CREATIONDATE":"2023-04-14 07:04:26.201","MODIFICATIONDATE":"2023-04-14 07:04:52.085","VERSION":8,"BUILDID":79,"TASKID":"22a3b1c1-0aea-487d-baae-f6ef97849b0a","HASMORE":0,"HIGHESTNEXTLINE":65,"FIXNEXTLINE":"{ \"adjustments\": [] }","LOGSIZE":4458},{"ID":83,"CREATIONDATE":"2023-04-14 07:08:48.737","MODIFICATIONDATE":"2023-04-14 07:09:10.763","VERSION":8,"BUILDID":83,"TASKID":"7144072c-b792-412f-b3fd-acac90c60259","HASMORE":0,"HIGHESTNEXTLINE":18,"FIXNEXTLINE":"{ \"adjustments\": [] }","LOGSIZE":1083},{"ID":85,"CREATIONDATE":"2023-04-14 07:09:45.896","MODIFICATIONDATE":"2023-04-14 07:10:21.489","VERSION":9,"BUILDID":85,"TASKID":"39f35ec1-ea1f-4c01-8dd8-c1128742c508","HASMORE":0,"HIGHESTNEXTLINE":107,"FIXNEXTLINE":"{ \"adjustments\": [] }","LOGSIZE":8940},{"ID":86,"CREATIONDATE":"2023-04-14 07:10:46.702","MODIFICATIONDATE":"2023-04-14 07:11:11.369","VERSION":8,"BUILDID":86,"TASKID":"40aae3d0-13fb-4364-9c4f-d2ee73787ceb","HASMORE":0,"HIGHESTNEXTLINE":120,"FIXNEXTLINE":"{ \"adjustments\": [] }","LOGSIZE":6880},{"ID":89,"CREATIONDATE":"2023-04-14 10:11:31.944","MODIFICATIONDATE":"2023-04-14 10:11:56.32","VERSION":9,"BUILDID":89,"TASKID":"7818fe87-819d-47a5-8592-38efeff154cb","HASMORE":0,"HIGHESTNEXTLINE":24,"FIXNEXTLINE":"{ \"adjustments\": [] }","LOGSIZE":1637},{"ID":91,"CREATIONDATE":"2023-04-14 12:38:25.406","MODIFICATIONDATE":"2023-04-14 12:39:01.749","VERSION":9,"BUILDID":91,"TASKID":"a38cdcb8-768b-4327-b5d3-1c6ea35f36c8","HASMORE":0,"HIGHESTNEXTLINE":41,"FIXNEXTLINE":"{ \"adjustments\": [] }","LOGSIZE":3113},{"ID":109,"CREATIONDATE":"2023-04-14 12:46:13.532","MODIFICATIONDATE":"2023-04-14 12:46:35.935","VERSION":8,"BUILDID":109,"TASKID":"5ed39f93-8695-44c9-b3f9-65c79def748c","HASMORE":0,"HIGHESTNEXTLINE":18,"FIXNEXTLINE":"{ \"adjustments\": [] }","LOGSIZE":1083},{"ID":110,"CREATIONDATE":"2023-04-14 12:46:36.385","MODIFICATIONDATE":"2023-04-14 12:47:11.492","VERSION":9,"BUILDID":110,"TASKID":"7a600842-d893-43d7-bed4-7749e8b74c6c","HASMORE":0,"HIGHESTNEXTLINE":41,"FIXNEXTLINE":"{ \"adjustments\": [] }","LOGSIZE":3180},{"ID":111,"CREATIONDATE":"2023-04-14 12:47:11.964","MODIFICATIONDATE":"2023-04-14 12:47:42.119","VERSION":9,"BUILDID":111,"TASKID":"f14ae32d-4e1f-4ff8-9d58-819d7a3c53c3","HASMORE":0,"HIGHESTNEXTLINE":90,"FIXNEXTLINE":"{ \"adjustments\": [] }","LOGSIZE":7273},{"ID":121,"CREATIONDATE":"2023-04-17 05:57:29.42","MODIFICATIONDATE":"2023-04-17 06:11:49.245","VERSION":8,"BUILDID":121,"TASKID":"7fbbac99-bc8d-488d-8a45-b35fac234e10","HASMORE":0,"HIGHESTNEXTLINE":19,"FIXNEXTLINE":"{ \"adjustments\": [] }","LOGSIZE":1131},{"ID":122,"CREATIONDATE":"2023-04-17 06:11:49.876","MODIFICATIONDATE":"2023-04-17 06:12:23.631","VERSION":9,"BUILDID":122,"TASKID":"7ff817f9-d7a1-48fd-a088-e163e17010b8","HASMORE":0,"HIGHESTNEXTLINE":44,"FIXNEXTLINE":"{ \"adjustments\": [] }","LOGSIZE":3060},{"ID":141,"CREATIONDATE":"2023-04-17 06:19:02.798","MODIFICATIONDATE":"2023-04-17 06:19:36.209","VERSION":9,"BUILDID":141,"TASKID":"57c757dc-d460-4b30-9996-950be346d795","HASMORE":0,"HIGHESTNEXTLINE":43,"FIXNEXTLINE":"{ \"adjustments\": [] }","LOGSIZE":2965},{"ID":142,"CREATIONDATE":"2023-04-17 06:20:37.185","MODIFICATIONDATE":"2023-04-17 06:21:10.116","VERSION":8,"BUILDID":142,"TASKID":"fd349018-88c6-45d9-bfad-26c742982578","HASMORE":0,"HIGHESTNEXTLINE":43,"FIXNEXTLINE":"{ \"adjustments\": [] }","LOGSIZE":2903},{"ID":143,"CREATIONDATE":"2023-04-17 06:30:00.081","MODIFICATIONDATE":"2023-04-17 06:30:34.956","VERSION":9,"BUILDID":143,"TASKID":"363dad5f-21e7-4827-bcd6-e8ac0943597c","HASMORE":0,"HIGHESTNEXTLINE":43,"FIXNEXTLINE":"{ \"adjustments\": [] }","LOGSIZE":2967},{"ID":144,"CREATIONDATE":"2023-04-17 06:34:33.255","MODIFICATIONDATE":"2023-04-17 06:35:37.678","VERSION":11,"BUILDID":144,"TASKID":"fc0d6439-3df9-4ce9-bb0c-004797cf8900","HASMORE":0,"HIGHESTNEXTLINE":112,"FIXNEXTLINE":"{ \"adjustments\": [] }","LOGSIZE":9109},{"ID":145,"CREATIONDATE":"2023-04-17 06:36:35.896","MODIFICATIONDATE":"2023-04-17 06:37:11.557","VERSION":8,"BUILDID":145,"TASKID":"bc40f79f-b94c-4ed4-8a71-e188454af7c4","HASMORE":0,"HIGHESTNEXTLINE":41,"FIXNEXTLINE":"{ \"adjustments\": [] }","LOGSIZE":3113},{"ID":161,"CREATIONDATE":"2023-04-17 13:40:57.146","MODIFICATIONDATE":"2023-04-17 13:43:34.062","VERSION":8,"BUILDID":130,"TASKID":"1faf459b-05bf-4438-a045-78412ad531df","HASMORE":0,"HIGHESTNEXTLINE":18,"FIXNEXTLINE":"{ \"adjustments\": [] }","LOGSIZE":1100},{"ID":182,"CREATIONDATE":"2023-04-17 13:44:22.391","MODIFICATIONDATE":"2023-04-17 13:44:48.94","VERSION":8,"BUILDID":152,"TASKID":"21ee3c9b-d16c-4061-8988-edb091b88658","HASMORE":0,"HIGHESTNEXTLINE":58,"FIXNEXTLINE":"{ \"adjustments\": [] }","LOGSIZE":4013},{"ID":183,"CREATIONDATE":"2023-04-17 13:54:26.992","MODIFICATIONDATE":"2023-04-17 13:54:53.55","VERSION":8,"BUILDID":153,"TASKID":"85efdfa6-8afa-457f-b068-820c9eb2c740","HASMORE":0,"HIGHESTNEXTLINE":56,"FIXNEXTLINE":"{ \"adjustments\": [] }","LOGSIZE":3823},{"ID":185,"CREATIONDATE":"2023-04-17 14:01:59.071","MODIFICATIONDATE":"2023-04-17 14:02:25.187","VERSION":8,"BUILDID":155,"TASKID":"eeb460ea-e0b7-494c-ba6c-bd8eb14cf7a8","HASMORE":0,"HIGHESTNEXTLINE":18,"FIXNEXTLINE":"{ \"adjustments\": [] }","LOGSIZE":1097},{"ID":165,"CREATIONDATE":"2023-04-17 14:05:09.508","MODIFICATIONDATE":"2023-04-17 14:05:44.798","VERSION":9,"BUILDID":134,"TASKID":"2e99e24a-0b08-4b13-9827-d339e7eb869e","HASMORE":0,"HIGHESTNEXTLINE":41,"FIXNEXTLINE":"{ \"adjustments\": [] }","LOGSIZE":3199},{"ID":166,"CREATIONDATE":"2023-04-17 14:05:45.365","MODIFICATIONDATE":"2023-04-17 14:06:11.261","VERSION":8,"BUILDID":135,"TASKID":"1d57aa3e-fd50-462d-aaf6-bd6db9ce47a9","HASMORE":0,"HIGHESTNEXTLINE":157,"FIXNEXTLINE":"{ \"adjustments\": [] }","LOGSIZE":12940},{"ID":172,"CREATIONDATE":"2023-04-17 15:10:06.673","MODIFICATIONDATE":"2023-04-17 15:10:30.517","VERSION":8,"BUILDID":181,"TASKID":"72cbe82e-bebc-47c2-8aec-021949e7cc1b","HASMORE":0,"HIGHESTNEXTLINE":18,"FIXNEXTLINE":"{ \"adjustments\": [] }","LOGSIZE":1100},{"ID":176,"CREATIONDATE":"2023-04-17 15:16:30.582","MODIFICATIONDATE":"2023-04-17 15:17:05.872","VERSION":9,"BUILDID":185,"TASKID":"49bbd3ad-deac-4a03-bdbf-eecb8d3c3729","HASMORE":0,"HIGHESTNEXTLINE":41,"FIXNEXTLINE":"{ \"adjustments\": [] }","LOGSIZE":3199},{"ID":178,"CREATIONDATE":"2023-04-17 15:17:35.07","MODIFICATIONDATE":"2023-04-17 15:17:59.014","VERSION":8,"BUILDID":187,"TASKID":"a2b187b1-f521-4931-a2fc-f2e7275769b0","HASMORE":0,"HIGHESTNEXTLINE":22,"FIXNEXTLINE":"{ \"adjustments\": [] }","LOGSIZE":1488},{"ID":180,"CREATIONDATE":"2023-04-17 15:18:29.183","MODIFICATIONDATE":"2023-04-17 15:18:51.152","VERSION":8,"BUILDID":189,"TASKID":"08beee9d-d751-40ce-8f8f-20b78281f06a","HASMORE":0,"HIGHESTNEXTLINE":18,"FIXNEXTLINE":"{ \"adjustments\": [] }","LOGSIZE":1167},{"ID":199,"CREATIONDATE":"2023-04-17 15:41:34.848","MODIFICATIONDATE":"2023-04-17 15:41:57.714","VERSION":8,"BUILDID":169,"TASKID":"ad16c8eb-74eb-4cfb-8891-8d6a30f7d161","HASMORE":0,"HIGHESTNEXTLINE":18,"FIXNEXTLINE":"{ \"adjustments\": [] }","LOGSIZE":1100},{"ID":207,"CREATIONDATE":"2023-04-17 16:26:49.427","MODIFICATIONDATE":"2023-04-17 16:29:24.664","VERSION":8,"BUILDID":196,"TASKID":"a1ecb786-16e2-4320-9664-b254ba2512ff","HASMORE":0,"HIGHESTNEXTLINE":18,"FIXNEXTLINE":"{ \"adjustments\": [] }","LOGSIZE":1100},{"ID":224,"CREATIONDATE":"2023-04-17 16:30:46.138","MODIFICATIONDATE":"2023-04-17 16:31:10.573","VERSION":9,"BUILDID":174,"TASKID":"06bb282f-76b9-4b4d-8448-e9a43789b546","HASMORE":0,"HIGHESTNEXTLINE":22,"FIXNEXTLINE":"{ \"adjustments\": [] }","LOGSIZE":1488},{"ID":210,"CREATIONDATE":"2023-04-17 16:31:11.203","MODIFICATIONDATE":"2023-04-17 16:31:34.419","VERSION":8,"BUILDID":199,"TASKID":"d6e5a286-43fb-4b49-affd-e1b28286e919","HASMORE":0,"HIGHESTNEXTLINE":25,"FIXNEXTLINE":"{ \"adjustments\": [] }","LOGSIZE":1790},{"ID":241,"CREATIONDATE":"2023-04-17 20:34:00.561","MODIFICATIONDATE":"2023-04-17 20:34:23.981","VERSION":8,"BUILDID":205,"TASKID":"262818aa-73f6-474c-8b1c-ac985f9bcc6c","HASMORE":0,"HIGHESTNEXTLINE":18,"FIXNEXTLINE":"{ \"adjustments\": [] }","LOGSIZE":1116},{"ID":262,"CREATIONDATE":"2023-04-18 06:45:17.99","MODIFICATIONDATE":"2023-04-18 06:46:05.931","VERSION":9,"BUILDID":242,"TASKID":"2250aca6-59a5-4c25-9221-971ff2a9869d","HASMORE":0,"HIGHESTNEXTLINE":41,"FIXNEXTLINE":"{ \"adjustments\": [] }","LOGSIZE":3205},{"ID":264,"CREATIONDATE":"2023-04-18 06:46:59.142","MODIFICATIONDATE":"2023-04-18 06:47:22.264","VERSION":8,"BUILDID":244,"TASKID":"0f2291b1-9d51-4cd9-ba52-4bff55059c9f","HASMORE":0,"HIGHESTNEXTLINE":18,"FIXNEXTLINE":"{ \"adjustments\": [] }","LOGSIZE":1195},{"ID":322,"CREATIONDATE":"2023-04-19 12:18:50.566","MODIFICATIONDATE":"2023-04-19 12:19:13.336","VERSION":8,"BUILDID":282,"TASKID":"54d34d9b-058b-4a00-9964-cc3537ff52c9","HASMORE":0,"HIGHESTNEXTLINE":18,"FIXNEXTLINE":"{ \"adjustments\": [] }","LOGSIZE":1105},{"ID":323,"CREATIONDATE":"2023-04-19 12:19:51.56","MODIFICATIONDATE":"2023-04-19 12:20:18.241","VERSION":8,"BUILDID":283,"TASKID":"b857a7d0-5767-40b5-9c3d-f7ac269ded8c","HASMORE":0,"HIGHESTNEXTLINE":62,"FIXNEXTLINE":"{ \"adjustments\": [] }","LOGSIZE":5147},{"ID":324,"CREATIONDATE":"2023-04-19 12:20:18.73","MODIFICATIONDATE":"2023-04-19 12:20:42.582","VERSION":8,"BUILDID":284,"TASKID":"cefd063a-67a3-449a-be78-134bd143d0ab","HASMORE":0,"HIGHESTNEXTLINE":22,"FIXNEXTLINE":"{ \"adjustments\": [] }","LOGSIZE":1482},{"ID":325,"CREATIONDATE":"2023-04-19 12:20:43.073","MODIFICATIONDATE":"2023-04-19 12:21:09.193","VERSION":8,"BUILDID":285,"TASKID":"1c9ed633-13ad-4c2a-90b2-0eb6b0e78074","HASMORE":0,"HIGHESTNEXTLINE":80,"FIXNEXTLINE":"{ \"adjustments\": [] }","LOGSIZE":4672},{"ID":345,"CREATIONDATE":"2023-04-19 12:27:13.022","MODIFICATIONDATE":"2023-04-19 12:27:35.237","VERSION":8,"BUILDID":305,"TASKID":"0b31afdb-3554-4b6c-bc8e-f1aab0377bc4","HASMORE":0,"HIGHESTNEXTLINE":18,"FIXNEXTLINE":"{ \"adjustments\": [] }","LOGSIZE":1105},{"ID":346,"CREATIONDATE":"2023-04-19 12:29:04.788","MODIFICATIONDATE":"2023-04-19 12:29:31.755","VERSION":8,"BUILDID":306,"TASKID":"784988f4-3339-4943-a96e-723c0bf5e239","HASMORE":0,"HIGHESTNEXTLINE":80,"FIXNEXTLINE":"{ \"adjustments\": [] }","LOGSIZE":4506},{"ID":347,"CREATIONDATE":"2023-04-19 12:29:32.372","MODIFICATIONDATE":"2023-04-19 12:29:54.659","VERSION":8,"BUILDID":307,"TASKID":"1fea20d3-dbf1-4c0f-b220-cfcd9fb2938d","HASMORE":0,"HIGHESTNEXTLINE":18,"FIXNEXTLINE":"{ \"adjustments\": [] }","LOGSIZE":1181},{"ID":329,"CREATIONDATE":"2023-04-19 12:55:27.16","MODIFICATIONDATE":"2023-04-19 12:55:55.31","VERSION":8,"BUILDID":289,"TASKID":"04b625ca-5283-44e9-9f03-49a385f787a8","HASMORE":0,"HIGHESTNEXTLINE":59,"FIXNEXTLINE":"{ \"adjustments\": [] }","LOGSIZE":4795},{"ID":350,"CREATIONDATE":"2023-04-19 12:55:56.248","MODIFICATIONDATE":"2023-04-19 12:56:20.55","VERSION":8,"BUILDID":310,"TASKID":"51f72a59-fec6-4c9f-a2d8-dc37fe247ea1","HASMORE":0,"HIGHESTNEXTLINE":22,"FIXNEXTLINE":"{ \"adjustments\": [] }","LOGSIZE":1487},{"ID":401,"CREATIONDATE":"2023-04-25 12:25:54.542","MODIFICATIONDATE":"2023-04-25 12:28:41.266","VERSION":8,"BUILDID":361,"TASKID":"9a9af708-4eb4-4719-bc23-b093768fa446","HASMORE":0,"HIGHESTNEXTLINE":18,"FIXNEXTLINE":"{ \"adjustments\": [] }","LOGSIZE":1110},{"ID":402,"CREATIONDATE":"2023-04-25 12:28:42.302","MODIFICATIONDATE":"2023-04-25 12:29:32.982","VERSION":10,"BUILDID":362,"TASKID":"14c5e51f-e3ea-4a97-b1fd-06438c65792d","HASMORE":0,"HIGHESTNEXTLINE":41,"FIXNEXTLINE":"{ \"adjustments\": [] }","LOGSIZE":3207},{"ID":403,"CREATIONDATE":"2023-04-25 12:29:34.192","MODIFICATIONDATE":"2023-04-25 12:30:02.757","VERSION":8,"BUILDID":363,"TASKID":"db29a9b1-30a7-44dd-b1b6-a4a9bafb8e4e","HASMORE":0,"HIGHESTNEXTLINE":61,"FIXNEXTLINE":"{ \"adjustments\": [] }","LOGSIZE":4264},{"ID":26,"CREATIONDATE":"2023-04-13 11:08:50.43","MODIFICATIONDATE":"2023-04-13 11:09:46.957","VERSION":9,"BUILDID":26,"TASKID":"0c79893d-bace-4d4a-b403-015fef44469a","HASMORE":0,"HIGHESTNEXTLINE":74,"FIXNEXTLINE":"{ \"adjustments\": [] }","LOGSIZE":6362},{"ID":8,"CREATIONDATE":"2023-04-13 11:39:36.495","MODIFICATIONDATE":"2023-04-13 11:40:10.431","VERSION":8,"BUILDID":8,"TASKID":"129be9a1-1e06-49d9-9f34-92ae69191be9","HASMORE":0,"HIGHESTNEXTLINE":63,"FIXNEXTLINE":"{ \"adjustments\": [] }","LOGSIZE":4565},{"ID":43,"CREATIONDATE":"2023-04-14 05:36:12.742","MODIFICATIONDATE":"2023-04-14 05:36:46.333","VERSION":8,"BUILDID":43,"TASKID":"36908ba2-abff-4dfa-93d1-9e13b0f8c5dd","HASMORE":0,"HIGHESTNEXTLINE":72,"FIXNEXTLINE":"{ \"adjustments\": [] }","LOGSIZE":5541},{"ID":44,"CREATIONDATE":"2023-04-14 05:38:16.763","MODIFICATIONDATE":"2023-04-14 05:38:33.85","VERSION":4,"BUILDID":44,"TASKID":"c72f3587-188d-4f58-9530-2a82b7b5099f","HASMORE":0,"HIGHESTNEXTLINE":6,"FIXNEXTLINE":"{ \"adjustments\": [] }","LOGSIZE":433},{"ID":45,"CREATIONDATE":"2023-04-14 05:43:38.364","MODIFICATIONDATE":"2023-04-14 05:44:13.747","VERSION":9,"BUILDID":45,"TASKID":"03df8c96-80f2-4b64-b89c-b31738bea5f4","HASMORE":0,"HIGHESTNEXTLINE":44,"FIXNEXTLINE":"{ \"adjustments\": [] }","LOGSIZE":3509},{"ID":46,"CREATIONDATE":"2023-04-14 06:18:48.139","MODIFICATIONDATE":"2023-04-14 06:19:22.458","VERSION":9,"BUILDID":46,"TASKID":"92aa4c02-5390-4326-b6a0-d5a4e48e824d","HASMORE":0,"HIGHESTNEXTLINE":44,"FIXNEXTLINE":"{ \"adjustments\": [] }","LOGSIZE":3575},{"ID":47,"CREATIONDATE":"2023-04-14 06:23:41.698","MODIFICATIONDATE":"2023-04-14 06:24:03.848","VERSION":8,"BUILDID":47,"TASKID":"2d5c1068-6bb4-4061-b3d0-7904280f528b","HASMORE":0,"HIGHESTNEXTLINE":18,"FIXNEXTLINE":"{ \"adjustments\": [] }","LOGSIZE":1083},{"ID":70,"CREATIONDATE":"2023-04-14 06:26:49.6","MODIFICATIONDATE":"2023-04-14 06:27:12.02","VERSION":8,"BUILDID":70,"TASKID":"30125643-9e79-4d60-a075-d781616c9b7a","HASMORE":0,"HIGHESTNEXTLINE":18,"FIXNEXTLINE":"{ \"adjustments\": [] }","LOGSIZE":1083},{"ID":75,"CREATIONDATE":"2023-04-14 06:35:31.857","MODIFICATIONDATE":"2023-04-14 06:36:04.701","VERSION":8,"BUILDID":75,"TASKID":"2fec4011-f956-426e-b255-6357049eef7b","HASMORE":0,"HIGHESTNEXTLINE":63,"FIXNEXTLINE":"{ \"adjustments\": [] }","LOGSIZE":4088},{"ID":76,"CREATIONDATE":"2023-04-14 06:40:26.207","MODIFICATIONDATE":"2023-04-14 06:40:48.506","VERSION":8,"BUILDID":76,"TASKID":"85bb67ed-1095-4e40-904e-54bfdc7a783b","HASMORE":0,"HIGHESTNEXTLINE":18,"FIXNEXTLINE":"{ \"adjustments\": [] }","LOGSIZE":1083},{"ID":77,"CREATIONDATE":"2023-04-14 06:40:48.907","MODIFICATIONDATE":"2023-04-14 06:41:22.714","VERSION":9,"BUILDID":77,"TASKID":"5764f9db-fc88-4f74-881d-0ae165188747","HASMORE":0,"HIGHESTNEXTLINE":44,"FIXNEXTLINE":"{ \"adjustments\": [] }","LOGSIZE":3575},{"ID":50,"CREATIONDATE":"2023-04-14 06:48:41.86","MODIFICATIONDATE":"2023-04-14 06:49:06.185","VERSION":8,"BUILDID":50,"TASKID":"ad6c3ef5-1b86-4b9f-b51b-88e4ee1e0610","HASMORE":0,"HIGHESTNEXTLINE":58,"FIXNEXTLINE":"{ \"adjustments\": [] }","LOGSIZE":3820},{"ID":51,"CREATIONDATE":"2023-04-14 06:49:45.124","MODIFICATIONDATE":"2023-04-14 06:50:09.103","VERSION":8,"BUILDID":51,"TASKID":"b073a3e2-b277-490a-97af-0e70057cfa11","HASMORE":0,"HIGHESTNEXTLINE":27,"FIXNEXTLINE":"{ \"adjustments\": [] }","LOGSIZE":2005},{"ID":52,"CREATIONDATE":"2023-04-14 06:51:55.595","MODIFICATIONDATE":"2023-04-14 06:52:19.739","VERSION":8,"BUILDID":52,"TASKID":"b2b8ad6c-5200-462c-a63a-ba230ec8eba6","HASMORE":0,"HIGHESTNEXTLINE":28,"FIXNEXTLINE":"{ \"adjustments\": [] }","LOGSIZE":2017},{"ID":55,"CREATIONDATE":"2023-04-14 06:59:25.902","MODIFICATIONDATE":"2023-04-14 06:59:50.466","VERSION":8,"BUILDID":55,"TASKID":"36cf6743-f751-42b7-bb14-56bebb356d7f","HASMORE":0,"HIGHESTNEXTLINE":70,"FIXNEXTLINE":"{ \"adjustments\": [] }","LOGSIZE":3741},{"ID":108,"CREATIONDATE":"2023-04-14 12:34:14.404","MODIFICATIONDATE":"2023-04-14 12:37:18.414","VERSION":9,"BUILDID":108,"TASKID":"ee7ab849-6a1f-46f0-b414-df26bee5be79","HASMORE":0,"HIGHESTNEXTLINE":47,"FIXNEXTLINE":"{ \"adjustments\": [] }","LOGSIZE":3422},{"ID":112,"CREATIONDATE":"2023-04-14 13:09:05.797","MODIFICATIONDATE":"2023-04-14 13:09:31.984","VERSION":8,"BUILDID":112,"TASKID":"35f75e9f-01ca-42cb-9e5a-cb251662e63a","HASMORE":0,"HIGHESTNEXTLINE":100,"FIXNEXTLINE":"{ \"adjustments\": [] }","LOGSIZE":5762},{"ID":113,"CREATIONDATE":"2023-04-14 13:09:32.785","MODIFICATIONDATE":"2023-04-14 13:09:55.635","VERSION":8,"BUILDID":113,"TASKID":"de89f982-8ea0-4622-b995-5a7fa053447e","HASMORE":0,"HIGHESTNEXTLINE":18,"FIXNEXTLINE":"{ \"adjustments\": [] }","LOGSIZE":1150},{"ID":194,"CREATIONDATE":"2023-04-17 14:25:37.259","MODIFICATIONDATE":"2023-04-17 14:26:14.859","VERSION":9,"BUILDID":164,"TASKID":"05d6354c-1edf-4d1e-a536-2c4083b0831e","HASMORE":0,"HIGHESTNEXTLINE":41,"FIXNEXTLINE":"{ \"adjustments\": [] }","LOGSIZE":3199},{"ID":195,"CREATIONDATE":"2023-04-17 14:26:15.349","MODIFICATIONDATE":"2023-04-17 14:26:40.737","VERSION":8,"BUILDID":165,"TASKID":"daa05b6d-c78b-49c5-9358-7f795bc48a84","HASMORE":0,"HIGHESTNEXTLINE":78,"FIXNEXTLINE":"{ \"adjustments\": [] }","LOGSIZE":5814},{"ID":196,"CREATIONDATE":"2023-04-17 14:31:39.016","MODIFICATIONDATE":"2023-04-17 14:32:13.935","VERSION":9,"BUILDID":166,"TASKID":"50dc8eaf-cadf-4240-b16e-ea4088130f64","HASMORE":0,"HIGHESTNEXTLINE":41,"FIXNEXTLINE":"{ \"adjustments\": [] }","LOGSIZE":3196},{"ID":197,"CREATIONDATE":"2023-04-17 15:03:11.046","MODIFICATIONDATE":"2023-04-17 15:03:46.674","VERSION":9,"BUILDID":167,"TASKID":"43c59fa4-af5d-4725-bffe-8381022cd176","HASMORE":0,"HIGHESTNEXTLINE":41,"FIXNEXTLINE":"{ \"adjustments\": [] }","LOGSIZE":3118},{"ID":169,"CREATIONDATE":"2023-04-17 15:04:52.316","MODIFICATIONDATE":"2023-04-17 15:05:14.686","VERSION":8,"BUILDID":138,"TASKID":"efd6a167-4c6d-436e-b80b-61eca8a066fa","HASMORE":0,"HIGHESTNEXTLINE":18,"FIXNEXTLINE":"{ \"adjustments\": [] }","LOGSIZE":1100},{"ID":200,"CREATIONDATE":"2023-04-17 15:41:58.378","MODIFICATIONDATE":"2023-04-17 15:42:34.636","VERSION":8,"BUILDID":170,"TASKID":"1c8911d0-268c-4f57-8383-ec3661bf06dd","HASMORE":0,"HIGHESTNEXTLINE":41,"FIXNEXTLINE":"{ \"adjustments\": [] }","LOGSIZE":3199},{"ID":221,"CREATIONDATE":"2023-04-17 15:42:35.257","MODIFICATIONDATE":"2023-04-17 15:43:01.781","VERSION":8,"BUILDID":171,"TASKID":"628bd525-1098-471f-b948-bdfa0f140b2a","HASMORE":0,"HIGHESTNEXTLINE":66,"FIXNEXTLINE":"{ \"adjustments\": [] }","LOGSIZE":7581},{"ID":223,"CREATIONDATE":"2023-04-17 15:43:53.931","MODIFICATIONDATE":"2023-04-17 15:44:16.266","VERSION":8,"BUILDID":173,"TASKID":"17859e12-f155-409a-8be8-5574966e2614","HASMORE":0,"HIGHESTNEXTLINE":18,"FIXNEXTLINE":"{ \"adjustments\": [] }","LOGSIZE":1167},{"ID":225,"CREATIONDATE":"2023-04-17 16:58:23.816","MODIFICATIONDATE":"2023-04-17 16:58:46.39","VERSION":8,"BUILDID":175,"TASKID":"f4d1f67a-14a0-4397-9efa-1eabb4259a5c","HASMORE":0,"HIGHESTNEXTLINE":18,"FIXNEXTLINE":"{ \"adjustments\": [] }","LOGSIZE":1100},{"ID":226,"CREATIONDATE":"2023-04-17 16:58:46.953","MODIFICATIONDATE":"2023-04-17 16:59:24.428","VERSION":9,"BUILDID":176,"TASKID":"51ea4605-91ca-4a4f-bc62-48f48ce7aadc","HASMORE":0,"HIGHESTNEXTLINE":41,"FIXNEXTLINE":"{ \"adjustments\": [] }","LOGSIZE":3199},{"ID":242,"CREATIONDATE":"2023-04-17 20:34:24.49","MODIFICATIONDATE":"2023-04-17 20:34:58.639","VERSION":8,"BUILDID":206,"TASKID":"fd2774fc-108c-4cda-ba28-11c62c4aa0dc","HASMORE":0,"HIGHESTNEXTLINE":44,"FIXNEXTLINE":"{ \"adjustments\": [] }","LOGSIZE":3509},{"ID":243,"CREATIONDATE":"2023-04-17 20:42:05.583","MODIFICATIONDATE":"2023-04-17 20:42:45.065","VERSION":10,"BUILDID":207,"TASKID":"d4599196-04fa-4bcf-9874-3209b87c907e","HASMORE":0,"HIGHESTNEXTLINE":41,"FIXNEXTLINE":"{ \"adjustments\": [] }","LOGSIZE":3205},{"ID":245,"CREATIONDATE":"2023-04-17 20:43:10.828","MODIFICATIONDATE":"2023-04-17 20:43:36.245","VERSION":8,"BUILDID":209,"TASKID":"5400c2c7-8451-41f7-a730-f3d6c0d59c02","HASMORE":0,"HIGHESTNEXTLINE":80,"FIXNEXTLINE":"{ \"adjustments\": [] }","LOGSIZE":4545},{"ID":281,"CREATIONDATE":"2023-04-18 06:46:06.68","MODIFICATIONDATE":"2023-04-18 06:46:31.434","VERSION":8,"BUILDID":261,"TASKID":"65faf476-870c-459b-b896-dc9b480690f8","HASMORE":0,"HIGHESTNEXTLINE":22,"FIXNEXTLINE":"{ \"adjustments\": [] }","LOGSIZE":1496},{"ID":305,"CREATIONDATE":"2023-04-18 11:45:55.444","MODIFICATIONDATE":"2023-04-18 11:46:26.095","VERSION":8,"BUILDID":249,"TASKID":"975abfc1-cd7e-4742-b9ff-efcca3c3a99b","HASMORE":0,"HIGHESTNEXTLINE":68,"FIXNEXTLINE":"{ \"adjustments\": [] }","LOGSIZE":5466},{"ID":306,"CREATIONDATE":"2023-04-18 11:49:59.639","MODIFICATIONDATE":"2023-04-18 11:50:22.681","VERSION":8,"BUILDID":250,"TASKID":"248ec4a5-fb7b-4fa6-91c1-bae145829cd8","HASMORE":0,"HIGHESTNEXTLINE":18,"FIXNEXTLINE":"{ \"adjustments\": [] }","LOGSIZE":1116},{"ID":308,"CREATIONDATE":"2023-04-18 11:51:32.371","MODIFICATIONDATE":"2023-04-18 11:51:56.396","VERSION":8,"BUILDID":252,"TASKID":"7198c055-d7d0-4c9d-a3c5-8004a1e7a916","HASMORE":0,"HIGHESTNEXTLINE":22,"FIXNEXTLINE":"{ \"adjustments\": [] }","LOGSIZE":1479},{"ID":406,"CREATIONDATE":"2023-04-25 13:15:29.814","MODIFICATIONDATE":"2023-04-25 13:16:06.354","VERSION":9,"BUILDID":366,"TASKID":"214290d8-4785-42a3-971f-3b6942fa211d","HASMORE":0,"HIGHESTNEXTLINE":41,"FIXNEXTLINE":"{ \"adjustments\": [] }","LOGSIZE":3207},{"ID":405,"CREATIONDATE":"2023-04-25 13:11:19.125","MODIFICATIONDATE":"2023-04-25 13:11:54.886","VERSION":9,"BUILDID":365,"TASKID":"b0fc2343-73f0-4349-89cb-7d351484760e","HASMORE":0,"HIGHESTNEXTLINE":41,"FIXNEXTLINE":"{ \"adjustments\": [] }","LOGSIZE":3207},{"ID":407,"CREATIONDATE":"2023-04-25 13:17:00.982","MODIFICATIONDATE":"2023-04-25 13:17:25.676","VERSION":8,"BUILDID":367,"TASKID":"fbd852ac-c6eb-4b54-a37e-2bcf7bc2648f","HASMORE":0,"HIGHESTNEXTLINE":100,"FIXNEXTLINE":"{ \"adjustments\": [] }","LOGSIZE":5787},{"ID":21,"CREATIONDATE":"2023-04-13 09:58:47.603","MODIFICATIONDATE":"2023-04-13 10:17:22.226","VERSION":9,"BUILDID":21,"TASKID":"b585240d-575c-4195-bb5c-94ed151d8948","HASMORE":0,"HIGHESTNEXTLINE":35,"FIXNEXTLINE":"{ \"adjustments\": [] }","LOGSIZE":2208},{"ID":9,"CREATIONDATE":"2023-04-13 11:58:06.759","MODIFICATIONDATE":"2023-04-13 11:58:52.227","VERSION":9,"BUILDID":9,"TASKID":"7fefb672-39f1-4b98-82bc-f4a70c384732","HASMORE":0,"HIGHESTNEXTLINE":63,"FIXNEXTLINE":"{ \"adjustments\": [] }","LOGSIZE":4565},{"ID":61,"CREATIONDATE":"2023-04-14 05:33:57.847","MODIFICATIONDATE":"2023-04-14 05:34:31.59","VERSION":8,"BUILDID":61,"TASKID":"80457ef1-e9ec-4719-8dea-cd64343597da","HASMORE":0,"HIGHESTNEXTLINE":63,"FIXNEXTLINE":"{ \"adjustments\": [] }","LOGSIZE":4565},{"ID":62,"CREATIONDATE":"2023-04-14 05:38:39.766","MODIFICATIONDATE":"2023-04-14 05:39:13.363","VERSION":9,"BUILDID":62,"TASKID":"b4addbed-29f8-43d4-a1e5-9321dc61f12b","HASMORE":0,"HIGHESTNEXTLINE":63,"FIXNEXTLINE":"{ \"adjustments\": [] }","LOGSIZE":6734},{"ID":64,"CREATIONDATE":"2023-04-14 05:47:38.207","MODIFICATIONDATE":"2023-04-14 05:48:00.446","VERSION":8,"BUILDID":64,"TASKID":"17e26993-47c1-4949-9d91-ae03583b020d","HASMORE":0,"HIGHESTNEXTLINE":18,"FIXNEXTLINE":"{ \"adjustments\": [] }","LOGSIZE":1083},{"ID":65,"CREATIONDATE":"2023-04-14 05:48:00.936","MODIFICATIONDATE":"2023-04-14 05:48:34.69","VERSION":9,"BUILDID":65,"TASKID":"c60ef6e5-a4f5-4558-80c7-afbc1a8955bd","HASMORE":0,"HIGHESTNEXTLINE":44,"FIXNEXTLINE":"{ \"adjustments\": [] }","LOGSIZE":3575},{"ID":66,"CREATIONDATE":"2023-04-14 05:48:35.115","MODIFICATIONDATE":"2023-04-14 05:48:58.953","VERSION":8,"BUILDID":66,"TASKID":"37ad041f-6fd5-47b3-87f3-3f22ed4ad502","HASMORE":0,"HIGHESTNEXTLINE":63,"FIXNEXTLINE":"{ \"adjustments\": [] }","LOGSIZE":4039},{"ID":67,"CREATIONDATE":"2023-04-14 06:17:47.159","MODIFICATIONDATE":"2023-04-14 06:18:12.354","VERSION":8,"BUILDID":67,"TASKID":"fba5d8f0-74f3-4045-a50e-03634165324b","HASMORE":0,"HIGHESTNEXTLINE":61,"FIXNEXTLINE":"{ \"adjustments\": [] }","LOGSIZE":3940},{"ID":69,"CREATIONDATE":"2023-04-14 06:19:23.284","MODIFICATIONDATE":"2023-04-14 06:19:48.157","VERSION":9,"BUILDID":69,"TASKID":"7b624e4a-adff-432d-acaf-122747743224","HASMORE":0,"HIGHESTNEXTLINE":63,"FIXNEXTLINE":"{ \"adjustments\": [] }","LOGSIZE":4110},{"ID":71,"CREATIONDATE":"2023-04-14 06:27:12.482","MODIFICATIONDATE":"2023-04-14 06:27:46.545","VERSION":8,"BUILDID":71,"TASKID":"067c1d07-3303-4c89-9ff6-02f02c520000","HASMORE":0,"HIGHESTNEXTLINE":44,"FIXNEXTLINE":"{ \"adjustments\": [] }","LOGSIZE":3575},{"ID":72,"CREATIONDATE":"2023-04-14 06:27:47.201","MODIFICATIONDATE":"2023-04-14 06:28:11.365","VERSION":8,"BUILDID":72,"TASKID":"e1d17b90-e9f4-4578-9be7-a69fd2b662e8","HASMORE":0,"HIGHESTNEXTLINE":63,"FIXNEXTLINE":"{ \"adjustments\": [] }","LOGSIZE":4110},{"ID":73,"CREATIONDATE":"2023-04-14 06:32:43.612","MODIFICATIONDATE":"2023-04-14 06:34:45.421","VERSION":8,"BUILDID":73,"TASKID":"cdd36422-d18c-4b94-af7f-e9addc646826","HASMORE":0,"HIGHESTNEXTLINE":18,"FIXNEXTLINE":"{ \"adjustments\": [] }","LOGSIZE":1083},{"ID":74,"CREATIONDATE":"2023-04-14 06:34:45.929","MODIFICATIONDATE":"2023-04-14 06:35:31.35","VERSION":10,"BUILDID":74,"TASKID":"2657a9dc-d79e-4bb0-b51e-75c237c5faae","HASMORE":0,"HIGHESTNEXTLINE":44,"FIXNEXTLINE":"{ \"adjustments\": [] }","LOGSIZE":3575},{"ID":78,"CREATIONDATE":"2023-04-14 06:41:23.232","MODIFICATIONDATE":"2023-04-14 06:41:47.695","VERSION":8,"BUILDID":78,"TASKID":"2d60e8e0-019e-4962-8444-0c1e4f8755b9","HASMORE":0,"HIGHESTNEXTLINE":63,"FIXNEXTLINE":"{ \"adjustments\": [] }","LOGSIZE":4017},{"ID":53,"CREATIONDATE":"2023-04-14 06:54:39.769","MODIFICATIONDATE":"2023-04-14 06:55:02.124","VERSION":8,"BUILDID":53,"TASKID":"769653b4-4dae-4a7b-9223-cded96ccf1c5","HASMORE":0,"HIGHESTNEXTLINE":20,"FIXNEXTLINE":"{ \"adjustments\": [] }","LOGSIZE":1346},{"ID":54,"CREATIONDATE":"2023-04-14 06:56:01.881","MODIFICATIONDATE":"2023-04-14 06:56:24.119","VERSION":8,"BUILDID":54,"TASKID":"d1c8ef45-ddd3-4437-a2b1-2b9f2ff1219e","HASMORE":0,"HIGHESTNEXTLINE":20,"FIXNEXTLINE":"{ \"adjustments\": [] }","LOGSIZE":1327},{"ID":56,"CREATIONDATE":"2023-04-14 07:03:26.582","MODIFICATIONDATE":"2023-04-14 07:03:50.076","VERSION":8,"BUILDID":56,"TASKID":"22c1350b-8607-4cf4-a242-49a1fb22e4dc","HASMORE":0,"HIGHESTNEXTLINE":18,"FIXNEXTLINE":"{ \"adjustments\": [] }","LOGSIZE":1083},{"ID":57,"CREATIONDATE":"2023-04-14 07:03:50.956","MODIFICATIONDATE":"2023-04-14 07:04:25.193","VERSION":8,"BUILDID":57,"TASKID":"391d7b44-9813-49ff-96f7-b16081be12df","HASMORE":0,"HIGHESTNEXTLINE":44,"FIXNEXTLINE":"{ \"adjustments\": [] }","LOGSIZE":3575},{"ID":58,"CREATIONDATE":"2023-04-14 07:06:00.661","MODIFICATIONDATE":"2023-04-14 07:06:35.412","VERSION":9,"BUILDID":58,"TASKID":"364fe46e-b5a8-450d-a54f-0dcb09db0591","HASMORE":0,"HIGHESTNEXTLINE":105,"FIXNEXTLINE":"{ \"adjustments\": [] }","LOGSIZE":8770},{"ID":81,"CREATIONDATE":"2023-04-14 07:07:00.821","MODIFICATIONDATE":"2023-04-14 07:07:26.449","VERSION":8,"BUILDID":81,"TASKID":"649448ed-a341-45af-9e1e-f37ca54a537d","HASMORE":0,"HIGHESTNEXTLINE":118,"FIXNEXTLINE":"{ \"adjustments\": [] }","LOGSIZE":6780},{"ID":82,"CREATIONDATE":"2023-04-14 07:07:27.08","MODIFICATIONDATE":"2023-04-14 07:07:49.298","VERSION":8,"BUILDID":82,"TASKID":"f0e84a2d-1920-4d67-980c-47f3689e5937","HASMORE":0,"HIGHESTNEXTLINE":16,"FIXNEXTLINE":"{ \"adjustments\": [] }","LOGSIZE":1050},{"ID":84,"CREATIONDATE":"2023-04-14 07:09:11.333","MODIFICATIONDATE":"2023-04-14 07:09:45.253","VERSION":9,"BUILDID":84,"TASKID":"709e534d-57ee-42c9-b2cf-08949021a471","HASMORE":0,"HIGHESTNEXTLINE":44,"FIXNEXTLINE":"{ \"adjustments\": [] }","LOGSIZE":3575},{"ID":59,"CREATIONDATE":"2023-04-14 07:10:22.047","MODIFICATIONDATE":"2023-04-14 07:10:46.214","VERSION":8,"BUILDID":59,"TASKID":"c8f2db81-8bec-4bc5-8c34-d3a3378183d3","HASMORE":0,"HIGHESTNEXTLINE":22,"FIXNEXTLINE":"{ \"adjustments\": [] }","LOGSIZE":1468},{"ID":60,"CREATIONDATE":"2023-04-14 07:11:11.835","MODIFICATIONDATE":"2023-04-14 07:11:34.291","VERSION":8,"BUILDID":60,"TASKID":"a0d27097-cee1-4a07-8cf3-9ed20b835cc0","HASMORE":0,"HIGHESTNEXTLINE":18,"FIXNEXTLINE":"{ \"adjustments\": [] }","LOGSIZE":1150},{"ID":101,"CREATIONDATE":"2023-04-14 10:03:18.769","MODIFICATIONDATE":"2023-04-14 10:03:41.799","VERSION":8,"BUILDID":101,"TASKID":"c00faa9e-33ba-497d-af4f-87e2be83e1c0","HASMORE":0,"HIGHESTNEXTLINE":22,"FIXNEXTLINE":"{ \"adjustments\": [] }","LOGSIZE":1330},{"ID":102,"CREATIONDATE":"2023-04-14 10:04:33.628","MODIFICATIONDATE":"2023-04-14 10:04:57.7","VERSION":8,"BUILDID":102,"TASKID":"f802ae38-e208-4ae8-a8a2-fc9e78991179","HASMORE":0,"HIGHESTNEXTLINE":23,"FIXNEXTLINE":"{ \"adjustments\": [] }","LOGSIZE":1430},{"ID":103,"CREATIONDATE":"2023-04-14 10:10:10.37","MODIFICATIONDATE":"2023-04-14 10:10:33.693","VERSION":8,"BUILDID":103,"TASKID":"ebc21533-1666-4e19-8277-23fcb4f4a30e","HASMORE":0,"HIGHESTNEXTLINE":24,"FIXNEXTLINE":"{ \"adjustments\": [] }","LOGSIZE":1636},{"ID":90,"CREATIONDATE":"2023-04-14 10:14:07.276","MODIFICATIONDATE":"2023-04-14 10:14:31.491","VERSION":8,"BUILDID":90,"TASKID":"c3c3a4c1-8dd5-43af-937c-fb5519e11086","HASMORE":0,"HIGHESTNEXTLINE":40,"FIXNEXTLINE":"{ \"adjustments\": [] }","LOGSIZE":2361},{"ID":104,"CREATIONDATE":"2023-04-14 10:16:07.558","MODIFICATIONDATE":"2023-04-14 10:16:31.651","VERSION":8,"BUILDID":104,"TASKID":"90628002-01c9-4cf7-bea1-eb6a80ade02c","HASMORE":0,"HIGHESTNEXTLINE":41,"FIXNEXTLINE":"{ \"adjustments\": [] }","LOGSIZE":2444},{"ID":106,"CREATIONDATE":"2023-04-14 10:19:24.078","MODIFICATIONDATE":"2023-04-14 10:19:46.679","VERSION":8,"BUILDID":106,"TASKID":"b3e8d6a3-53d7-4991-aaf1-f46df817eaed","HASMORE":0,"HIGHESTNEXTLINE":22,"FIXNEXTLINE":"{ \"adjustments\": [] }","LOGSIZE":1330},{"ID":92,"CREATIONDATE":"2023-04-14 12:47:42.607","MODIFICATIONDATE":"2023-04-14 12:48:08.06","VERSION":9,"BUILDID":92,"TASKID":"0c9f77b0-5a84-40d8-ac43-9d42f8042c39","HASMORE":0,"HIGHESTNEXTLINE":22,"FIXNEXTLINE":"{ \"adjustments\": [] }","LOGSIZE":1468},{"ID":93,"CREATIONDATE":"2023-04-14 12:48:08.49","MODIFICATIONDATE":"2023-04-14 12:48:33.475","VERSION":8,"BUILDID":93,"TASKID":"f7a75b76-9657-41aa-8b75-ef0c5211a2e8","HASMORE":0,"HIGHESTNEXTLINE":100,"FIXNEXTLINE":"{ \"adjustments\": [] }","LOGSIZE":5762},{"ID":94,"CREATIONDATE":"2023-04-14 12:48:33.948","MODIFICATIONDATE":"2023-04-14 12:48:56.872","VERSION":8,"BUILDID":94,"TASKID":"ec747890-47bc-4578-9c3f-dc3d0e1fec3e","HASMORE":0,"HIGHESTNEXTLINE":18,"FIXNEXTLINE":"{ \"adjustments\": [] }","LOGSIZE":1150},{"ID":95,"CREATIONDATE":"2023-04-14 13:01:57.803","MODIFICATIONDATE":"2023-04-14 13:02:20.905","VERSION":8,"BUILDID":95,"TASKID":"aba493ad-2bad-436f-8271-1b4a956ed912","HASMORE":0,"HIGHESTNEXTLINE":18,"FIXNEXTLINE":"{ \"adjustments\": [] }","LOGSIZE":1083},{"ID":96,"CREATIONDATE":"2023-04-14 13:02:21.554","MODIFICATIONDATE":"2023-04-14 13:02:56.898","VERSION":9,"BUILDID":96,"TASKID":"fde6b588-e755-4b1c-b3f7-eeca8f1e2974","HASMORE":0,"HIGHESTNEXTLINE":53,"FIXNEXTLINE":"{ \"adjustments\": [] }","LOGSIZE":4088},{"ID":97,"CREATIONDATE":"2023-04-14 13:07:07.584","MODIFICATIONDATE":"2023-04-14 13:07:31.775","VERSION":8,"BUILDID":97,"TASKID":"e9588687-4682-48b6-ae9c-bc15d3eab7cd","HASMORE":0,"HIGHESTNEXTLINE":18,"FIXNEXTLINE":"{ \"adjustments\": [] }","LOGSIZE":1083},{"ID":98,"CREATIONDATE":"2023-04-14 13:07:33.043","MODIFICATIONDATE":"2023-04-14 13:08:09.261","VERSION":9,"BUILDID":98,"TASKID":"ee08dc54-b160-4801-a793-15554ba05d3d","HASMORE":0,"HIGHESTNEXTLINE":41,"FIXNEXTLINE":"{ \"adjustments\": [] }","LOGSIZE":3178},{"ID":99,"CREATIONDATE":"2023-04-14 13:08:09.809","MODIFICATIONDATE":"2023-04-14 13:08:39.836","VERSION":9,"BUILDID":99,"TASKID":"aced10a4-5ad1-4075-a314-10f294f1701f","HASMORE":0,"HIGHESTNEXTLINE":90,"FIXNEXTLINE":"{ \"adjustments\": [] }","LOGSIZE":7274},{"ID":100,"CREATIONDATE":"2023-04-14 13:08:40.386","MODIFICATIONDATE":"2023-04-14 13:09:04.664","VERSION":8,"BUILDID":100,"TASKID":"83fc418d-557a-4fe0-92d8-2dc3cb30d07e","HASMORE":0,"HIGHESTNEXTLINE":22,"FIXNEXTLINE":"{ \"adjustments\": [] }","LOGSIZE":1468},{"ID":123,"CREATIONDATE":"2023-04-17 06:38:08.218","MODIFICATIONDATE":"2023-04-17 06:38:30.652","VERSION":8,"BUILDID":123,"TASKID":"3377df0d-2b24-41c5-b0ad-8497829b31e4","HASMORE":0,"HIGHESTNEXTLINE":18,"FIXNEXTLINE":"{ \"adjustments\": [] }","LOGSIZE":1083},{"ID":124,"CREATIONDATE":"2023-04-17 06:38:31.307","MODIFICATIONDATE":"2023-04-17 06:39:07.19","VERSION":9,"BUILDID":124,"TASKID":"9dba5967-56d0-4263-a92c-3d54754502cb","HASMORE":0,"HIGHESTNEXTLINE":41,"FIXNEXTLINE":"{ \"adjustments\": [] }","LOGSIZE":3180},{"ID":147,"CREATIONDATE":"2023-04-17 06:40:05.353","MODIFICATIONDATE":"2023-04-17 06:40:31.772","VERSION":8,"BUILDID":147,"TASKID":"f1e27521-a7c8-4efd-83a7-a822221d6c9b","HASMORE":0,"HIGHESTNEXTLINE":100,"FIXNEXTLINE":"{ \"adjustments\": [] }","LOGSIZE":5762},{"ID":126,"CREATIONDATE":"2023-04-17 06:40:32.497","MODIFICATIONDATE":"2023-04-17 06:40:54.682","VERSION":8,"BUILDID":126,"TASKID":"e179e9b1-f73a-425b-8d76-6fc652d90a1a","HASMORE":0,"HIGHESTNEXTLINE":18,"FIXNEXTLINE":"{ \"adjustments\": [] }","LOGSIZE":1150},{"ID":149,"CREATIONDATE":"2023-04-17 07:35:49.784","MODIFICATIONDATE":"2023-04-17 07:36:16.713","VERSION":8,"BUILDID":149,"TASKID":"bc208ea5-8600-4b4c-ba45-04b4baf9b4db","HASMORE":0,"HIGHESTNEXTLINE":100,"FIXNEXTLINE":"{ \"adjustments\": [] }","LOGSIZE":5722},{"ID":184,"CREATIONDATE":"2023-04-17 13:57:01.833","MODIFICATIONDATE":"2023-04-17 13:57:27.806","VERSION":8,"BUILDID":154,"TASKID":"955874e4-09a9-408f-9500-bdf23eb590f0","HASMORE":0,"HIGHESTNEXTLINE":155,"FIXNEXTLINE":"{ \"adjustments\": [] }","LOGSIZE":12750},{"ID":186,"CREATIONDATE":"2023-04-17 14:08:54.271","MODIFICATIONDATE":"2023-04-17 14:09:18.651","VERSION":8,"BUILDID":156,"TASKID":"3116513c-6e87-4717-98bf-b552581d999d","HASMORE":0,"HIGHESTNEXTLINE":18,"FIXNEXTLINE":"{ \"adjustments\": [] }","LOGSIZE":1100},{"ID":187,"CREATIONDATE":"2023-04-17 14:09:19.265","MODIFICATIONDATE":"2023-04-17 14:09:55.49","VERSION":9,"BUILDID":157,"TASKID":"d9fbee44-ebbe-4146-b32f-cd629a77d827","HASMORE":0,"HIGHESTNEXTLINE":41,"FIXNEXTLINE":"{ \"adjustments\": [] }","LOGSIZE":3199},{"ID":188,"CREATIONDATE":"2023-04-17 14:09:56.242","MODIFICATIONDATE":"2023-04-17 14:10:21.942","VERSION":9,"BUILDID":158,"TASKID":"026ff5b2-d6b9-45c0-8d6d-ac9c08fd8263","HASMORE":0,"HIGHESTNEXTLINE":157,"FIXNEXTLINE":"{ \"adjustments\": [] }","LOGSIZE":12940},{"ID":189,"CREATIONDATE":"2023-04-17 14:21:43.545","MODIFICATIONDATE":"2023-04-17 14:22:05.637","VERSION":8,"BUILDID":159,"TASKID":"46a30f24-9060-45d0-9248-ec9299a4ddd3","HASMORE":0,"HIGHESTNEXTLINE":18,"FIXNEXTLINE":"{ \"adjustments\": [] }","LOGSIZE":1100},{"ID":190,"CREATIONDATE":"2023-04-17 14:22:06.195","MODIFICATIONDATE":"2023-04-17 14:22:41.186","VERSION":9,"BUILDID":160,"TASKID":"23f0fe90-ac2f-47ad-af36-5a48997508b6","HASMORE":0,"HIGHESTNEXTLINE":41,"FIXNEXTLINE":"{ \"adjustments\": [] }","LOGSIZE":3199},{"ID":191,"CREATIONDATE":"2023-04-17 14:22:41.794","MODIFICATIONDATE":"2023-04-17 14:23:07.024","VERSION":9,"BUILDID":161,"TASKID":"f2e30d89-7986-47fc-9adf-f7f41901bc82","HASMORE":0,"HIGHESTNEXTLINE":61,"FIXNEXTLINE":"{ \"adjustments\": [] }","LOGSIZE":4254},{"ID":192,"CREATIONDATE":"2023-04-17 14:24:44.756","MODIFICATIONDATE":"2023-04-17 14:25:10.409","VERSION":8,"BUILDID":162,"TASKID":"5972b992-8897-44e2-ae4b-9f67a5648579","HASMORE":0,"HIGHESTNEXTLINE":76,"FIXNEXTLINE":"{ \"adjustments\": [] }","LOGSIZE":5622},{"ID":193,"CREATIONDATE":"2023-04-17 14:25:02.389","MODIFICATIONDATE":"2023-04-17 14:25:36.748","VERSION":8,"BUILDID":163,"TASKID":"318b2a49-bb66-4d21-b901-8f0565b03e13","HASMORE":0,"HIGHESTNEXTLINE":18,"FIXNEXTLINE":"{ \"adjustments\": [] }","LOGSIZE":1100},{"ID":168,"CREATIONDATE":"2023-04-17 14:32:14.66","MODIFICATIONDATE":"2023-04-17 14:32:40.175","VERSION":8,"BUILDID":137,"TASKID":"4450e765-8319-470b-ac83-3ea3dc1361c0","HASMORE":0,"HIGHESTNEXTLINE":60,"FIXNEXTLINE":"{ \"adjustments\": [] }","LOGSIZE":4283},{"ID":170,"CREATIONDATE":"2023-04-17 15:05:15.431","MODIFICATIONDATE":"2023-04-17 15:05:50.129","VERSION":9,"BUILDID":139,"TASKID":"70595c5a-e69d-45c7-8150-2f46cb7b5a4d","HASMORE":0,"HIGHESTNEXTLINE":41,"FIXNEXTLINE":"{ \"adjustments\": [] }","LOGSIZE":3199},{"ID":171,"CREATIONDATE":"2023-04-17 15:05:50.673","MODIFICATIONDATE":"2023-04-17 15:06:16.835","VERSION":8,"BUILDID":140,"TASKID":"9d041ed9-680a-4a00-a1fd-5d6c92d9f58e","HASMORE":0,"HIGHESTNEXTLINE":63,"FIXNEXTLINE":"{ \"adjustments\": [] }","LOGSIZE":7481},{"ID":173,"CREATIONDATE":"2023-04-17 15:10:31.068","MODIFICATIONDATE":"2023-04-17 15:11:07.054","VERSION":9,"BUILDID":182,"TASKID":"12e70a9c-1c67-4448-8fdb-0195ccb34919","HASMORE":0,"HIGHESTNEXTLINE":41,"FIXNEXTLINE":"{ \"adjustments\": [] }","LOGSIZE":3199},{"ID":175,"CREATIONDATE":"2023-04-17 15:16:08.055","MODIFICATIONDATE":"2023-04-17 15:16:30.064","VERSION":8,"BUILDID":184,"TASKID":"44fa7667-ac13-42cc-81b6-edbd990bb4cb","HASMORE":0,"HIGHESTNEXTLINE":18,"FIXNEXTLINE":"{ \"adjustments\": [] }","LOGSIZE":1100},{"ID":177,"CREATIONDATE":"2023-04-17 15:17:06.407","MODIFICATIONDATE":"2023-04-17 15:17:34.532","VERSION":8,"BUILDID":186,"TASKID":"fd4e1084-126b-4fdb-a73d-40e4bbf07cac","HASMORE":0,"HIGHESTNEXTLINE":66,"FIXNEXTLINE":"{ \"adjustments\": [] }","LOGSIZE":7581},{"ID":179,"CREATIONDATE":"2023-04-17 15:17:59.616","MODIFICATIONDATE":"2023-04-17 15:18:28.673","VERSION":8,"BUILDID":188,"TASKID":"8ce2146c-d983-402e-93c1-d0f1790bd491","HASMORE":0,"HIGHESTNEXTLINE":100,"FIXNEXTLINE":"{ \"adjustments\": [] }","LOGSIZE":5739},{"ID":198,"CREATIONDATE":"2023-04-17 15:30:58.084","MODIFICATIONDATE":"2023-04-17 15:31:33.108","VERSION":8,"BUILDID":168,"TASKID":"f922d035-eb07-4127-a974-ca01b36779f1","HASMORE":0,"HIGHESTNEXTLINE":41,"FIXNEXTLINE":"{ \"adjustments\": [] }","LOGSIZE":3199},{"ID":206,"CREATIONDATE":"2023-04-17 15:43:28.618","MODIFICATIONDATE":"2023-04-17 15:43:53.341","VERSION":8,"BUILDID":195,"TASKID":"b9bb48cf-4e19-4b0a-ac27-ec74f1173ccf","HASMORE":0,"HIGHESTNEXTLINE":100,"FIXNEXTLINE":"{ \"adjustments\": [] }","LOGSIZE":5739},{"ID":212,"CREATIONDATE":"2023-04-17 20:23:16.058","MODIFICATIONDATE":"2023-04-17 20:26:11.6","VERSION":8,"BUILDID":221,"TASKID":"2ad3faf5-a2a8-48b7-93e1-5c05ae6f3d56","HASMORE":0,"HIGHESTNEXTLINE":18,"FIXNEXTLINE":"{ \"adjustments\": [] }","LOGSIZE":1116},{"ID":213,"CREATIONDATE":"2023-04-17 20:26:12.119","MODIFICATIONDATE":"2023-04-17 20:26:55.568","VERSION":9,"BUILDID":222,"TASKID":"1a26e021-0d2d-4de0-9926-c99ac8ee597b","HASMORE":0,"HIGHESTNEXTLINE":44,"FIXNEXTLINE":"{ \"adjustments\": [] }","LOGSIZE":3509},{"ID":246,"CREATIONDATE":"2023-04-17 20:43:36.9","MODIFICATIONDATE":"2023-04-17 20:44:01.465","VERSION":8,"BUILDID":210,"TASKID":"3a755f0f-a281-4839-9284-ca0863ac3598","HASMORE":0,"HIGHESTNEXTLINE":18,"FIXNEXTLINE":"{ \"adjustments\": [] }","LOGSIZE":1195},{"ID":282,"CREATIONDATE":"2023-04-18 10:58:39.807","MODIFICATIONDATE":"2023-04-18 10:59:33.478","VERSION":10,"BUILDID":262,"TASKID":"a111a82f-d166-4c64-ba80-68a811cf3098","HASMORE":0,"HIGHESTNEXTLINE":41,"FIXNEXTLINE":"{ \"adjustments\": [] }","LOGSIZE":3205},{"ID":283,"CREATIONDATE":"2023-04-18 11:04:09.717","MODIFICATIONDATE":"2023-04-18 11:04:33.128","VERSION":8,"BUILDID":263,"TASKID":"c71886ec-1b44-4e4d-8984-eda8fbc32007","HASMORE":0,"HIGHESTNEXTLINE":18,"FIXNEXTLINE":"{ \"adjustments\": [] }","LOGSIZE":1116},{"ID":24,"CREATIONDATE":"2023-04-13 10:52:59.902","MODIFICATIONDATE":"2023-04-13 10:53:32.613","VERSION":9,"BUILDID":24,"TASKID":"3dfd1b91-0677-4357-90e8-1f69b87f00f7","HASMORE":0,"HIGHESTNEXTLINE":38,"FIXNEXTLINE":"{ \"adjustments\": [] }","LOGSIZE":2444},{"ID":80,"CREATIONDATE":"2023-04-14 07:06:36.093","MODIFICATIONDATE":"2023-04-14 07:07:00.098","VERSION":8,"BUILDID":80,"TASKID":"34040643-2d4f-4f9a-91be-b27d43a27ba0","HASMORE":0,"HIGHESTNEXTLINE":20,"FIXNEXTLINE":"{ \"adjustments\": [] }","LOGSIZE":1368},{"ID":87,"CREATIONDATE":"2023-04-14 09:59:05.741","MODIFICATIONDATE":"2023-04-14 10:02:09.685","VERSION":8,"BUILDID":87,"TASKID":"51960719-a95d-45a6-bf0d-e798f6d58ac8","HASMORE":0,"HIGHESTNEXTLINE":22,"FIXNEXTLINE":"{ \"adjustments\": [] }","LOGSIZE":1321},{"ID":88,"CREATIONDATE":"2023-04-14 10:07:17.105","MODIFICATIONDATE":"2023-04-14 10:07:41.656","VERSION":9,"BUILDID":88,"TASKID":"eb10a2fb-a944-473c-8b38-33a680f32c88","HASMORE":0,"HIGHESTNEXTLINE":25,"FIXNEXTLINE":"{ \"adjustments\": [] }","LOGSIZE":1677},{"ID":105,"CREATIONDATE":"2023-04-14 10:18:15.88","MODIFICATIONDATE":"2023-04-14 10:18:39.061","VERSION":8,"BUILDID":105,"TASKID":"000dbc9e-b956-4c9c-af82-373b1360d473","HASMORE":0,"HIGHESTNEXTLINE":19,"FIXNEXTLINE":"{ \"adjustments\": [] }","LOGSIZE":1147},{"ID":107,"CREATIONDATE":"2023-04-14 10:21:31.562","MODIFICATIONDATE":"2023-04-14 10:21:55.174","VERSION":8,"BUILDID":107,"TASKID":"1876e50c-fd7c-4af4-ac5f-a45517d639b6","HASMORE":0,"HIGHESTNEXTLINE":19,"FIXNEXTLINE":"{ \"adjustments\": [] }","LOGSIZE":1147},{"ID":127,"CREATIONDATE":"2023-04-17 07:34:00.424","MODIFICATIONDATE":"2023-04-17 07:34:50.138","VERSION":9,"BUILDID":127,"TASKID":"9e376232-7d4e-4232-b78d-ce630961240f","HASMORE":0,"HIGHESTNEXTLINE":41,"FIXNEXTLINE":"{ \"adjustments\": [] }","LOGSIZE":3180},{"ID":128,"CREATIONDATE":"2023-04-17 07:34:51.02","MODIFICATIONDATE":"2023-04-17 07:35:22.221","VERSION":8,"BUILDID":128,"TASKID":"6c6322a0-70a5-4e29-b8ba-8dd6ec80cdb8","HASMORE":0,"HIGHESTNEXTLINE":90,"FIXNEXTLINE":"{ \"adjustments\": [] }","LOGSIZE":7201},{"ID":129,"CREATIONDATE":"2023-04-17 07:35:22.948","MODIFICATIONDATE":"2023-04-17 07:35:48.776","VERSION":8,"BUILDID":129,"TASKID":"dbacb8c4-dc1f-461a-9619-e299c9eb2b7a","HASMORE":0,"HIGHESTNEXTLINE":22,"FIXNEXTLINE":"{ \"adjustments\": [] }","LOGSIZE":1468},{"ID":181,"CREATIONDATE":"2023-04-17 13:43:34.863","MODIFICATIONDATE":"2023-04-17 13:44:21.612","VERSION":10,"BUILDID":151,"TASKID":"58a53f27-9a85-4bfb-9e6f-92524d4c46ea","HASMORE":0,"HIGHESTNEXTLINE":41,"FIXNEXTLINE":"{ \"adjustments\": [] }","LOGSIZE":3199},{"ID":162,"CREATIONDATE":"2023-04-17 14:02:26.399","MODIFICATIONDATE":"2023-04-17 14:03:04.073","VERSION":9,"BUILDID":131,"TASKID":"ced09247-2da4-4d86-9471-3f1a356ebb49","HASMORE":0,"HIGHESTNEXTLINE":41,"FIXNEXTLINE":"{ \"adjustments\": [] }","LOGSIZE":3196},{"ID":163,"CREATIONDATE":"2023-04-17 14:03:04.802","MODIFICATIONDATE":"2023-04-17 14:03:33.266","VERSION":8,"BUILDID":132,"TASKID":"8d6861e1-0376-4c00-9568-0b9dc476ca38","HASMORE":0,"HIGHESTNEXTLINE":157,"FIXNEXTLINE":"{ \"adjustments\": [] }","LOGSIZE":12937},{"ID":164,"CREATIONDATE":"2023-04-17 14:04:45.961","MODIFICATIONDATE":"2023-04-17 14:05:08.795","VERSION":8,"BUILDID":133,"TASKID":"0f15eef3-32b1-430a-bc0b-65f0f2cada47","HASMORE":0,"HIGHESTNEXTLINE":18,"FIXNEXTLINE":"{ \"adjustments\": [] }","LOGSIZE":1100},{"ID":167,"CREATIONDATE":"2023-04-17 14:31:16.281","MODIFICATIONDATE":"2023-04-17 14:31:38.472","VERSION":8,"BUILDID":136,"TASKID":"b3e8f183-c48d-4c57-89e6-fd26375f6676","HASMORE":0,"HIGHESTNEXTLINE":18,"FIXNEXTLINE":"{ \"adjustments\": [] }","LOGSIZE":1097},{"ID":174,"CREATIONDATE":"2023-04-17 15:11:07.743","MODIFICATIONDATE":"2023-04-17 15:11:33.941","VERSION":8,"BUILDID":183,"TASKID":"598b300a-d6df-4e5d-b9ea-57bd7a9bf39a","HASMORE":0,"HIGHESTNEXTLINE":65,"FIXNEXTLINE":"{ \"adjustments\": [] }","LOGSIZE":7556},{"ID":201,"CREATIONDATE":"2023-04-17 15:30:34.854","MODIFICATIONDATE":"2023-04-17 15:30:57.301","VERSION":8,"BUILDID":190,"TASKID":"b0821499-0218-4cd2-8143-fb93e66e644d","HASMORE":0,"HIGHESTNEXTLINE":18,"FIXNEXTLINE":"{ \"adjustments\": [] }","LOGSIZE":1100},{"ID":205,"CREATIONDATE":"2023-04-17 15:32:53.705","MODIFICATIONDATE":"2023-04-17 15:33:15.975","VERSION":8,"BUILDID":194,"TASKID":"b2e7fa0c-b8f4-4874-ae2a-030eca1ac909","HASMORE":0,"HIGHESTNEXTLINE":18,"FIXNEXTLINE":"{ \"adjustments\": [] }","LOGSIZE":1167},{"ID":222,"CREATIONDATE":"2023-04-17 15:43:02.656","MODIFICATIONDATE":"2023-04-17 15:43:27.759","VERSION":8,"BUILDID":172,"TASKID":"c3a67d20-8033-48f9-b16f-d4988af2e6af","HASMORE":0,"HIGHESTNEXTLINE":22,"FIXNEXTLINE":"{ \"adjustments\": [] }","LOGSIZE":1488},{"ID":229,"CREATIONDATE":"2023-04-17 17:31:42.652","MODIFICATIONDATE":"2023-04-17 17:36:20.259","VERSION":8,"BUILDID":179,"TASKID":"1adb93cc-49e2-4aa6-bd1b-210067efc989","HASMORE":0,"HIGHESTNEXTLINE":23,"FIXNEXTLINE":"{ \"adjustments\": [] }","LOGSIZE":1617},{"ID":230,"CREATIONDATE":"2023-04-17 17:32:14.077","MODIFICATIONDATE":"2023-04-17 17:36:44.06","VERSION":8,"BUILDID":180,"TASKID":"bf79b16a-8cdf-406d-8cdf-cbdc094dc8e5","HASMORE":0,"HIGHESTNEXTLINE":18,"FIXNEXTLINE":"{ \"adjustments\": [] }","LOGSIZE":1100},{"ID":231,"CREATIONDATE":"2023-04-17 17:36:44.571","MODIFICATIONDATE":"2023-04-17 17:37:31.805","VERSION":10,"BUILDID":201,"TASKID":"38a39553-8f97-40cf-9a5e-d4d273da5db5","HASMORE":0,"HIGHESTNEXTLINE":41,"FIXNEXTLINE":"{ \"adjustments\": [] }","LOGSIZE":3199},{"ID":232,"CREATIONDATE":"2023-04-17 17:37:32.265","MODIFICATIONDATE":"2023-04-17 17:38:01.791","VERSION":8,"BUILDID":202,"TASKID":"37f9ee04-55e6-4a51-916e-b9f7a50daea5","HASMORE":0,"HIGHESTNEXTLINE":66,"FIXNEXTLINE":"{ \"adjustments\": [] }","LOGSIZE":7581},{"ID":211,"CREATIONDATE":"2023-04-17 17:38:04.149","MODIFICATIONDATE":"2023-04-17 17:38:29.031","VERSION":8,"BUILDID":200,"TASKID":"8aead28c-3050-42da-b187-f3793a718f08","HASMORE":0,"HIGHESTNEXTLINE":22,"FIXNEXTLINE":"{ \"adjustments\": [] }","LOGSIZE":1473},{"ID":234,"CREATIONDATE":"2023-04-17 17:38:55.874","MODIFICATIONDATE":"2023-04-17 17:39:18.729","VERSION":8,"BUILDID":204,"TASKID":"d60b0db1-1b6c-4659-88fd-2da03e6006e5","HASMORE":0,"HIGHESTNEXTLINE":18,"FIXNEXTLINE":"{ \"adjustments\": [] }","LOGSIZE":1179},{"ID":301,"CREATIONDATE":"2023-04-18 10:55:49.545","MODIFICATIONDATE":"2023-04-18 10:58:38.595","VERSION":8,"BUILDID":245,"TASKID":"2a406442-705f-4a57-90d0-015d2e1f8191","HASMORE":0,"HIGHESTNEXTLINE":18,"FIXNEXTLINE":"{ \"adjustments\": [] }","LOGSIZE":1116},{"ID":302,"CREATIONDATE":"2023-04-18 10:59:34.514","MODIFICATIONDATE":"2023-04-18 10:59:59.146","VERSION":8,"BUILDID":246,"TASKID":"7bcea1af-fc7f-45af-a552-438115d2a898","HASMORE":0,"HIGHESTNEXTLINE":20,"FIXNEXTLINE":"{ \"adjustments\": [] }","LOGSIZE":1359},{"ID":284,"CREATIONDATE":"2023-04-18 11:04:34.132","MODIFICATIONDATE":"2023-04-18 11:05:11.664","VERSION":9,"BUILDID":264,"TASKID":"db27a818-a37e-4bf7-9709-479c9327aa4a","HASMORE":0,"HIGHESTNEXTLINE":41,"FIXNEXTLINE":"{ \"adjustments\": [] }","LOGSIZE":3205},{"ID":285,"CREATIONDATE":"2023-04-18 11:05:12.409","MODIFICATIONDATE":"2023-04-18 11:05:39.209","VERSION":8,"BUILDID":265,"TASKID":"88bd6c04-f3f0-488a-ba77-74681a6d53aa","HASMORE":0,"HIGHESTNEXTLINE":57,"FIXNEXTLINE":"{ \"adjustments\": [] }","LOGSIZE":3949},{"ID":287,"CREATIONDATE":"2023-04-18 11:09:07.334","MODIFICATIONDATE":"2023-04-18 11:09:46.623","VERSION":9,"BUILDID":267,"TASKID":"ce689288-3b6b-40c5-a331-fd86ac6528cf","HASMORE":0,"HIGHESTNEXTLINE":41,"FIXNEXTLINE":"{ \"adjustments\": [] }","LOGSIZE":3205},{"ID":303,"CREATIONDATE":"2023-04-18 11:21:49.716","MODIFICATIONDATE":"2023-04-18 11:22:27.751","VERSION":9,"BUILDID":247,"TASKID":"0a70ba94-2165-4fc2-97f7-a193a1b4b97d","HASMORE":0,"HIGHESTNEXTLINE":41,"FIXNEXTLINE":"{ \"adjustments\": [] }","LOGSIZE":3205},{"ID":304,"CREATIONDATE":"2023-04-18 11:22:28.334","MODIFICATIONDATE":"2023-04-18 11:22:54.359","VERSION":8,"BUILDID":248,"TASKID":"c78bc081-cc78-47fe-b74b-bb6cb8640c82","HASMORE":0,"HIGHESTNEXTLINE":63,"FIXNEXTLINE":"{ \"adjustments\": [] }","LOGSIZE":4801},{"ID":307,"CREATIONDATE":"2023-04-18 11:51:02.398","MODIFICATIONDATE":"2023-04-18 11:51:31.732","VERSION":9,"BUILDID":251,"TASKID":"9a8128c8-3b79-409a-a050-84732fadbebf","HASMORE":0,"HIGHESTNEXTLINE":67,"FIXNEXTLINE":"{ \"adjustments\": [] }","LOGSIZE":5395},{"ID":309,"CREATIONDATE":"2023-04-18 11:52:24.18","MODIFICATIONDATE":"2023-04-18 11:52:46.749","VERSION":8,"BUILDID":253,"TASKID":"54fca130-ec9f-4b81-b5b5-1c4dfeaba059","HASMORE":0,"HIGHESTNEXTLINE":18,"FIXNEXTLINE":"{ \"adjustments\": [] }","LOGSIZE":1193},{"ID":341,"CREATIONDATE":"2023-04-19 12:12:47.739","MODIFICATIONDATE":"2023-04-19 12:13:39.45","VERSION":9,"BUILDID":301,"TASKID":"34f65712-9a57-493f-9052-03df5f55251b","HASMORE":0,"HIGHESTNEXTLINE":41,"FIXNEXTLINE":"{ \"adjustments\": [] }","LOGSIZE":3192},{"ID":342,"CREATIONDATE":"2023-04-19 12:13:39.994","MODIFICATIONDATE":"2023-04-19 12:14:05.985","VERSION":8,"BUILDID":302,"TASKID":"47f3e74b-b6b1-4190-9dac-b18552dea9a8","HASMORE":0,"HIGHESTNEXTLINE":30,"FIXNEXTLINE":"{ \"adjustments\": [] }","LOGSIZE":2274},{"ID":343,"CREATIONDATE":"2023-04-19 12:19:14.002","MODIFICATIONDATE":"2023-04-19 12:19:50.908","VERSION":9,"BUILDID":303,"TASKID":"35753501-a63d-47ea-b142-1f433ba72753","HASMORE":0,"HIGHESTNEXTLINE":41,"FIXNEXTLINE":"{ \"adjustments\": [] }","LOGSIZE":3192},{"ID":344,"CREATIONDATE":"2023-04-19 12:21:09.982","MODIFICATIONDATE":"2023-04-19 12:21:33.488","VERSION":8,"BUILDID":304,"TASKID":"0055c4e1-3c47-4b09-adf6-041dae8ebd2b","HASMORE":0,"HIGHESTNEXTLINE":18,"FIXNEXTLINE":"{ \"adjustments\": [] }","LOGSIZE":1181},{"ID":326,"CREATIONDATE":"2023-04-19 12:27:35.911","MODIFICATIONDATE":"2023-04-19 12:28:12.439","VERSION":9,"BUILDID":286,"TASKID":"69cc84a7-3c62-4029-b432-d3d97d262909","HASMORE":0,"HIGHESTNEXTLINE":41,"FIXNEXTLINE":"{ \"adjustments\": [] }","LOGSIZE":3192},{"ID":327,"CREATIONDATE":"2023-04-19 12:28:12.927","MODIFICATIONDATE":"2023-04-19 12:28:39.891","VERSION":8,"BUILDID":287,"TASKID":"ea8c13d1-a80b-4b23-9afe-3192552dfb80","HASMORE":0,"HIGHESTNEXTLINE":63,"FIXNEXTLINE":"{ \"adjustments\": [] }","LOGSIZE":5056},{"ID":328,"CREATIONDATE":"2023-04-19 12:28:40.435","MODIFICATIONDATE":"2023-04-19 12:29:04.251","VERSION":8,"BUILDID":288,"TASKID":"8579c3a3-3ab9-4b02-83b9-4bcc90c8bd97","HASMORE":0,"HIGHESTNEXTLINE":22,"FIXNEXTLINE":"{ \"adjustments\": [] }","LOGSIZE":1482},{"ID":348,"CREATIONDATE":"2023-04-19 12:54:24.711","MODIFICATIONDATE":"2023-04-19 12:54:47.996","VERSION":8,"BUILDID":308,"TASKID":"da3aa7f2-c5e7-4bf0-ae35-b9fecf16b469","HASMORE":0,"HIGHESTNEXTLINE":18,"FIXNEXTLINE":"{ \"adjustments\": [] }","LOGSIZE":1106},{"ID":349,"CREATIONDATE":"2023-04-19 12:54:49.353","MODIFICATIONDATE":"2023-04-19 12:55:25.999","VERSION":9,"BUILDID":309,"TASKID":"37f6dfde-0f36-4ace-9c99-73687ec94aa8","HASMORE":0,"HIGHESTNEXTLINE":41,"FIXNEXTLINE":"{ \"adjustments\": [] }","LOGSIZE":3195},{"ID":351,"CREATIONDATE":"2023-04-19 12:56:21.275","MODIFICATIONDATE":"2023-04-19 12:56:46.428","VERSION":8,"BUILDID":311,"TASKID":"eae18168-2409-4cec-be9e-0f6265323280","HASMORE":0,"HIGHESTNEXTLINE":68,"FIXNEXTLINE":"{ \"adjustments\": [] }","LOGSIZE":3953},{"ID":352,"CREATIONDATE":"2023-04-19 12:56:47.032","MODIFICATIONDATE":"2023-04-19 12:57:09.391","VERSION":8,"BUILDID":312,"TASKID":"ba623881-9b50-41b1-81b7-1c19dc1cf2fb","HASMORE":0,"HIGHESTNEXTLINE":18,"FIXNEXTLINE":"{ \"adjustments\": [] }","LOGSIZE":1183},{"ID":421,"CREATIONDATE":"2023-04-25 12:39:30.784","MODIFICATIONDATE":"2023-04-25 12:39:53.733","VERSION":8,"BUILDID":381,"TASKID":"1ba9555f-cf22-415b-a738-cb81308dafbb","HASMORE":0,"HIGHESTNEXTLINE":18,"FIXNEXTLINE":"{ \"adjustments\": [] }","LOGSIZE":1110},{"ID":422,"CREATIONDATE":"2023-04-25 12:39:54.457","MODIFICATIONDATE":"2023-04-25 12:40:32.031","VERSION":9,"BUILDID":382,"TASKID":"e6470316-e676-4b9d-9257-c18428333bf0","HASMORE":0,"HIGHESTNEXTLINE":41,"FIXNEXTLINE":"{ \"adjustments\": [] }","LOGSIZE":3207},{"ID":423,"CREATIONDATE":"2023-04-25 12:40:32.561","MODIFICATIONDATE":"2023-04-25 12:40:57.763","VERSION":9,"BUILDID":383,"TASKID":"ad8b1b67-7b29-44ba-87e6-c83f21652b6c","HASMORE":0,"HIGHESTNEXTLINE":30,"FIXNEXTLINE":"{ \"adjustments\": [] }","LOGSIZE":2291},{"ID":424,"CREATIONDATE":"2023-04-25 13:11:55.517","MODIFICATIONDATE":"2023-04-25 13:12:27.481","VERSION":9,"BUILDID":384,"TASKID":"8e2a8a66-8513-4a67-a66c-d4f666031b69","HASMORE":0,"HIGHESTNEXTLINE":90,"FIXNEXTLINE":"{ \"adjustments\": [] }","LOGSIZE":7263},{"ID":425,"CREATIONDATE":"2023-04-25 13:12:28.02","MODIFICATIONDATE":"2023-04-25 13:12:50.134","VERSION":8,"BUILDID":385,"TASKID":"bdd31cac-807f-4450-a881-20c13801dedd","HASMORE":0,"HIGHESTNEXTLINE":20,"FIXNEXTLINE":"{ \"adjustments\": [] }","LOGSIZE":1352},{"ID":426,"CREATIONDATE":"2023-04-25 13:15:07.084","MODIFICATIONDATE":"2023-04-25 13:15:29.202","VERSION":8,"BUILDID":386,"TASKID":"21135c0d-0bed-42fc-b584-8510d14832d5","HASMORE":0,"HIGHESTNEXTLINE":18,"FIXNEXTLINE":"{ \"adjustments\": [] }","LOGSIZE":1110},{"ID":427,"CREATIONDATE":"2023-04-25 13:16:06.814","MODIFICATIONDATE":"2023-04-25 13:16:36.178","VERSION":8,"BUILDID":387,"TASKID":"8a8daeba-62ed-4232-87ac-982bb9fa7f14","HASMORE":0,"HIGHESTNEXTLINE":90,"FIXNEXTLINE":"{ \"adjustments\": [] }","LOGSIZE":7264},{"ID":428,"CREATIONDATE":"2023-04-25 13:16:36.655","MODIFICATIONDATE":"2023-04-25 13:17:00.281","VERSION":8,"BUILDID":388,"TASKID":"d6b300e8-99b3-4477-b7be-d39f6bf69eab","HASMORE":0,"HIGHESTNEXTLINE":22,"FIXNEXTLINE":"{ \"adjustments\": [] }","LOGSIZE":1507},{"ID":429,"CREATIONDATE":"2023-04-25 13:17:26.157","MODIFICATIONDATE":"2023-04-25 13:17:48.079","VERSION":8,"BUILDID":389,"TASKID":"6d79eafb-dfd9-474a-9573-ab4d8176515b","HASMORE":0,"HIGHESTNEXTLINE":18,"FIXNEXTLINE":"{ \"adjustments\": [] }","LOGSIZE":1190},{"ID":441,"CREATIONDATE":"2023-04-26 04:47:49.816","MODIFICATIONDATE":"2023-04-26 04:48:04.375","VERSION":4,"BUILDID":401,"TASKID":"0eae0938-345e-4ea7-8338-1056a5d84463","HASMORE":0,"HIGHESTNEXTLINE":6,"FIXNEXTLINE":"{ \"adjustments\": [] }","LOGSIZE":485},{"ID":442,"CREATIONDATE":"2023-04-26 04:49:22.136","MODIFICATIONDATE":"2023-04-26 04:49:47.525","VERSION":8,"BUILDID":402,"TASKID":"2a041b9c-f812-4564-8f96-f91966727a85","HASMORE":0,"HIGHESTNEXTLINE":18,"FIXNEXTLINE":"{ \"adjustments\": [] }","LOGSIZE":1110},{"ID":443,"CREATIONDATE":"2023-04-26 04:49:48.306","MODIFICATIONDATE":"2023-04-26 04:50:36.747","VERSION":10,"BUILDID":403,"TASKID":"dcef4446-d96c-456b-932a-8fcbc153c4de","HASMORE":0,"HIGHESTNEXTLINE":41,"FIXNEXTLINE":"{ \"adjustments\": [] }","LOGSIZE":3207},{"ID":447,"CREATIONDATE":"2023-04-26 04:51:59.029","MODIFICATIONDATE":"2023-04-26 04:52:21.209","VERSION":8,"BUILDID":407,"TASKID":"be7747b8-ee1a-4655-92a4-c9974ba33394","HASMORE":0,"HIGHESTNEXTLINE":18,"FIXNEXTLINE":"{ \"adjustments\": [] }","LOGSIZE":1190},{"ID":461,"CREATIONDATE":"2023-04-27 12:26:43.19","MODIFICATIONDATE":"2023-04-27 12:29:18.27","VERSION":8,"BUILDID":421,"TASKID":"c0d17af2-9a62-49dc-8804-afe47c416221","HASMORE":0,"HIGHESTNEXTLINE":18,"FIXNEXTLINE":"{ \"adjustments\": [] }","LOGSIZE":1110},{"ID":464,"CREATIONDATE":"2023-04-27 12:30:35.838","MODIFICATIONDATE":"2023-04-27 12:30:59.752","VERSION":8,"BUILDID":424,"TASKID":"09dfe7c7-29fe-4829-b393-60cfb6847f71","HASMORE":0,"HIGHESTNEXTLINE":22,"FIXNEXTLINE":"{ \"adjustments\": [] }","LOGSIZE":1507},{"ID":481,"CREATIONDATE":"2023-04-27 12:35:56.13","MODIFICATIONDATE":"2023-04-27 12:36:19.676","VERSION":8,"BUILDID":441,"TASKID":"ce12ae8b-c32c-43b5-bc97-068cd18f3966","HASMORE":0,"HIGHESTNEXTLINE":18,"FIXNEXTLINE":"{ \"adjustments\": [] }","LOGSIZE":1110},{"ID":467,"CREATIONDATE":"2023-04-27 12:36:20.856","MODIFICATIONDATE":"2023-04-27 12:36:56.28","VERSION":9,"BUILDID":427,"TASKID":"63bb6e4b-aa60-4f09-a0e9-86a1bed4b1be","HASMORE":0,"HIGHESTNEXTLINE":41,"FIXNEXTLINE":"{ \"adjustments\": [] }","LOGSIZE":3207},{"ID":482,"CREATIONDATE":"2023-04-27 12:36:57.341","MODIFICATIONDATE":"2023-04-27 12:37:28.881","VERSION":9,"BUILDID":442,"TASKID":"6afcf857-70a0-4c0e-a752-8c353278955d","HASMORE":0,"HIGHESTNEXTLINE":90,"FIXNEXTLINE":"{ \"adjustments\": [] }","LOGSIZE":7264},{"ID":483,"CREATIONDATE":"2023-04-27 12:37:54.603","MODIFICATIONDATE":"2023-04-27 12:38:20.062","VERSION":8,"BUILDID":443,"TASKID":"48b487a6-378d-4554-96e8-c6b2b363bbc9","HASMORE":0,"HIGHESTNEXTLINE":100,"FIXNEXTLINE":"{ \"adjustments\": [] }","LOGSIZE":5787}]