[{"ID":3,"CREATIONDATE":"2023-04-13 09:50:31.827","MODIFICATIONDATE":"2023-04-19 12:35:48.248","VERSION":3,"JSON":"a_1mek_mako-pipelineinstance-json-1.blob","JSONLENGTH":6379,"INSTANCEID":"17f6ae0b-ab7f-4b89-8459-f92f5f7fa0b0","PIPELINEID":"61e299b5-9506-475e-8d7a-6472fb0aafc6","BUILDCOUNT":0,"PIPELINESTATUS":"PIPELINE_FINISH","PIPELINENAME":"(Dev) (BI Reports) - BI Reports Deployement Pipeline"},{"ID":21,"CREATIONDATE":"2023-04-13 10:17:20.909","MODIFICATIONDATE":"2023-04-19 12:35:48.258","VERSION":3,"JSON":"a_1mek_mako-pipelineinstance-json-2.blob","JSONLENGTH":6388,"INSTANCEID":"0b16d6a8-8691-4010-ac4c-3491398cfa40","PIPELINEID":"61e299b5-9506-475e-8d7a-6472fb0aafc6","BUILDCOUNT":0,"PIPELINESTATUS":"PIPELINE_FINISH","PIPELINENAME":"(Dev) (BI Reports) - BI Reports Deployement Pipeline"},{"ID":22,"CREATIONDATE":"2023-04-13 10:34:43.127","MODIFICATIONDATE":"2023-04-19 12:35:48.259","VERSION":3,"JSON":"a_1mek_mako-pipelineinstance-json-3.blob","JSONLENGTH":6396,"INSTANCEID":"6ffca098-b630-4aa2-a120-f4b2c111a641","PIPELINEID":"61e299b5-9506-475e-8d7a-6472fb0aafc6","BUILDCOUNT":0,"PIPELINESTATUS":"PIPELINE_FINISH","PIPELINENAME":"(Dev) (BI Reports) - BI Reports Deployement Pipeline"},{"ID":23,"CREATIONDATE":"2023-04-13 10:45:05.818","MODIFICATIONDATE":"2023-04-19 12:35:48.261","VERSION":3,"JSON":"a_1mek_mako-pipelineinstance-json-4.blob","JSONLENGTH":6406,"INSTANCEID":"5f78b290-d226-4089-8e4c-0a860f12c814","PIPELINEID":"61e299b5-9506-475e-8d7a-6472fb0aafc6","BUILDCOUNT":0,"PIPELINESTATUS":"PIPELINE_FINISH","PIPELINENAME":"(Dev) (BI Reports) - BI Reports Deployement Pipeline"},{"ID":4,"CREATIONDATE":"2023-04-13 11:01:02.44","MODIFICATIONDATE":"2023-04-19 12:35:48.25","VERSION":3,"JSON":"a_1mek_mako-pipelineinstance-json-5.blob","JSONLENGTH":6427,"INSTANCEID":"3a7ce49b-ec79-41e5-844d-15e911fd9f95","PIPELINEID":"61e299b5-9506-475e-8d7a-6472fb0aafc6","BUILDCOUNT":0,"PIPELINESTATUS":"PIPELINE_FINISH","PIPELINENAME":"(Dev) (BI Reports) - BI Reports Deployement Pipeline"},{"ID":5,"CREATIONDATE":"2023-04-13 11:03:22.161","MODIFICATIONDATE":"2023-04-19 12:35:48.251","VERSION":3,"JSON":"a_1mek_mako-pipelineinstance-json-6.blob","JSONLENGTH":6437,"INSTANCEID":"f6825482-d7f0-462c-9a15-bce8514e7e1e","PIPELINEID":"61e299b5-9506-475e-8d7a-6472fb0aafc6","BUILDCOUNT":0,"PIPELINESTATUS":"PIPELINE_FINISH","PIPELINENAME":"(Dev) (BI Reports) - BI Reports Deployement Pipeline"},{"ID":6,"CREATIONDATE":"2023-04-13 11:07:33.462","MODIFICATIONDATE":"2023-04-19 12:35:48.253","VERSION":3,"JSON":"a_1mek_mako-pipelineinstance-json-7.blob","JSONLENGTH":6454,"INSTANCEID":"ab9d83d6-a500-46b2-a6cc-9aaf1715f108","PIPELINEID":"61e299b5-9506-475e-8d7a-6472fb0aafc6","BUILDCOUNT":0,"PIPELINESTATUS":"PIPELINE_FINISH","PIPELINENAME":"(Dev) (BI Reports) - BI Reports Deployement Pipeline"},{"ID":141,"CREATIONDATE":"2023-04-17 07:31:04.996","MODIFICATIONDATE":"2023-04-19 12:35:48.32","VERSION":8,"JSON":"a_1mek_mako-pipelineinstance-json-8.blob","JSONLENGTH":7266,"INSTANCEID":"6e5a6abc-feff-4b05-b6f0-cab0f1638eac","PIPELINEID":"61e299b5-9506-475e-8d7a-6472fb0aafc6","BUILDCOUNT":0,"PIPELINESTATUS":"PIPELINE_FINISH","PIPELINENAME":"(Dev) (BI Reports) - BI Reports Deployement Pipeline"},{"ID":202,"CREATIONDATE":"2023-04-17 20:41:41.162","MODIFICATIONDATE":"2023-04-18 12:04:42.946","VERSION":7,"JSON":"a_1mek_mako-pipelineinstance-json-9.blob","JSONLENGTH":6403,"INSTANCEID":"15b11a83-ab2b-48a3-959c-44c0fbb86892","PIPELINEID":"57f06d3b-4358-4250-a6f9-2b1a6c2b7324","BUILDCOUNT":0,"PIPELINESTATUS":"PIPELINE_FINISH","PIPELINENAME":"(Dev) (Package)- Artifacts Deployment Pipeline"},{"ID":221,"CREATIONDATE":"2023-04-18 06:42:35.91","MODIFICATIONDATE":"2023-04-18 12:04:42.953","VERSION":7,"JSON":"a_1mek_mako-pipelineinstance-json-10.blob","JSONLENGTH":6430,"INSTANCEID":"80d32559-b9fb-4572-8064-28b573e6039e","PIPELINEID":"57f06d3b-4358-4250-a6f9-2b1a6c2b7324","BUILDCOUNT":0,"PIPELINESTATUS":"PIPELINE_FINISH","PIPELINENAME":"(Dev) (Package)- Artifacts Deployment Pipeline"},{"ID":262,"CREATIONDATE":"2023-04-18 11:08:43.813","MODIFICATIONDATE":"2023-04-18 12:04:42.971","VERSION":5,"JSON":"a_1mek_mako-pipelineinstance-json-11.blob","JSONLENGTH":6911,"INSTANCEID":"a1f78604-8d29-4dc5-abb3-27458b472543","PIPELINEID":"57f06d3b-4358-4250-a6f9-2b1a6c2b7324","BUILDCOUNT":0,"PIPELINESTATUS":"PIPELINE_FINISH","PIPELINENAME":"(Dev) (Package)- Artifacts Deployment Pipeline"},{"ID":263,"CREATIONDATE":"2023-04-18 11:21:26.954","MODIFICATIONDATE":"2023-04-18 12:04:42.977","VERSION":5,"JSON":"a_1mek_mako-pipelineinstance-json-12.blob","JSONLENGTH":6921,"INSTANCEID":"df0ad96a-c844-45ad-a728-c09f540c7639","PIPELINEID":"57f06d3b-4358-4250-a6f9-2b1a6c2b7324","BUILDCOUNT":0,"PIPELINESTATUS":"PIPELINE_FINISH","PIPELINENAME":"(Dev) (Package)- Artifacts Deployment Pipeline"},{"ID":264,"CREATIONDATE":"2023-04-18 11:44:52.902","MODIFICATIONDATE":"2023-04-18 12:04:42.982","VERSION":5,"JSON":"a_1mek_mako-pipelineinstance-json-13.blob","JSONLENGTH":6931,"INSTANCEID":"8c57248b-6838-4ecb-9819-9d62edb68edd","PIPELINEID":"57f06d3b-4358-4250-a6f9-2b1a6c2b7324","BUILDCOUNT":0,"PIPELINESTATUS":"PIPELINE_FINISH","PIPELINENAME":"(Dev) (Package)- Artifacts Deployment Pipeline"},{"ID":281,"CREATIONDATE":"2023-04-19 12:10:07.6","MODIFICATIONDATE":"2023-04-19 12:14:06.224","VERSION":4,"JSON":"a_1mek_mako-pipelineinstance-json-14.blob","JSONLENGTH":6882,"INSTANCEID":"e8d19481-2040-4c8e-9fc3-404c48a4015e","PIPELINEID":"808f37f9-3564-45ed-b4d2-a08a14e93cf6","BUILDCOUNT":0,"PIPELINESTATUS":"PIPELINE_FINISH","PIPELINENAME":"(Dev) (Lookup) - Artifacts Deployment Script"},{"ID":26,"CREATIONDATE":"2023-04-13 11:13:30.789","MODIFICATIONDATE":"2023-04-19 12:35:48.266","VERSION":3,"JSON":"a_1mek_mako-pipelineinstance-json-15.blob","JSONLENGTH":6475,"INSTANCEID":"94e86091-cfb3-4336-8650-75ae8bf9e191","PIPELINEID":"61e299b5-9506-475e-8d7a-6472fb0aafc6","BUILDCOUNT":0,"PIPELINESTATUS":"PIPELINE_FINISH","PIPELINENAME":"(Dev) (BI Reports) - BI Reports Deployement Pipeline"},{"ID":27,"CREATIONDATE":"2023-04-13 11:16:53.958","MODIFICATIONDATE":"2023-04-19 12:35:48.268","VERSION":3,"JSON":"a_1mek_mako-pipelineinstance-json-16.blob","JSONLENGTH":6485,"INSTANCEID":"42cd22bc-0680-473f-9364-60982b7405f7","PIPELINEID":"61e299b5-9506-475e-8d7a-6472fb0aafc6","BUILDCOUNT":0,"PIPELINESTATUS":"PIPELINE_FINISH","PIPELINENAME":"(Dev) (BI Reports) - BI Reports Deployement Pipeline"},{"ID":41,"CREATIONDATE":"2023-04-14 05:31:24.301","MODIFICATIONDATE":"2023-04-19 12:35:48.27","VERSION":3,"JSON":"a_1mek_mako-pipelineinstance-json-17.blob","JSONLENGTH":6515,"INSTANCEID":"176f9fd7-6756-44ec-a943-e634a6cb0f2d","PIPELINEID":"61e299b5-9506-475e-8d7a-6472fb0aafc6","BUILDCOUNT":0,"PIPELINESTATUS":"PIPELINE_FINISH","PIPELINENAME":"(Dev) (BI Reports) - BI Reports Deployement Pipeline"},{"ID":64,"CREATIONDATE":"2023-04-14 06:18:23.992","MODIFICATIONDATE":"2023-04-19 12:35:48.307","VERSION":5,"JSON":"a_1mek_mako-pipelineinstance-json-18.blob","JSONLENGTH":6827,"INSTANCEID":"dac3ba88-8048-4f0d-af4a-b93222fc3697","PIPELINEID":"61e299b5-9506-475e-8d7a-6472fb0aafc6","BUILDCOUNT":0,"PIPELINESTATUS":"PIPELINE_FINISH","PIPELINENAME":"(Dev) (BI Reports) - BI Reports Deployement Pipeline"},{"ID":68,"CREATIONDATE":"2023-04-14 07:06:22.808","MODIFICATIONDATE":"2023-04-19 12:35:48.311","VERSION":6,"JSON":"a_1mek_mako-pipelineinstance-json-19.blob","JSONLENGTH":6949,"INSTANCEID":"04951326-b1f0-43e6-bcf4-69f058c78ce2","PIPELINEID":"61e299b5-9506-475e-8d7a-6472fb0aafc6","BUILDCOUNT":0,"PIPELINESTATUS":"PIPELINE_FINISH","PIPELINENAME":"(Dev) (BI Reports) - BI Reports Deployement Pipeline"},{"ID":69,"CREATIONDATE":"2023-04-14 07:08:48.793","MODIFICATIONDATE":"2023-04-19 12:35:48.313","VERSION":8,"JSON":"a_1mek_mako-pipelineinstance-json-20.blob","JSONLENGTH":7255,"INSTANCEID":"808691b7-2a88-49f4-a4fa-b993c89e72b8","PIPELINEID":"61e299b5-9506-475e-8d7a-6472fb0aafc6","BUILDCOUNT":0,"PIPELINESTATUS":"PIPELINE_FINISH","PIPELINENAME":"(Dev) (BI Reports) - BI Reports Deployement Pipeline"},{"ID":81,"CREATIONDATE":"2023-04-14 12:46:13.615","MODIFICATIONDATE":"2023-04-19 12:35:48.314","VERSION":8,"JSON":"a_1mek_mako-pipelineinstance-json-21.blob","JSONLENGTH":7251,"INSTANCEID":"3b6d958b-bf91-4e44-ba46-bca36d7b1870","PIPELINEID":"61e299b5-9506-475e-8d7a-6472fb0aafc6","BUILDCOUNT":0,"PIPELINESTATUS":"PIPELINE_FINISH","PIPELINENAME":"(Dev) (BI Reports) - BI Reports Deployement Pipeline"},{"ID":121,"CREATIONDATE":"2023-04-17 05:57:29.794","MODIFICATIONDATE":"2023-04-19 12:35:48.317","VERSION":4,"JSON":"a_1mek_mako-pipelineinstance-json-22.blob","JSONLENGTH":6689,"INSTANCEID":"5ef7bfb6-ccff-49d7-bc1d-dcc37568a821","PIPELINEID":"61e299b5-9506-475e-8d7a-6472fb0aafc6","BUILDCOUNT":0,"PIPELINESTATUS":"PIPELINE_FINISH","PIPELINENAME":"(Dev) (BI Reports) - BI Reports Deployement Pipeline"},{"ID":161,"CREATIONDATE":"2023-04-17 13:40:57.405","MODIFICATIONDATE":"2023-04-19 12:36:32.336","VERSION":5,"JSON":"a_1mek_mako-pipelineinstance-json-23.blob","JSONLENGTH":6691,"INSTANCEID":"28a8907c-b0a7-4803-83d8-4f308ca305d6","PIPELINEID":"c066ccfc-0636-4730-9923-2387fe2c7938","BUILDCOUNT":0,"PIPELINESTATUS":"PIPELINE_FINISH","PIPELINENAME":"(Dev) (Integrations)- Integration Artifacts Deployment Pipeline"},{"ID":181,"CREATIONDATE":"2023-04-17 14:01:59.371","MODIFICATIONDATE":"2023-04-19 12:36:32.349","VERSION":5,"JSON":"a_1mek_mako-pipelineinstance-json-24.blob","JSONLENGTH":6709,"INSTANCEID":"21e7c1b8-d3b1-4cf4-be0c-6e29af2767c9","PIPELINEID":"c066ccfc-0636-4730-9923-2387fe2c7938","BUILDCOUNT":0,"PIPELINESTATUS":"PIPELINE_FINISH","PIPELINENAME":"(Dev) (Integrations)- Integration Artifacts Deployment Pipeline"},{"ID":165,"CREATIONDATE":"2023-04-17 15:10:06.846","MODIFICATIONDATE":"2023-04-19 12:36:32.343","VERSION":5,"JSON":"a_1mek_mako-pipelineinstance-json-25.blob","JSONLENGTH":6782,"INSTANCEID":"fcacddba-0f23-4f52-a8e3-8344824c6316","PIPELINEID":"c066ccfc-0636-4730-9923-2387fe2c7938","BUILDCOUNT":0,"PIPELINESTATUS":"PIPELINE_FINISH","PIPELINENAME":"(Dev) (Integrations)- Integration Artifacts Deployment Pipeline"},{"ID":185,"CREATIONDATE":"2023-04-17 15:41:35.012","MODIFICATIONDATE":"2023-04-19 12:36:32.354","VERSION":8,"JSON":"a_1mek_mako-pipelineinstance-json-26.blob","JSONLENGTH":7242,"INSTANCEID":"51af1843-9590-451e-8e09-9d1bc175c547","PIPELINEID":"c066ccfc-0636-4730-9923-2387fe2c7938","BUILDCOUNT":0,"PIPELINESTATUS":"PIPELINE_FINISH","PIPELINENAME":"(Dev) (Integrations)- Integration Artifacts Deployment Pipeline"},{"ID":168,"CREATIONDATE":"2023-04-17 16:26:49.527","MODIFICATIONDATE":"2023-04-19 12:36:32.348","VERSION":7,"JSON":"a_1mek_mako-pipelineinstance-json-27.blob","JSONLENGTH":7321,"INSTANCEID":"2345a591-40bd-43db-9a62-c82a3d5fa1cc","PIPELINEID":"c066ccfc-0636-4730-9923-2387fe2c7938","BUILDCOUNT":0,"PIPELINESTATUS":"PIPELINE_FINISH","PIPELINENAME":"(Dev) (Integrations)- Integration Artifacts Deployment Pipeline"},{"ID":188,"CREATIONDATE":"2023-04-17 20:34:00.646","MODIFICATIONDATE":"2023-04-18 12:04:42.926","VERSION":4,"JSON":"a_1mek_mako-pipelineinstance-json-28.blob","JSONLENGTH":5950,"INSTANCEID":"479ff6be-b9a7-4d75-adef-88590e850c98","PIPELINEID":"57f06d3b-4358-4250-a6f9-2b1a6c2b7324","BUILDCOUNT":0,"PIPELINESTATUS":"PIPELINE_FINISH","PIPELINENAME":"(Dev) (Package)- Artifacts Deployment Pipeline"},{"ID":282,"CREATIONDATE":"2023-04-19 12:18:50.666","MODIFICATIONDATE":"2023-04-19 12:21:33.675","VERSION":7,"JSON":"a_1mek_mako-pipelineinstance-json-29.blob","JSONLENGTH":7341,"INSTANCEID":"9aaaf255-1f71-45d1-aa8d-44c616152a12","PIPELINEID":"808f37f9-3564-45ed-b4d2-a08a14e93cf6","BUILDCOUNT":0,"PIPELINESTATUS":"PIPELINE_FINISH","PIPELINENAME":"(Dev) (Lookup) - Artifacts Deployment Script"},{"ID":301,"CREATIONDATE":"2023-04-19 12:27:13.102","MODIFICATIONDATE":"2023-04-19 12:29:54.847","VERSION":7,"JSON":"a_1mek_mako-pipelineinstance-json-30.blob","JSONLENGTH":7368,"INSTANCEID":"48c16088-9754-46c8-b706-8ca31214dcc9","PIPELINEID":"808f37f9-3564-45ed-b4d2-a08a14e93cf6","BUILDCOUNT":0,"PIPELINESTATUS":"PIPELINE_FINISH","PIPELINENAME":"(Dev) (Lookup) - Artifacts Deployment Script"},{"ID":25,"CREATIONDATE":"2023-04-13 11:09:12.401","MODIFICATIONDATE":"2023-04-19 12:35:48.264","VERSION":3,"JSON":"a_1mek_mako-pipelineinstance-json-31.blob","JSONLENGTH":6465,"INSTANCEID":"f243f7b4-3b67-4b42-8cdc-fb3b06b27a55","PIPELINEID":"61e299b5-9506-475e-8d7a-6472fb0aafc6","BUILDCOUNT":0,"PIPELINESTATUS":"PIPELINE_FINISH","PIPELINENAME":"(Dev) (BI Reports) - BI Reports Deployement Pipeline"},{"ID":7,"CREATIONDATE":"2023-04-13 11:39:58.049","MODIFICATIONDATE":"2023-04-19 12:35:48.254","VERSION":3,"JSON":"a_1mek_mako-pipelineinstance-json-32.blob","JSONLENGTH":6495,"INSTANCEID":"13581bdf-cfdd-4af9-aef7-722ccfca458c","PIPELINEID":"61e299b5-9506-475e-8d7a-6472fb0aafc6","BUILDCOUNT":0,"PIPELINESTATUS":"PIPELINE_FINISH","PIPELINENAME":"(Dev) (BI Reports) - BI Reports Deployement Pipeline"},{"ID":42,"CREATIONDATE":"2023-04-14 05:34:19.461","MODIFICATIONDATE":"2023-04-19 12:35:48.271","VERSION":3,"JSON":"a_1mek_mako-pipelineinstance-json-33.blob","JSONLENGTH":6525,"INSTANCEID":"3afd370a-031a-4140-98a1-4232a66b5fd7","PIPELINEID":"61e299b5-9506-475e-8d7a-6472fb0aafc6","BUILDCOUNT":0,"PIPELINESTATUS":"PIPELINE_FINISH","PIPELINENAME":"(Dev) (BI Reports) - BI Reports Deployement Pipeline"},{"ID":43,"CREATIONDATE":"2023-04-14 05:36:34.247","MODIFICATIONDATE":"2023-04-19 12:35:48.273","VERSION":3,"JSON":"a_1mek_mako-pipelineinstance-json-34.blob","JSONLENGTH":6535,"INSTANCEID":"f43eeb5c-618c-4bda-a87f-a8f0cf3f7f0f","PIPELINEID":"61e299b5-9506-475e-8d7a-6472fb0aafc6","BUILDCOUNT":0,"PIPELINESTATUS":"PIPELINE_FINISH","PIPELINENAME":"(Dev) (BI Reports) - BI Reports Deployement Pipeline"},{"ID":44,"CREATIONDATE":"2023-04-14 05:39:01.157","MODIFICATIONDATE":"2023-04-19 12:35:48.275","VERSION":3,"JSON":"a_1mek_mako-pipelineinstance-json-35.blob","JSONLENGTH":6545,"INSTANCEID":"c3c07fa9-e15c-495c-af62-18c971bd4aac","PIPELINEID":"61e299b5-9506-475e-8d7a-6472fb0aafc6","BUILDCOUNT":0,"PIPELINESTATUS":"PIPELINE_FINISH","PIPELINENAME":"(Dev) (BI Reports) - BI Reports Deployement Pipeline"},{"ID":45,"CREATIONDATE":"2023-04-14 06:23:41.769","MODIFICATIONDATE":"2023-04-19 12:35:48.277","VERSION":5,"JSON":"a_1mek_mako-pipelineinstance-json-36.blob","JSONLENGTH":6818,"INSTANCEID":"075c3a71-57da-4b75-90b1-a94db030ec05","PIPELINEID":"61e299b5-9506-475e-8d7a-6472fb0aafc6","BUILDCOUNT":0,"PIPELINESTATUS":"PIPELINE_FINISH","PIPELINENAME":"(Dev) (BI Reports) - BI Reports Deployement Pipeline"},{"ID":65,"CREATIONDATE":"2023-04-14 06:26:49.66","MODIFICATIONDATE":"2023-04-19 12:35:48.308","VERSION":5,"JSON":"a_1mek_mako-pipelineinstance-json-37.blob","JSONLENGTH":6828,"INSTANCEID":"b447bb0a-6d1d-4c5a-b727-458720613cd8","PIPELINEID":"61e299b5-9506-475e-8d7a-6472fb0aafc6","BUILDCOUNT":0,"PIPELINESTATUS":"PIPELINE_FINISH","PIPELINENAME":"(Dev) (BI Reports) - BI Reports Deployement Pipeline"},{"ID":67,"CREATIONDATE":"2023-04-14 06:40:26.262","MODIFICATIONDATE":"2023-04-19 12:35:48.31","VERSION":5,"JSON":"a_1mek_mako-pipelineinstance-json-38.blob","JSONLENGTH":6830,"INSTANCEID":"54f8ca65-0f09-4b9e-b2f3-adc1c78dc93f","PIPELINEID":"61e299b5-9506-475e-8d7a-6472fb0aafc6","BUILDCOUNT":0,"PIPELINESTATUS":"PIPELINE_FINISH","PIPELINENAME":"(Dev) (BI Reports) - BI Reports Deployement Pipeline"},{"ID":46,"CREATIONDATE":"2023-04-14 06:49:03.353","MODIFICATIONDATE":"2023-04-19 12:35:48.279","VERSION":3,"JSON":"a_1mek_mako-pipelineinstance-json-39.blob","JSONLENGTH":6529,"INSTANCEID":"158cafa7-349f-4a5c-a981-05fdb156b706","PIPELINEID":"61e299b5-9506-475e-8d7a-6472fb0aafc6","BUILDCOUNT":0,"PIPELINESTATUS":"PIPELINE_FINISH","PIPELINENAME":"(Dev) (BI Reports) - BI Reports Deployement Pipeline"},{"ID":47,"CREATIONDATE":"2023-04-14 06:50:06.591","MODIFICATIONDATE":"2023-04-19 12:35:48.281","VERSION":3,"JSON":"a_1mek_mako-pipelineinstance-json-40.blob","JSONLENGTH":6543,"INSTANCEID":"9e0369d2-065b-431d-aad9-b37c07cb42c9","PIPELINEID":"61e299b5-9506-475e-8d7a-6472fb0aafc6","BUILDCOUNT":0,"PIPELINESTATUS":"PIPELINE_FINISH","PIPELINENAME":"(Dev) (BI Reports) - BI Reports Deployement Pipeline"},{"ID":48,"CREATIONDATE":"2023-04-14 06:52:16.969","MODIFICATIONDATE":"2023-04-19 12:35:48.283","VERSION":3,"JSON":"a_1mek_mako-pipelineinstance-json-41.blob","JSONLENGTH":6531,"INSTANCEID":"781401ce-6b6f-4ed1-8fe3-36adcc53a00a","PIPELINEID":"61e299b5-9506-475e-8d7a-6472fb0aafc6","BUILDCOUNT":0,"PIPELINESTATUS":"PIPELINE_FINISH","PIPELINENAME":"(Dev) (BI Reports) - BI Reports Deployement Pipeline"},{"ID":164,"CREATIONDATE":"2023-04-17 15:04:52.39","MODIFICATIONDATE":"2023-04-19 12:36:32.341","VERSION":5,"JSON":"a_1mek_mako-pipelineinstance-json-42.blob","JSONLENGTH":6770,"INSTANCEID":"ae3aa08b-cd97-41e9-bfbb-8fade01ee0df","PIPELINEID":"c066ccfc-0636-4730-9923-2387fe2c7938","BUILDCOUNT":0,"PIPELINESTATUS":"PIPELINE_FINISH","PIPELINENAME":"(Dev) (Integrations)- Integration Artifacts Deployment Pipeline"},{"ID":186,"CREATIONDATE":"2023-04-17 16:58:23.958","MODIFICATIONDATE":"2023-04-19 12:36:32.355","VERSION":6,"JSON":"a_1mek_mako-pipelineinstance-json-43.blob","JSONLENGTH":7204,"INSTANCEID":"9a588829-23e5-4afc-adbf-5a4077298ede","PIPELINEID":"c066ccfc-0636-4730-9923-2387fe2c7938","BUILDCOUNT":0,"PIPELINESTATUS":"PIPELINE_FINISH","PIPELINENAME":"(Dev) (Integrations)- Integration Artifacts Deployment Pipeline"},{"ID":242,"CREATIONDATE":"2023-04-18 11:49:59.712","MODIFICATIONDATE":"2023-04-18 12:04:42.96","VERSION":8,"JSON":"a_1mek_mako-pipelineinstance-json-44.blob","JSONLENGTH":7391,"INSTANCEID":"9b912881-4fc8-4d1e-839d-e3b0eba656d3","PIPELINEID":"57f06d3b-4358-4250-a6f9-2b1a6c2b7324","BUILDCOUNT":0,"PIPELINESTATUS":"PIPELINE_FINISH","PIPELINENAME":"(Dev) (Package)- Artifacts Deployment Pipeline"},{"ID":341,"CREATIONDATE":"2023-04-25 12:25:55.007","MODIFICATIONDATE":"2023-04-25 12:30:03.736","VERSION":4,"JSON":"a_1mek_mako-pipelineinstance-json-45.blob","JSONLENGTH":6847,"INSTANCEID":"dfe502ea-389b-4682-a0e8-28e4f6af5593","PIPELINEID":"61e299b5-9506-475e-8d7a-6472fb0aafc6","BUILDCOUNT":0,"PIPELINESTATUS":"PIPELINE_FINISH","PIPELINENAME":"(Dev) (BI Reports) - BI Reports Deployement Pipeline"},{"ID":342,"CREATIONDATE":"2023-04-25 13:10:55.475","MODIFICATIONDATE":"2023-04-25 13:12:50.381","VERSION":5,"JSON":"a_1mek_mako-pipelineinstance-json-46.blob","JSONLENGTH":7152,"INSTANCEID":"f9de0295-2fc5-4278-b307-eafa910f1ada","PIPELINEID":"61e299b5-9506-475e-8d7a-6472fb0aafc6","BUILDCOUNT":0,"PIPELINESTATUS":"PIPELINE_FINISH","PIPELINENAME":"(Dev) (BI Reports) - BI Reports Deployement Pipeline"},{"ID":381,"CREATIONDATE":"2023-04-26 04:47:50.199","MODIFICATIONDATE":"2023-04-26 04:48:05.139","VERSION":3,"JSON":"a_1mek_mako-pipelineinstance-json-47.blob","JSONLENGTH":6624,"INSTANCEID":"22abb9d1-dd47-4cf7-8844-5f587f99ffee","PIPELINEID":"61e299b5-9506-475e-8d7a-6472fb0aafc6","BUILDCOUNT":0,"PIPELINESTATUS":"PIPELINE_CANCEL","PIPELINENAME":"(Dev) (BI Reports) - BI Reports Deployement Pipeline"},{"ID":382,"CREATIONDATE":"2023-04-26 04:49:22.312","MODIFICATIONDATE":"2023-04-26 04:52:21.466","VERSION":7,"JSON":"a_1mek_mako-pipelineinstance-json-48.blob","JSONLENGTH":7417,"INSTANCEID":"dc1e1788-bdcf-4b72-8dfd-08e46f7e4259","PIPELINEID":"61e299b5-9506-475e-8d7a-6472fb0aafc6","BUILDCOUNT":0,"PIPELINESTATUS":"PIPELINE_FINISH","PIPELINENAME":"(Dev) (BI Reports) - BI Reports Deployement Pipeline"},{"ID":8,"CREATIONDATE":"2023-04-13 11:58:31.818","MODIFICATIONDATE":"2023-04-19 12:35:48.256","VERSION":3,"JSON":"a_1mek_mako-pipelineinstance-json-49.blob","JSONLENGTH":6505,"INSTANCEID":"9c28d73e-76e3-4679-80ac-ab50a2b7c0a6","PIPELINEID":"61e299b5-9506-475e-8d7a-6472fb0aafc6","BUILDCOUNT":0,"PIPELINESTATUS":"PIPELINE_FINISH","PIPELINENAME":"(Dev) (BI Reports) - BI Reports Deployement Pipeline"},{"ID":61,"CREATIONDATE":"2023-04-14 05:44:00.029","MODIFICATIONDATE":"2023-04-19 12:35:48.287","VERSION":4,"JSON":"a_1mek_mako-pipelineinstance-json-50.blob","JSONLENGTH":6716,"INSTANCEID":"df130cd0-4a1a-4b21-85a3-6e76045003d0","PIPELINEID":"61e299b5-9506-475e-8d7a-6472fb0aafc6","BUILDCOUNT":0,"PIPELINESTATUS":"PIPELINE_FINISH","PIPELINENAME":"(Dev) (BI Reports) - BI Reports Deployement Pipeline"},{"ID":62,"CREATIONDATE":"2023-04-14 05:47:38.262","MODIFICATIONDATE":"2023-04-19 12:35:48.289","VERSION":5,"JSON":"a_1mek_mako-pipelineinstance-json-51.blob","JSONLENGTH":6828,"INSTANCEID":"dce9ed1a-aeb9-4c2d-823c-90966efc9373","PIPELINEID":"61e299b5-9506-475e-8d7a-6472fb0aafc6","BUILDCOUNT":0,"PIPELINESTATUS":"PIPELINE_FINISH","PIPELINENAME":"(Dev) (BI Reports) - BI Reports Deployement Pipeline"},{"ID":63,"CREATIONDATE":"2023-04-14 06:18:08.852","MODIFICATIONDATE":"2023-04-19 12:35:48.305","VERSION":3,"JSON":"a_1mek_mako-pipelineinstance-json-52.blob","JSONLENGTH":6528,"INSTANCEID":"6c28fe4f-14c6-4d9a-9953-7e2c98196754","PIPELINEID":"61e299b5-9506-475e-8d7a-6472fb0aafc6","BUILDCOUNT":0,"PIPELINESTATUS":"PIPELINE_FINISH","PIPELINENAME":"(Dev) (BI Reports) - BI Reports Deployement Pipeline"},{"ID":66,"CREATIONDATE":"2023-04-14 06:32:43.724","MODIFICATIONDATE":"2023-04-19 12:35:48.309","VERSION":5,"JSON":"a_1mek_mako-pipelineinstance-json-53.blob","JSONLENGTH":6820,"INSTANCEID":"2dcc34e2-490d-43a1-8154-0fc82d1edfbd","PIPELINEID":"61e299b5-9506-475e-8d7a-6472fb0aafc6","BUILDCOUNT":0,"PIPELINESTATUS":"PIPELINE_FINISH","PIPELINENAME":"(Dev) (BI Reports) - BI Reports Deployement Pipeline"},{"ID":49,"CREATIONDATE":"2023-04-14 07:03:26.667","MODIFICATIONDATE":"2023-04-19 12:35:48.285","VERSION":5,"JSON":"a_1mek_mako-pipelineinstance-json-54.blob","JSONLENGTH":6828,"INSTANCEID":"6d6972e9-3035-4d8f-a052-96a0bba061b5","PIPELINEID":"61e299b5-9506-475e-8d7a-6472fb0aafc6","BUILDCOUNT":0,"PIPELINESTATUS":"PIPELINE_FINISH","PIPELINENAME":"(Dev) (BI Reports) - BI Reports Deployement Pipeline"},{"ID":101,"CREATIONDATE":"2023-04-14 13:01:57.95","MODIFICATIONDATE":"2023-04-19 12:35:48.315","VERSION":4,"JSON":"a_1mek_mako-pipelineinstance-json-55.blob","JSONLENGTH":6690,"INSTANCEID":"e25d2a81-beda-4578-aed4-5c805c1eeeeb","PIPELINEID":"61e299b5-9506-475e-8d7a-6472fb0aafc6","BUILDCOUNT":0,"PIPELINESTATUS":"PIPELINE_FINISH","PIPELINENAME":"(Dev) (BI Reports) - BI Reports Deployement Pipeline"},{"ID":102,"CREATIONDATE":"2023-04-14 13:07:07.67","MODIFICATIONDATE":"2023-04-19 12:35:48.316","VERSION":8,"JSON":"a_1mek_mako-pipelineinstance-json-56.blob","JSONLENGTH":7246,"INSTANCEID":"f9bc107f-ed4e-4a82-b9d5-fcd9d9a69113","PIPELINEID":"61e299b5-9506-475e-8d7a-6472fb0aafc6","BUILDCOUNT":0,"PIPELINESTATUS":"PIPELINE_FINISH","PIPELINENAME":"(Dev) (BI Reports) - BI Reports Deployement Pipeline"},{"ID":122,"CREATIONDATE":"2023-04-17 06:38:08.322","MODIFICATIONDATE":"2023-04-19 12:35:48.318","VERSION":8,"JSON":"a_1mek_mako-pipelineinstance-json-57.blob","JSONLENGTH":7247,"INSTANCEID":"bb41ff77-c54f-4038-b208-f194504a9394","PIPELINEID":"61e299b5-9506-475e-8d7a-6472fb0aafc6","BUILDCOUNT":0,"PIPELINESTATUS":"PIPELINE_FINISH","PIPELINENAME":"(Dev) (BI Reports) - BI Reports Deployement Pipeline"},{"ID":182,"CREATIONDATE":"2023-04-17 14:08:54.359","MODIFICATIONDATE":"2023-04-19 12:36:32.35","VERSION":5,"JSON":"a_1mek_mako-pipelineinstance-json-58.blob","JSONLENGTH":6728,"INSTANCEID":"4e866948-f45c-4d99-97dd-5cf1fba76f64","PIPELINEID":"c066ccfc-0636-4730-9923-2387fe2c7938","BUILDCOUNT":0,"PIPELINESTATUS":"PIPELINE_FINISH","PIPELINENAME":"(Dev) (Integrations)- Integration Artifacts Deployment Pipeline"},{"ID":183,"CREATIONDATE":"2023-04-17 14:21:43.621","MODIFICATIONDATE":"2023-04-19 12:36:32.351","VERSION":5,"JSON":"a_1mek_mako-pipelineinstance-json-59.blob","JSONLENGTH":6738,"INSTANCEID":"0a1e66b8-f138-4ca0-a57c-2e499b5ba732","PIPELINEID":"c066ccfc-0636-4730-9923-2387fe2c7938","BUILDCOUNT":0,"PIPELINESTATUS":"PIPELINE_FINISH","PIPELINENAME":"(Dev) (Integrations)- Integration Artifacts Deployment Pipeline"},{"ID":184,"CREATIONDATE":"2023-04-17 14:25:02.476","MODIFICATIONDATE":"2023-04-19 12:36:32.353","VERSION":5,"JSON":"a_1mek_mako-pipelineinstance-json-60.blob","JSONLENGTH":6748,"INSTANCEID":"28920561-23d3-4304-9c49-e235bb9ae2b0","PIPELINEID":"c066ccfc-0636-4730-9923-2387fe2c7938","BUILDCOUNT":0,"PIPELINESTATUS":"PIPELINE_FINISH","PIPELINENAME":"(Dev) (Integrations)- Integration Artifacts Deployment Pipeline"},{"ID":166,"CREATIONDATE":"2023-04-17 15:16:08.149","MODIFICATIONDATE":"2023-04-19 12:36:32.345","VERSION":8,"JSON":"a_1mek_mako-pipelineinstance-json-61.blob","JSONLENGTH":7200,"INSTANCEID":"ad212201-5d8e-45d2-9971-d5b2a275aed2","PIPELINEID":"c066ccfc-0636-4730-9923-2387fe2c7938","BUILDCOUNT":0,"PIPELINESTATUS":"PIPELINE_FINISH","PIPELINENAME":"(Dev) (Integrations)- Integration Artifacts Deployment Pipeline"},{"ID":201,"CREATIONDATE":"2023-04-17 20:23:16.169","MODIFICATIONDATE":"2023-04-18 12:04:42.943","VERSION":4,"JSON":"a_1mek_mako-pipelineinstance-json-62.blob","JSONLENGTH":5940,"INSTANCEID":"a49c11f9-bdce-4913-a435-e19c78bf2910","PIPELINEID":"57f06d3b-4358-4250-a6f9-2b1a6c2b7324","BUILDCOUNT":0,"PIPELINESTATUS":"PIPELINE_FINISH","PIPELINENAME":"(Dev) (Package)- Artifacts Deployment Pipeline"},{"ID":261,"CREATIONDATE":"2023-04-18 11:04:09.838","MODIFICATIONDATE":"2023-04-18 12:04:42.964","VERSION":5,"JSON":"a_1mek_mako-pipelineinstance-json-63.blob","JSONLENGTH":6902,"INSTANCEID":"48586ed3-e3a4-4d01-8edf-8596a3fc9b16","PIPELINEID":"57f06d3b-4358-4250-a6f9-2b1a6c2b7324","BUILDCOUNT":0,"PIPELINESTATUS":"PIPELINE_FINISH","PIPELINENAME":"(Dev) (Package)- Artifacts Deployment Pipeline"},{"ID":302,"CREATIONDATE":"2023-04-19 12:54:24.886","MODIFICATIONDATE":"2023-04-19 12:57:09.871","VERSION":7,"JSON":"a_1mek_mako-pipelineinstance-json-64.blob","JSONLENGTH":7345,"INSTANCEID":"4ae33b21-bd5e-4f7e-8cc8-287cdd50a970","PIPELINEID":"137c39a5-927c-4716-ab93-8b5f3bcbc5da","BUILDCOUNT":0,"PIPELINESTATUS":"PIPELINE_FINISH","PIPELINENAME":"(Dev) (Library) - Artifacts Deployment Script"},{"ID":361,"CREATIONDATE":"2023-04-25 12:39:31.176","MODIFICATIONDATE":"2023-04-25 12:40:58.145","VERSION":4,"JSON":"a_1mek_mako-pipelineinstance-json-65.blob","JSONLENGTH":6961,"INSTANCEID":"3c9727c8-ec27-4745-a53b-b08250bba178","PIPELINEID":"61e299b5-9506-475e-8d7a-6472fb0aafc6","BUILDCOUNT":0,"PIPELINESTATUS":"PIPELINE_FINISH","PIPELINENAME":"(Dev) (BI Reports) - BI Reports Deployement Pipeline"},{"ID":363,"CREATIONDATE":"2023-04-25 14:14:46.836","MODIFICATIONDATE":"2023-04-25 14:20:05.329","VERSION":7,"JSON":"a_1mek_mako-pipelineinstance-json-66.blob","JSONLENGTH":7409,"INSTANCEID":"bc35fd41-39a0-4196-ac90-5e02af931011","PIPELINEID":"61e299b5-9506-475e-8d7a-6472fb0aafc6","BUILDCOUNT":0,"PIPELINESTATUS":"PIPELINE_FINISH","PIPELINENAME":"(Dev) (BI Reports) - BI Reports Deployement Pipeline"},{"ID":401,"CREATIONDATE":"2023-04-27 12:26:43.333","MODIFICATIONDATE":"2023-04-27 12:31:48.73","VERSION":7,"JSON":"a_1mek_mako-pipelineinstance-json-67.blob","JSONLENGTH":7414,"INSTANCEID":"2e32133e-57d3-4ca8-95db-4ef3b2ba8e98","PIPELINEID":"61e299b5-9506-475e-8d7a-6472fb0aafc6","BUILDCOUNT":0,"PIPELINESTATUS":"PIPELINE_FINISH","PIPELINENAME":"(Dev) (BI Reports) - BI Reports Deployement Pipeline"},{"ID":421,"CREATIONDATE":"2023-04-27 12:35:56.504","MODIFICATIONDATE":"2023-04-27 12:38:43.832","VERSION":7,"JSON":"a_1mek_mako-pipelineinstance-json-68.blob","JSONLENGTH":7430,"INSTANCEID":"25146eca-482c-4141-b93a-fb2699108259","PIPELINEID":"61e299b5-9506-475e-8d7a-6472fb0aafc6","BUILDCOUNT":0,"PIPELINESTATUS":"PIPELINE_FINISH","PIPELINENAME":"(Dev) (BI Reports) - BI Reports Deployement Pipeline"},{"ID":24,"CREATIONDATE":"2023-04-13 10:53:21.453","MODIFICATIONDATE":"2023-04-19 12:35:48.262","VERSION":3,"JSON":"a_1mek_mako-pipelineinstance-json-69.blob","JSONLENGTH":6416,"INSTANCEID":"8239aa51-f36c-403e-a60a-86039a08fc93","PIPELINEID":"61e299b5-9506-475e-8d7a-6472fb0aafc6","BUILDCOUNT":0,"PIPELINESTATUS":"PIPELINE_FINISH","PIPELINENAME":"(Dev) (BI Reports) - BI Reports Deployement Pipeline"},{"ID":162,"CREATIONDATE":"2023-04-17 14:04:46.08","MODIFICATIONDATE":"2023-04-19 12:36:32.338","VERSION":5,"JSON":"a_1mek_mako-pipelineinstance-json-70.blob","JSONLENGTH":6718,"INSTANCEID":"cdb33d8c-3321-4fd1-bbc7-8a7b16ac2d13","PIPELINEID":"c066ccfc-0636-4730-9923-2387fe2c7938","BUILDCOUNT":0,"PIPELINESTATUS":"PIPELINE_FINISH","PIPELINENAME":"(Dev) (Integrations)- Integration Artifacts Deployment Pipeline"},{"ID":163,"CREATIONDATE":"2023-04-17 14:31:16.378","MODIFICATIONDATE":"2023-04-19 12:36:32.34","VERSION":5,"JSON":"a_1mek_mako-pipelineinstance-json-71.blob","JSONLENGTH":6760,"INSTANCEID":"ebf78506-9eaf-4d7e-9df5-8f77972b7139","PIPELINEID":"c066ccfc-0636-4730-9923-2387fe2c7938","BUILDCOUNT":0,"PIPELINESTATUS":"PIPELINE_FINISH","PIPELINENAME":"(Dev) (Integrations)- Integration Artifacts Deployment Pipeline"},{"ID":167,"CREATIONDATE":"2023-04-17 15:30:34.958","MODIFICATIONDATE":"2023-04-19 12:36:32.346","VERSION":8,"JSON":"a_1mek_mako-pipelineinstance-json-72.blob","JSONLENGTH":7228,"INSTANCEID":"2060822a-b747-4a37-b4bf-bfc99274b135","PIPELINEID":"c066ccfc-0636-4730-9923-2387fe2c7938","BUILDCOUNT":0,"PIPELINESTATUS":"PIPELINE_FINISH","PIPELINENAME":"(Dev) (Integrations)- Integration Artifacts Deployment Pipeline"},{"ID":187,"CREATIONDATE":"2023-04-17 17:32:14.136","MODIFICATIONDATE":"2023-04-19 12:36:32.356","VERSION":8,"JSON":"a_1mek_mako-pipelineinstance-json-73.blob","JSONLENGTH":7464,"INSTANCEID":"37f4e202-c5e1-4660-9924-108d832b18bf","PIPELINEID":"c066ccfc-0636-4730-9923-2387fe2c7938","BUILDCOUNT":0,"PIPELINESTATUS":"PIPELINE_FINISH","PIPELINENAME":"(Dev) (Integrations)- Integration Artifacts Deployment Pipeline"},{"ID":241,"CREATIONDATE":"2023-04-18 10:55:49.846","MODIFICATIONDATE":"2023-04-18 12:04:42.957","VERSION":5,"JSON":"a_1mek_mako-pipelineinstance-json-74.blob","JSONLENGTH":6195,"INSTANCEID":"5830a05c-0bbc-44ae-8603-92d904c6feaf","PIPELINEID":"57f06d3b-4358-4250-a6f9-2b1a6c2b7324","BUILDCOUNT":0,"PIPELINESTATUS":"PIPELINE_FINISH","PIPELINENAME":"(Dev) (Package)- Artifacts Deployment Pipeline"},{"ID":362,"CREATIONDATE":"2023-04-25 13:15:07.159","MODIFICATIONDATE":"2023-04-25 13:17:48.256","VERSION":7,"JSON":"a_1mek_mako-pipelineinstance-json-75.blob","JSONLENGTH":7412,"INSTANCEID":"d7a68e5a-0a94-41fd-b2ea-fdd1f6f9665e","PIPELINEID":"61e299b5-9506-475e-8d7a-6472fb0aafc6","BUILDCOUNT":0,"PIPELINESTATUS":"PIPELINE_FINISH","PIPELINENAME":"(Dev) (BI Reports) - BI Reports Deployement Pipeline"}]