[{"ID":141,"CREATIONDATE":"2023-04-19 08:07:41.402","MODIFICATIONDATE":"2023-04-19 12:57:09.742","VERSION":4,"JSON":"a_1mek_mako-pipelinedefinition-json-1.blob","JSONLENGTH":5119,"PIPELINEID":"137c39a5-927c-4716-ab93-8b5f3bcbc5da","PIPELINENAME":"(Dev) (Library) - Artifacts Deployment Script","GITYAMLPATH":null},{"ID":41,"CREATIONDATE":"2023-04-14 07:28:30.125","MODIFICATIONDATE":"2023-04-14 07:28:30.125","VERSION":1,"JSON":"a_1mek_mako-pipelinedefinition-json-2.blob","JSONLENGTH":774,"PIPELINEID":"a5271377-0bc8-460e-83c7-310368a81dbf","PIPELINENAME":"(Prod)-BI Reports Pipeline","GITYAMLPATH":null},{"ID":101,"CREATIONDATE":"2023-04-17 20:16:18.443","MODIFICATIONDATE":"2023-04-19 07:55:14.314","VERSION":28,"JSON":"a_1mek_mako-pipelinedefinition-json-3.blob","JSONLENGTH":5186,"PIPELINEID":"57f06d3b-4358-4250-a6f9-2b1a6c2b7324","PIPELINENAME":"(Dev) (Package)- Artifacts Deployment Pipeline","GITYAMLPATH":null},{"ID":21,"CREATIONDATE":"2023-04-14 07:14:18.929","MODIFICATIONDATE":"2023-04-25 12:39:06.571","VERSION":4,"JSON":"a_1mek_mako-pipelinedefinition-json-4.blob","JSONLENGTH":4840,"PIPELINEID":"c9d15ce1-07bd-499f-b991-d894127b6808","PIPELINENAME":"(QA) BI_Report_Release_Pipeline","GITYAMLPATH":null},{"ID":61,"CREATIONDATE":"2023-04-14 08:53:24.27","MODIFICATIONDATE":"2023-04-19 12:36:32.245","VERSION":41,"JSON":"a_1mek_mako-pipelinedefinition-json-5.blob","JSONLENGTH":5270,"PIPELINEID":"c066ccfc-0636-4730-9923-2387fe2c7938","PIPELINENAME":"(Dev) (Integrations)- Integration Artifacts Deployment Pipeline","GITYAMLPATH":null},{"ID":1,"CREATIONDATE":"2023-04-13 07:53:28.447","MODIFICATIONDATE":"2023-04-27 12:38:43.82","VERSION":105,"JSON":"a_1mek_mako-pipelinedefinition-json-6.blob","JSONLENGTH":5141,"PIPELINEID":"61e299b5-9506-475e-8d7a-6472fb0aafc6","PIPELINENAME":"(Dev) (BI Reports) - BI Reports Deployement Pipeline","GITYAMLPATH":null},{"ID":121,"CREATIONDATE":"2023-04-19 08:04:52.238","MODIFICATIONDATE":"2023-04-19 12:29:54.829","VERSION":10,"JSON":"a_1mek_mako-pipelinedefinition-json-7.blob","JSONLENGTH":5138,"PIPELINEID":"808f37f9-3564-45ed-b4d2-a08a14e93cf6","PIPELINENAME":"(Dev) (Lookup) - Artifacts Deployment Script","GITYAMLPATH":null}]