[{"ID":2,"CREATIONDATE":"2023-04-13 05:15:45.49","MODIFICATIONDATE":"2023-04-28 06:21:06.095","VERSION":2,"JSON":"a_1mek_mako-typed-json-1.blob","PERSISTENCETYPE":"PROJECT_CONFIG","JSONLENGTH":175,"JSON_BCK":null},{"ID":21,"CREATIONDATE":"2023-04-13 07:06:21.75","MODIFICATIONDATE":"2023-04-28 06:01:23.44","VERSION":1853,"JSON":"a_1mek_mako-typed-json-2.blob","PERSISTENCETYPE":"FUTURE","JSONLENGTH":33,"JSON_BCK":null},{"ID":1,"CREATIONDATE":"2023-04-13 05:14:13.457","MODIFICATIONDATE":"2023-04-13 05:14:14.262","VERSION":4,"JSON":"a_1mek_mako-typed-json-3.blob","PERSISTENCETYPE":"ONE_TIME","JSONLENGTH":160,"JSON_BCK":null},{"ID":22,"CREATIONDATE":"2023-04-13 07:51:49.012","MODIFICATIONDATE":"2023-04-27 12:38:43.731","VERSION":289,"JSON":"a_1mek_mako-typed-json-4.blob","PERSISTENCETYPE":"RECENT_TASKS","JSONLENGTH":447604,"JSON_BCK":null},{"ID":41,"CREATIONDATE":"2023-04-13 10:52:40.033","MODIFICATIONDATE":"2023-04-19 12:41:33.867","VERSION":12,"JSON":"a_1mek_mako-typed-json-5.blob","PERSISTENCETYPE":"KEYSTORE","JSONLENGTH":20735,"JSON_BCK":null}]