[{"ID":1,"STATUS":"UNCONFIRMED","RESOLUTION":null},{"ID":2,"STATUS":"NEW","RESOLUTION":null},{"ID":3,"STATUS":"ASSIGNED","RESOLUTION":null},{"ID":4,"STATUS":"REOPENED","RESOLUTION":null},{"ID":5,"STATUS":"RESOLVED","RESOLUTION":"FIXED"},{"ID":6,"STATUS":"RESOLVED","RESOLUTION":"INVALID"},{"ID":7,"STATUS":"RESOLVED","RESOLUTION":"WONTFIX"},{"ID":8,"STATUS":"RESOLVED","RESOLUTION":"DUPLICATE"},{"ID":9,"STATUS":"RESOLVED","RESOLUTION":"WORKSFORME"},{"ID":10,"STATUS":"RESOLVED","RESOLUTION":"NEEDINFO"},{"ID":11,"STATUS":"VERIFIED","RESOLUTION":"FIXED"},{"ID":12,"STATUS":"VERIFIED","RESOLUTION":"INVALID"},{"ID":13,"STATUS":"VERIFIED","RESOLUTION":"WONTFIX"},{"ID":14,"STATUS":"VERIFIED","RESOLUTION":"DUPLICATE"},{"ID":15,"STATUS":"VERIFIED","RESOLUTION":"WORKSFORME"},{"ID":16,"STATUS":"VERIFIED","RESOLUTION":"NEEDINFO"},{"ID":17,"STATUS":"CLOSED","RESOLUTION":"FIXED"},{"ID":18,"STATUS":"CLOSED","RESOLUTION":"INVALID"},{"ID":19,"STATUS":"CLOSED","RESOLUTION":"WONTFIX"},{"ID":20,"STATUS":"CLOSED","RESOLUTION":"DUPLICATE"},{"ID":21,"STATUS":"CLOSED","RESOLUTION":"WORKSFORME"},{"ID":22,"STATUS":"CLOSED","RESOLUTION":"NEEDINFO"}]