[{"AGILE_PROGRESS_ID":1,"AGILE_PROGRESS_COND_ID":1},{"AGILE_PROGRESS_ID":1,"AGILE_PROGRESS_COND_ID":2},{"AGILE_PROGRESS_ID":2,"AGILE_PROGRESS_COND_ID":3},{"AGILE_PROGRESS_ID":2,"AGILE_PROGRESS_COND_ID":4},{"AGILE_PROGRESS_ID":2,"AGILE_PROGRESS_COND_ID":10},{"AGILE_PROGRESS_ID":3,"AGILE_PROGRESS_COND_ID":5},{"AGILE_PROGRESS_ID":3,"AGILE_PROGRESS_COND_ID":6},{"AGILE_PROGRESS_ID":3,"AGILE_PROGRESS_COND_ID":7},{"AGILE_PROGRESS_ID":3,"AGILE_PROGRESS_COND_ID":8},{"AGILE_PROGRESS_ID":3,"AGILE_PROGRESS_COND_ID":9},{"AGILE_PROGRESS_ID":3,"AGILE_PROGRESS_COND_ID":11},{"AGILE_PROGRESS_ID":3,"AGILE_PROGRESS_COND_ID":12},{"AGILE_PROGRESS_ID":3,"AGILE_PROGRESS_COND_ID":13},{"AGILE_PROGRESS_ID":3,"AGILE_PROGRESS_COND_ID":14},{"AGILE_PROGRESS_ID":3,"AGILE_PROGRESS_COND_ID":15},{"AGILE_PROGRESS_ID":3,"AGILE_PROGRESS_COND_ID":16},{"AGILE_PROGRESS_ID":3,"AGILE_PROGRESS_COND_ID":17},{"AGILE_PROGRESS_ID":3,"AGILE_PROGRESS_COND_ID":18},{"AGILE_PROGRESS_ID":3,"AGILE_PROGRESS_COND_ID":19},{"AGILE_PROGRESS_ID":3,"AGILE_PROGRESS_COND_ID":20},{"AGILE_PROGRESS_ID":3,"AGILE_PROGRESS_COND_ID":21},{"AGILE_PROGRESS_ID":3,"AGILE_PROGRESS_COND_ID":22}]