[{"ID":1,"VALUE":"SPRINT_STARTED","SORTKEY":100},{"ID":2,"VALUE":"SPRINT_COMPLETED","SORTKEY":200},{"ID":3,"VALUE":"ISSUE_ADDED","SORTKEY":300},{"ID":4,"VALUE":"ISSUE_REMOVED","SORTKEY":400},{"ID":5,"VALUE":"ISSUE_COMPLETED","SORTKEY":500},{"ID":6,"VALUE":"ISSUE_REOPENED","SORTKEY":600},{"ID":7,"VALUE":"STORY_POINTS_CHANGED","SORTKEY":700},{"ID":8,"VALUE":"ESTIMATED_DAYS_CHANGED","SORTKEY":800},{"ID":9,"VALUE":"ISSUE_COMPLETED_FROZEN","SORTKEY":900},{"ID":10,"VALUE":"REMAINING_CHANGED","SORTKEY":1000},{"ID":11,"VALUE":"TIME_SPENT_CHANGED","SORTKEY":1100},{"ID":12,"VALUE":"EPIC_ISSUE_ADDED","SORTKEY":1200},{"ID":13,"VALUE":"EPIC_ISSUE_REMOVED","SORTKEY":1300}]