[{"ID":1,"VALUE":"blocker","SORTKEY":100,"ISACTIVE":1,"VISIBILITY_VALUE_ID":null},{"ID":2,"VALUE":"critical","SORTKEY":200,"ISACTIVE":1,"VISIBILITY_VALUE_ID":null},{"ID":3,"VALUE":"major","SORTKEY":300,"ISACTIVE":1,"VISIBILITY_VALUE_ID":null},{"ID":4,"VALUE":"normal","SORTKEY":400,"ISACTIVE":1,"VISIBILITY_VALUE_ID":null},{"ID":5,"VALUE":"minor","SORTKEY":500,"ISACTIVE":1,"VISIBILITY_VALUE_ID":null},{"ID":6,"VALUE":"trivial","SORTKEY":600,"ISACTIVE":1,"VISIBILITY_VALUE_ID":null},{"ID":7,"VALUE":"enhancement","SORTKEY":700,"ISACTIVE":1,"VISIBILITY_VALUE_ID":null}]