[{"BUG_ID":2,"ASSIGNED_TO":1,"BUG_FILE_LOC":null,"BUG_SEVERITY":"normal","BUG_STATUS":"Merged","CREATION_TS":"2023-04-14 13:05:52.557","DELTA_TS":"2023-04-14 13:06:10.528","SHORT_DESC":"Merge Request for branch 'main'","OP_SYS":null,"PRIORITY":"Normal","PRODUCT_ID":1,"REP_PLATFORM":null,"REPORTER":1,"VERSION":null,"COMPONENT_ID":1,"RESOLUTION":null,"TARGET_MILESTONE":"---","QA_CONTACT":null,"STATUS_WHITEBOARD":null,"VOTES":0,"KEYWORDS":null,"LASTDIFFED":null,"EVERCONFIRMED":0,"REPORTER_ACCESSIBLE":1,"CCLIST_ACCESSIBLE":1,"ESTIMATED_TIME":null,"REMAINING_TIME":0,"DEADLINE":null,"ALIAS":null,"CF_TASKTYPE":"Review","CF_ITERATION":"---","CF_TASK_RELATIONS":null,"CF_COMMITS":null,"STORY_POINTS":null,"DTYPE":"REVIEW","REVIEWBRANCH":"main","REVIEWREPOSITORYNAME":"External_Client_Artifacts_Repo.git","TARGETBRANCH":"dev"},{"BUG_ID":1,"ASSIGNED_TO":1,"BUG_FILE_LOC":null,"BUG_SEVERITY":"normal","BUG_STATUS":"Merged","CREATION_TS":"2023-04-14 12:58:10.26","DELTA_TS":"2023-04-14 13:00:21.478","SHORT_DESC":"Merge Request for branch 'main'","OP_SYS":null,"PRIORITY":"Normal","PRODUCT_ID":1,"REP_PLATFORM":null,"REPORTER":1,"VERSION":null,"COMPONENT_ID":1,"RESOLUTION":null,"TARGET_MILESTONE":"---","QA_CONTACT":null,"STATUS_WHITEBOARD":null,"VOTES":0,"KEYWORDS":null,"LASTDIFFED":null,"EVERCONFIRMED":0,"REPORTER_ACCESSIBLE":1,"CCLIST_ACCESSIBLE":1,"ESTIMATED_TIME":null,"REMAINING_TIME":0,"DEADLINE":null,"ALIAS":null,"CF_TASKTYPE":"Review","CF_ITERATION":"---","CF_TASK_RELATIONS":null,"CF_COMMITS":null,"STORY_POINTS":null,"DTYPE":"REVIEW","REVIEWBRANCH":"main","REVIEWREPOSITORYNAME":"Internal_Deploy_Script_Repo.git","TARGETBRANCH":"dev"}]