[{"ID":1,"NAME":"bug_id","TYPE":0,"CUSTOM":0,"DESCRIPTION":"Bug #","MAILHEAD":1,"SORTKEY":100,"OBSOLETE":0,"ENTER_BUG":0,"BUGLIST":1,"VISIBILITY_FIELD_ID":null,"VISIBILITY_VALUE_ID":null,"VALUE_FIELD_ID":null},{"ID":2,"NAME":"short_desc","TYPE":0,"CUSTOM":0,"DESCRIPTION":"Summary","MAILHEAD":1,"SORTKEY":200,"OBSOLETE":0,"ENTER_BUG":0,"BUGLIST":1,"VISIBILITY_FIELD_ID":null,"VISIBILITY_VALUE_ID":null,"VALUE_FIELD_ID":null},{"ID":3,"NAME":"classification","TYPE":0,"CUSTOM":0,"DESCRIPTION":"Classification","MAILHEAD":1,"SORTKEY":300,"OBSOLETE":0,"ENTER_BUG":0,"BUGLIST":1,"VISIBILITY_FIELD_ID":null,"VISIBILITY_VALUE_ID":null,"VALUE_FIELD_ID":null},{"ID":4,"NAME":"product","TYPE":2,"CUSTOM":0,"DESCRIPTION":"Product","MAILHEAD":1,"SORTKEY":400,"OBSOLETE":0,"ENTER_BUG":0,"BUGLIST":1,"VISIBILITY_FIELD_ID":null,"VISIBILITY_VALUE_ID":null,"VALUE_FIELD_ID":null},{"ID":5,"NAME":"version","TYPE":0,"CUSTOM":0,"DESCRIPTION":"Found in Release","MAILHEAD":1,"SORTKEY":500,"OBSOLETE":0,"ENTER_BUG":0,"BUGLIST":1,"VISIBILITY_FIELD_ID":null,"VISIBILITY_VALUE_ID":null,"VALUE_FIELD_ID":null},{"ID":6,"NAME":"rep_platform","TYPE":2,"CUSTOM":0,"DESCRIPTION":"Platform","MAILHEAD":1,"SORTKEY":600,"OBSOLETE":0,"ENTER_BUG":0,"BUGLIST":1,"VISIBILITY_FIELD_ID":null,"VISIBILITY_VALUE_ID":null,"VALUE_FIELD_ID":null},{"ID":7,"NAME":"bug_file_loc","TYPE":0,"CUSTOM":0,"DESCRIPTION":"URL","MAILHEAD":1,"SORTKEY":700,"OBSOLETE":0,"ENTER_BUG":0,"BUGLIST":0,"VISIBILITY_FIELD_ID":null,"VISIBILITY_VALUE_ID":null,"VALUE_FIELD_ID":null},{"ID":8,"NAME":"op_sys","TYPE":2,"CUSTOM":0,"DESCRIPTION":"OS/Version","MAILHEAD":1,"SORTKEY":800,"OBSOLETE":0,"ENTER_BUG":0,"BUGLIST":1,"VISIBILITY_FIELD_ID":null,"VISIBILITY_VALUE_ID":null,"VALUE_FIELD_ID":null},{"ID":9,"NAME":"bug_status","TYPE":2,"CUSTOM":0,"DESCRIPTION":"Status","MAILHEAD":1,"SORTKEY":900,"OBSOLETE":0,"ENTER_BUG":0,"BUGLIST":1,"VISIBILITY_FIELD_ID":null,"VISIBILITY_VALUE_ID":null,"VALUE_FIELD_ID":null},{"ID":10,"NAME":"status_whiteboard","TYPE":0,"CUSTOM":0,"DESCRIPTION":"Status Whiteboard","MAILHEAD":1,"SORTKEY":1000,"OBSOLETE":0,"ENTER_BUG":0,"BUGLIST":1,"VISIBILITY_FIELD_ID":null,"VISIBILITY_VALUE_ID":null,"VALUE_FIELD_ID":null},{"ID":11,"NAME":"keywords","TYPE":0,"CUSTOM":0,"DESCRIPTION":"Tags","MAILHEAD":1,"SORTKEY":1100,"OBSOLETE":0,"ENTER_BUG":0,"BUGLIST":1,"VISIBILITY_FIELD_ID":null,"VISIBILITY_VALUE_ID":null,"VALUE_FIELD_ID":null},{"ID":12,"NAME":"resolution","TYPE":2,"CUSTOM":0,"DESCRIPTION":"Resolution","MAILHEAD":0,"SORTKEY":1200,"OBSOLETE":0,"ENTER_BUG":0,"BUGLIST":1,"VISIBILITY_FIELD_ID":null,"VISIBILITY_VALUE_ID":null,"VALUE_FIELD_ID":null},{"ID":13,"NAME":"bug_severity","TYPE":2,"CUSTOM":0,"DESCRIPTION":"Severity","MAILHEAD":1,"SORTKEY":1300,"OBSOLETE":0,"ENTER_BUG":0,"BUGLIST":1,"VISIBILITY_FIELD_ID":null,"VISIBILITY_VALUE_ID":null,"VALUE_FIELD_ID":null},{"ID":14,"NAME":"priority","TYPE":2,"CUSTOM":0,"DESCRIPTION":"Priority","MAILHEAD":1,"SORTKEY":1400,"OBSOLETE":0,"ENTER_BUG":0,"BUGLIST":1,"VISIBILITY_FIELD_ID":null,"VISIBILITY_VALUE_ID":null,"VALUE_FIELD_ID":null},{"ID":15,"NAME":"component","TYPE":0,"CUSTOM":0,"DESCRIPTION":"Component","MAILHEAD":1,"SORTKEY":1500,"OBSOLETE":0,"ENTER_BUG":0,"BUGLIST":1,"VISIBILITY_FIELD_ID":null,"VISIBILITY_VALUE_ID":null,"VALUE_FIELD_ID":null},{"ID":16,"NAME":"assigned_to","TYPE":0,"CUSTOM":0,"DESCRIPTION":"Owner","MAILHEAD":1,"SORTKEY":1600,"OBSOLETE":0,"ENTER_BUG":0,"BUGLIST":1,"VISIBILITY_FIELD_ID":null,"VISIBILITY_VALUE_ID":null,"VALUE_FIELD_ID":null},{"ID":17,"NAME":"reporter","TYPE":0,"CUSTOM":0,"DESCRIPTION":"ReportedBy","MAILHEAD":1,"SORTKEY":1700,"OBSOLETE":0,"ENTER_BUG":0,"BUGLIST":1,"VISIBILITY_FIELD_ID":null,"VISIBILITY_VALUE_ID":null,"VALUE_FIELD_ID":null},{"ID":18,"NAME":"votes","TYPE":0,"CUSTOM":0,"DESCRIPTION":"Votes","MAILHEAD":0,"SORTKEY":1800,"OBSOLETE":0,"ENTER_BUG":0,"BUGLIST":1,"VISIBILITY_FIELD_ID":null,"VISIBILITY_VALUE_ID":null,"VALUE_FIELD_ID":null},{"ID":19,"NAME":"qa_contact","TYPE":0,"CUSTOM":0,"DESCRIPTION":"QAContact","MAILHEAD":1,"SORTKEY":1900,"OBSOLETE":0,"ENTER_BUG":0,"BUGLIST":1,"VISIBILITY_FIELD_ID":null,"VISIBILITY_VALUE_ID":null,"VALUE_FIELD_ID":null},{"ID":20,"NAME":"cc","TYPE":0,"CUSTOM":0,"DESCRIPTION":"CC","MAILHEAD":1,"SORTKEY":2000,"OBSOLETE":0,"ENTER_BUG":0,"BUGLIST":0,"VISIBILITY_FIELD_ID":null,"VISIBILITY_VALUE_ID":null,"VALUE_FIELD_ID":null},{"ID":21,"NAME":"dependson","TYPE":0,"CUSTOM":0,"DESCRIPTION":"Parent","MAILHEAD":1,"SORTKEY":2100,"OBSOLETE":0,"ENTER_BUG":0,"BUGLIST":0,"VISIBILITY_FIELD_ID":null,"VISIBILITY_VALUE_ID":null,"VALUE_FIELD_ID":null},{"ID":22,"NAME":"blocked","TYPE":0,"CUSTOM":0,"DESCRIPTION":"Subtasks","MAILHEAD":1,"SORTKEY":2200,"OBSOLETE":0,"ENTER_BUG":0,"BUGLIST":0,"VISIBILITY_FIELD_ID":null,"VISIBILITY_VALUE_ID":null,"VALUE_FIELD_ID":null},{"ID":23,"NAME":"attachments.description","TYPE":0,"CUSTOM":0,"DESCRIPTION":"Attachment description","MAILHEAD":0,"SORTKEY":2300,"OBSOLETE":0,"ENTER_BUG":0,"BUGLIST":0,"VISIBILITY_FIELD_ID":null,"VISIBILITY_VALUE_ID":null,"VALUE_FIELD_ID":null},{"ID":24,"NAME":"attachments.filename","TYPE":0,"CUSTOM":0,"DESCRIPTION":"Attachment filename","MAILHEAD":0,"SORTKEY":2400,"OBSOLETE":0,"ENTER_BUG":0,"BUGLIST":0,"VISIBILITY_FIELD_ID":null,"VISIBILITY_VALUE_ID":null,"VALUE_FIELD_ID":null},{"ID":25,"NAME":"attachments.mimetype","TYPE":0,"CUSTOM":0,"DESCRIPTION":"Attachment mime type","MAILHEAD":0,"SORTKEY":2500,"OBSOLETE":0,"ENTER_BUG":0,"BUGLIST":0,"VISIBILITY_FIELD_ID":null,"VISIBILITY_VALUE_ID":null,"VALUE_FIELD_ID":null},{"ID":26,"NAME":"attachments.ispatch","TYPE":0,"CUSTOM":0,"DESCRIPTION":"Attachment is patch","MAILHEAD":0,"SORTKEY":2600,"OBSOLETE":0,"ENTER_BUG":0,"BUGLIST":0,"VISIBILITY_FIELD_ID":null,"VISIBILITY_VALUE_ID":null,"VALUE_FIELD_ID":null},{"ID":27,"NAME":"attachments.isobsolete","TYPE":0,"CUSTOM":0,"DESCRIPTION":"Attachment is obsolete","MAILHEAD":0,"SORTKEY":2700,"OBSOLETE":0,"ENTER_BUG":0,"BUGLIST":0,"VISIBILITY_FIELD_ID":null,"VISIBILITY_VALUE_ID":null,"VALUE_FIELD_ID":null},{"ID":28,"NAME":"attachments.isprivate","TYPE":0,"CUSTOM":0,"DESCRIPTION":"Attachment is private","MAILHEAD":0,"SORTKEY":2800,"OBSOLETE":0,"ENTER_BUG":0,"BUGLIST":0,"VISIBILITY_FIELD_ID":null,"VISIBILITY_VALUE_ID":null,"VALUE_FIELD_ID":null},{"ID":29,"NAME":"attachments.submitter","TYPE":0,"CUSTOM":0,"DESCRIPTION":"Attachment creator","MAILHEAD":0,"SORTKEY":2900,"OBSOLETE":0,"ENTER_BUG":0,"BUGLIST":0,"VISIBILITY_FIELD_ID":null,"VISIBILITY_VALUE_ID":null,"VALUE_FIELD_ID":null},{"ID":30,"NAME":"target_milestone","TYPE":0,"CUSTOM":0,"DESCRIPTION":"Release","MAILHEAD":0,"SORTKEY":3000,"OBSOLETE":0,"ENTER_BUG":0,"BUGLIST":1,"VISIBILITY_FIELD_ID":null,"VISIBILITY_VALUE_ID":null,"VALUE_FIELD_ID":null},{"ID":31,"NAME":"creation_ts","TYPE":0,"CUSTOM":0,"DESCRIPTION":"Creation date","MAILHEAD":1,"SORTKEY":3100,"OBSOLETE":0,"ENTER_BUG":0,"BUGLIST":1,"VISIBILITY_FIELD_ID":null,"VISIBILITY_VALUE_ID":null,"VALUE_FIELD_ID":null},{"ID":32,"NAME":"delta_ts","TYPE":0,"CUSTOM":0,"DESCRIPTION":"Last changed date","MAILHEAD":1,"SORTKEY":3200,"OBSOLETE":0,"ENTER_BUG":0,"BUGLIST":1,"VISIBILITY_FIELD_ID":null,"VISIBILITY_VALUE_ID":null,"VALUE_FIELD_ID":null},{"ID":33,"NAME":"longdesc","TYPE":0,"CUSTOM":0,"DESCRIPTION":"Comment","MAILHEAD":0,"SORTKEY":3300,"OBSOLETE":0,"ENTER_BUG":0,"BUGLIST":0,"VISIBILITY_FIELD_ID":null,"VISIBILITY_VALUE_ID":null,"VALUE_FIELD_ID":null},{"ID":34,"NAME":"longdescs.isprivate","TYPE":0,"CUSTOM":0,"DESCRIPTION":"Comment is private","MAILHEAD":0,"SORTKEY":3400,"OBSOLETE":0,"ENTER_BUG":0,"BUGLIST":0,"VISIBILITY_FIELD_ID":null,"VISIBILITY_VALUE_ID":null,"VALUE_FIELD_ID":null},{"ID":35,"NAME":"alias","TYPE":0,"CUSTOM":0,"DESCRIPTION":"Alias","MAILHEAD":0,"SORTKEY":3500,"OBSOLETE":0,"ENTER_BUG":0,"BUGLIST":1,"VISIBILITY_FIELD_ID":null,"VISIBILITY_VALUE_ID":null,"VALUE_FIELD_ID":null},{"ID":36,"NAME":"everconfirmed","TYPE":0,"CUSTOM":0,"DESCRIPTION":"Ever Confirmed","MAILHEAD":0,"SORTKEY":3600,"OBSOLETE":0,"ENTER_BUG":0,"BUGLIST":0,"VISIBILITY_FIELD_ID":null,"VISIBILITY_VALUE_ID":null,"VALUE_FIELD_ID":null},{"ID":37,"NAME":"reporter_accessible","TYPE":0,"CUSTOM":0,"DESCRIPTION":"Reporter Accessible","MAILHEAD":0,"SORTKEY":3700,"OBSOLETE":0,"ENTER_BUG":0,"BUGLIST":0,"VISIBILITY_FIELD_ID":null,"VISIBILITY_VALUE_ID":null,"VALUE_FIELD_ID":null},{"ID":38,"NAME":"cclist_accessible","TYPE":0,"CUSTOM":0,"DESCRIPTION":"CC Accessible","MAILHEAD":0,"SORTKEY":3800,"OBSOLETE":0,"ENTER_BUG":0,"BUGLIST":0,"VISIBILITY_FIELD_ID":null,"VISIBILITY_VALUE_ID":null,"VALUE_FIELD_ID":null},{"ID":39,"NAME":"bug_group","TYPE":0,"CUSTOM":0,"DESCRIPTION":"Group","MAILHEAD":1,"SORTKEY":3900,"OBSOLETE":0,"ENTER_BUG":0,"BUGLIST":0,"VISIBILITY_FIELD_ID":null,"VISIBILITY_VALUE_ID":null,"VALUE_FIELD_ID":null},{"ID":40,"NAME":"estimated_time","TYPE":0,"CUSTOM":0,"DESCRIPTION":"Estimate","MAILHEAD":1,"SORTKEY":4000,"OBSOLETE":0,"ENTER_BUG":0,"BUGLIST":1,"VISIBILITY_FIELD_ID":null,"VISIBILITY_VALUE_ID":null,"VALUE_FIELD_ID":null},{"ID":41,"NAME":"remaining_time","TYPE":0,"CUSTOM":0,"DESCRIPTION":"Remaining Hours","MAILHEAD":0,"SORTKEY":4100,"OBSOLETE":0,"ENTER_BUG":0,"BUGLIST":1,"VISIBILITY_FIELD_ID":null,"VISIBILITY_VALUE_ID":null,"VALUE_FIELD_ID":null},{"ID":42,"NAME":"deadline","TYPE":0,"CUSTOM":0,"DESCRIPTION":"Deadline","MAILHEAD":1,"SORTKEY":4200,"OBSOLETE":0,"ENTER_BUG":0,"BUGLIST":1,"VISIBILITY_FIELD_ID":null,"VISIBILITY_VALUE_ID":null,"VALUE_FIELD_ID":null},{"ID":43,"NAME":"commenter","TYPE":0,"CUSTOM":0,"DESCRIPTION":"Commenter","MAILHEAD":0,"SORTKEY":4300,"OBSOLETE":0,"ENTER_BUG":0,"BUGLIST":0,"VISIBILITY_FIELD_ID":null,"VISIBILITY_VALUE_ID":null,"VALUE_FIELD_ID":null},{"ID":44,"NAME":"flagtypes.name","TYPE":0,"CUSTOM":0,"DESCRIPTION":"Flags","MAILHEAD":0,"SORTKEY":4400,"OBSOLETE":0,"ENTER_BUG":0,"BUGLIST":1,"VISIBILITY_FIELD_ID":null,"VISIBILITY_VALUE_ID":null,"VALUE_FIELD_ID":null},{"ID":45,"NAME":"requestees.login_name","TYPE":0,"CUSTOM":0,"DESCRIPTION":"Flag Requestee","MAILHEAD":0,"SORTKEY":4500,"OBSOLETE":0,"ENTER_BUG":0,"BUGLIST":0,"VISIBILITY_FIELD_ID":null,"VISIBILITY_VALUE_ID":null,"VALUE_FIELD_ID":null},{"ID":46,"NAME":"setters.login_name","TYPE":0,"CUSTOM":0,"DESCRIPTION":"Flag Setter","MAILHEAD":0,"SORTKEY":4600,"OBSOLETE":0,"ENTER_BUG":0,"BUGLIST":0,"VISIBILITY_FIELD_ID":null,"VISIBILITY_VALUE_ID":null,"VALUE_FIELD_ID":null},{"ID":47,"NAME":"work_time","TYPE":0,"CUSTOM":0,"DESCRIPTION":"Hours Worked","MAILHEAD":0,"SORTKEY":4700,"OBSOLETE":0,"ENTER_BUG":0,"BUGLIST":1,"VISIBILITY_FIELD_ID":null,"VISIBILITY_VALUE_ID":null,"VALUE_FIELD_ID":null},{"ID":48,"NAME":"percentage_complete","TYPE":0,"CUSTOM":0,"DESCRIPTION":"Percentage Complete","MAILHEAD":0,"SORTKEY":4800,"OBSOLETE":0,"ENTER_BUG":0,"BUGLIST":1,"VISIBILITY_FIELD_ID":null,"VISIBILITY_VALUE_ID":null,"VALUE_FIELD_ID":null},{"ID":49,"NAME":"content","TYPE":0,"CUSTOM":0,"DESCRIPTION":"Content","MAILHEAD":0,"SORTKEY":4900,"OBSOLETE":0,"ENTER_BUG":0,"BUGLIST":0,"VISIBILITY_FIELD_ID":null,"VISIBILITY_VALUE_ID":null,"VALUE_FIELD_ID":null},{"ID":50,"NAME":"attach_data.thedata","TYPE":0,"CUSTOM":0,"DESCRIPTION":"Attachment data","MAILHEAD":0,"SORTKEY":5000,"OBSOLETE":0,"ENTER_BUG":0,"BUGLIST":0,"VISIBILITY_FIELD_ID":null,"VISIBILITY_VALUE_ID":null,"VALUE_FIELD_ID":null},{"ID":51,"NAME":"attachments.isurl","TYPE":0,"CUSTOM":0,"DESCRIPTION":"Attachment is a URL","MAILHEAD":0,"SORTKEY":5100,"OBSOLETE":0,"ENTER_BUG":0,"BUGLIST":0,"VISIBILITY_FIELD_ID":null,"VISIBILITY_VALUE_ID":null,"VALUE_FIELD_ID":null},{"ID":52,"NAME":"owner_idle_time","TYPE":0,"CUSTOM":0,"DESCRIPTION":"Time Since Assignee Touched","MAILHEAD":0,"SORTKEY":5200,"OBSOLETE":0,"ENTER_BUG":0,"BUGLIST":0,"VISIBILITY_FIELD_ID":null,"VISIBILITY_VALUE_ID":null,"VALUE_FIELD_ID":null},{"ID":53,"NAME":"see_also","TYPE":7,"CUSTOM":0,"DESCRIPTION":"See Also","MAILHEAD":0,"SORTKEY":5300,"OBSOLETE":0,"ENTER_BUG":0,"BUGLIST":0,"VISIBILITY_FIELD_ID":null,"VISIBILITY_VALUE_ID":null,"VALUE_FIELD_ID":null},{"ID":54,"NAME":"days_elapsed","TYPE":0,"CUSTOM":0,"DESCRIPTION":"Days since bug changed","MAILHEAD":0,"SORTKEY":5400,"OBSOLETE":0,"ENTER_BUG":0,"BUGLIST":0,"VISIBILITY_FIELD_ID":null,"VISIBILITY_VALUE_ID":null,"VALUE_FIELD_ID":null},{"ID":60,"NAME":"cf_task_relations","TYPE":4,"CUSTOM":1,"DESCRIPTION":"Associations","MAILHEAD":0,"SORTKEY":60,"OBSOLETE":0,"ENTER_BUG":0,"BUGLIST":1,"VISIBILITY_FIELD_ID":null,"VISIBILITY_VALUE_ID":null,"VALUE_FIELD_ID":null},{"ID":61,"NAME":"cf_tasktype","TYPE":2,"CUSTOM":1,"DESCRIPTION":"Type","MAILHEAD":0,"SORTKEY":70,"OBSOLETE":0,"ENTER_BUG":1,"BUGLIST":1,"VISIBILITY_FIELD_ID":null,"VISIBILITY_VALUE_ID":null,"VALUE_FIELD_ID":null},{"ID":62,"NAME":"cf_iteration","TYPE":2,"CUSTOM":1,"DESCRIPTION":"Iteration","MAILHEAD":0,"SORTKEY":71,"OBSOLETE":0,"ENTER_BUG":1,"BUGLIST":1,"VISIBILITY_FIELD_ID":null,"VISIBILITY_VALUE_ID":null,"VALUE_FIELD_ID":null},{"ID":63,"NAME":"story_points","TYPE":0,"CUSTOM":0,"DESCRIPTION":"Story Points","MAILHEAD":0,"SORTKEY":4150,"OBSOLETE":0,"ENTER_BUG":0,"BUGLIST":1,"VISIBILITY_FIELD_ID":null,"VISIBILITY_VALUE_ID":null,"VALUE_FIELD_ID":null},{"ID":64,"NAME":"resource_dependencies","TYPE":0,"CUSTOM":0,"DESCRIPTION":"Resource Dependencies","MAILHEAD":0,"SORTKEY":5500,"OBSOLETE":0,"ENTER_BUG":0,"BUGLIST":0,"VISIBILITY_FIELD_ID":null,"VISIBILITY_VALUE_ID":null,"VALUE_FIELD_ID":null}]