[{"MEMBER_ID":1,"GRANTOR_ID":1,"GRANT_TYPE":0},{"MEMBER_ID":1,"GRANTOR_ID":1,"GRANT_TYPE":1},{"MEMBER_ID":1,"GRANTOR_ID":1,"GRANT_TYPE":2},{"MEMBER_ID":1,"GRANTOR_ID":2,"GRANT_TYPE":0},{"MEMBER_ID":1,"GRANTOR_ID":2,"GRANT_TYPE":1},{"MEMBER_ID":1,"GRANTOR_ID":2,"GRANT_TYPE":2},{"MEMBER_ID":1,"GRANTOR_ID":3,"GRANT_TYPE":0},{"MEMBER_ID":1,"GRANTOR_ID":3,"GRANT_TYPE":1},{"MEMBER_ID":1,"GRANTOR_ID":3,"GRANT_TYPE":2},{"MEMBER_ID":1,"GRANTOR_ID":4,"GRANT_TYPE":0},{"MEMBER_ID":1,"GRANTOR_ID":4,"GRANT_TYPE":1},{"MEMBER_ID":1,"GRANTOR_ID":4,"GRANT_TYPE":2},{"MEMBER_ID":1,"GRANTOR_ID":5,"GRANT_TYPE":0},{"MEMBER_ID":1,"GRANTOR_ID":5,"GRANT_TYPE":1},{"MEMBER_ID":1,"GRANTOR_ID":5,"GRANT_TYPE":2},{"MEMBER_ID":1,"GRANTOR_ID":6,"GRANT_TYPE":0},{"MEMBER_ID":1,"GRANTOR_ID":6,"GRANT_TYPE":1},{"MEMBER_ID":1,"GRANTOR_ID":6,"GRANT_TYPE":2},{"MEMBER_ID":1,"GRANTOR_ID":7,"GRANT_TYPE":0},{"MEMBER_ID":1,"GRANTOR_ID":7,"GRANT_TYPE":1},{"MEMBER_ID":1,"GRANTOR_ID":7,"GRANT_TYPE":2},{"MEMBER_ID":1,"GRANTOR_ID":8,"GRANT_TYPE":0},{"MEMBER_ID":1,"GRANTOR_ID":8,"GRANT_TYPE":1},{"MEMBER_ID":1,"GRANTOR_ID":8,"GRANT_TYPE":2},{"MEMBER_ID":1,"GRANTOR_ID":9,"GRANT_TYPE":0},{"MEMBER_ID":1,"GRANTOR_ID":9,"GRANT_TYPE":1},{"MEMBER_ID":1,"GRANTOR_ID":9,"GRANT_TYPE":2},{"MEMBER_ID":1,"GRANTOR_ID":10,"GRANT_TYPE":0},{"MEMBER_ID":1,"GRANTOR_ID":10,"GRANT_TYPE":1},{"MEMBER_ID":1,"GRANTOR_ID":10,"GRANT_TYPE":2},{"MEMBER_ID":1,"GRANTOR_ID":11,"GRANT_TYPE":0},{"MEMBER_ID":1,"GRANTOR_ID":11,"GRANT_TYPE":1},{"MEMBER_ID":1,"GRANTOR_ID":11,"GRANT_TYPE":2},{"MEMBER_ID":1,"GRANTOR_ID":12,"GRANT_TYPE":0},{"MEMBER_ID":1,"GRANTOR_ID":12,"GRANT_TYPE":1},{"MEMBER_ID":1,"GRANTOR_ID":12,"GRANT_TYPE":2},{"MEMBER_ID":1,"GRANTOR_ID":13,"GRANT_TYPE":0},{"MEMBER_ID":1,"GRANTOR_ID":13,"GRANT_TYPE":1},{"MEMBER_ID":1,"GRANTOR_ID":13,"GRANT_TYPE":2},{"MEMBER_ID":11,"GRANTOR_ID":13,"GRANT_TYPE":0},{"MEMBER_ID":12,"GRANTOR_ID":10,"GRANT_TYPE":0}]