[{"COMMENT_ID":13,"BUG_ID":2,"WHO":1,"BUG_WHEN":"2023-04-14 13:05:52.557","WORK_TIME":0,"THETEXT":"a_1mek_tasks-longdescs-thetext-1.clob","ISPRIVATE":0,"ALREADY_WRAPPED":1,"TYPE":1,"EXTRA_DATA":null,"MODIFICATION_TIME":"2023-04-14 13:05:52.557","DTYPE":"Comment","PARENT_COMMENT_ID":null,"COMMIT_ID":null,"FILENAME":null,"LINE":null,"COMMIT_STATUS":null,"CACHED_LINE":null,"CACHED_COMMIT_ID":null,"BASE_COMMIT_ID":null,"COMMENTSTATUS":0},{"COMMENT_ID":14,"BUG_ID":2,"WHO":1,"BUG_WHEN":"2023-04-14 13:05:52.772","WORK_TIME":0,"THETEXT":"a_1mek_tasks-longdescs-thetext-2.clob","ISPRIVATE":0,"ALREADY_WRAPPED":0,"TYPE":6,"EXTRA_DATA":null,"MODIFICATION_TIME":"2023-04-14 13:05:52.772","DTYPE":"REVIEW","PARENT_COMMENT_ID":null,"COMMIT_ID":null,"FILENAME":null,"LINE":null,"COMMIT_STATUS":"Not Applicable","CACHED_LINE":null,"CACHED_COMMIT_ID":null,"BASE_COMMIT_ID":null,"COMMENTSTATUS":0},{"COMMENT_ID":15,"BUG_ID":2,"WHO":1,"BUG_WHEN":"2023-04-14 12:04:28.0","WORK_TIME":0,"THETEXT":"a_1mek_tasks-longdescs-thetext-3.clob","ISPRIVATE":0,"ALREADY_WRAPPED":0,"TYPE":7,"EXTRA_DATA":null,"MODIFICATION_TIME":"2023-04-14 12:04:28.0","DTYPE":"REVIEW","PARENT_COMMENT_ID":null,"COMMIT_ID":"421277654cae1b5971e162c5cb68a42022452cc8","FILENAME":null,"LINE":null,"COMMIT_STATUS":"Not Merged","CACHED_LINE":null,"CACHED_COMMIT_ID":null,"BASE_COMMIT_ID":null,"COMMENTSTATUS":0},{"COMMENT_ID":16,"BUG_ID":2,"WHO":1,"BUG_WHEN":"2023-04-14 12:15:31.0","WORK_TIME":0,"THETEXT":"a_1mek_tasks-longdescs-thetext-4.clob","ISPRIVATE":0,"ALREADY_WRAPPED":0,"TYPE":7,"EXTRA_DATA":null,"MODIFICATION_TIME":"2023-04-14 12:15:31.0","DTYPE":"REVIEW","PARENT_COMMENT_ID":null,"COMMIT_ID":"a56fd358a6d7f021688314fdcf608e67b8426faf","FILENAME":null,"LINE":null,"COMMIT_STATUS":"Not Merged","CACHED_LINE":null,"CACHED_COMMIT_ID":null,"BASE_COMMIT_ID":null,"COMMENTSTATUS":0},{"COMMENT_ID":17,"BUG_ID":2,"WHO":1,"BUG_WHEN":"2023-04-14 13:06:01.347","WORK_TIME":0,"THETEXT":null,"ISPRIVATE":0,"ALREADY_WRAPPED":0,"TYPE":15,"EXTRA_DATA":null,"MODIFICATION_TIME":"2023-04-14 13:06:01.347","DTYPE":"REVIEW","PARENT_COMMENT_ID":null,"COMMIT_ID":"a56fd358a6d7f021688314fdcf608e67b8426faf","FILENAME":null,"LINE":null,"COMMIT_STATUS":"Not Applicable","CACHED_LINE":null,"CACHED_COMMIT_ID":null,"BASE_COMMIT_ID":null,"COMMENTSTATUS":0},{"COMMENT_ID":18,"BUG_ID":2,"WHO":1,"BUG_WHEN":"2023-04-14 13:06:01.348","WORK_TIME":0,"THETEXT":null,"ISPRIVATE":0,"ALREADY_WRAPPED":0,"TYPE":11,"EXTRA_DATA":null,"MODIFICATION_TIME":"2023-04-14 13:06:01.348","DTYPE":"REVIEW","PARENT_COMMENT_ID":17,"COMMIT_ID":"a56fd358a6d7f021688314fdcf608e67b8426faf","FILENAME":null,"LINE":null,"COMMIT_STATUS":"Not Applicable","CACHED_LINE":null,"CACHED_COMMIT_ID":null,"BASE_COMMIT_ID":null,"COMMENTSTATUS":0},{"COMMENT_ID":19,"BUG_ID":2,"WHO":1,"BUG_WHEN":"2023-04-14 13:06:10.529","WORK_TIME":0,"THETEXT":"a_1mek_tasks-longdescs-thetext-7.clob","ISPRIVATE":0,"ALREADY_WRAPPED":0,"TYPE":17,"EXTRA_DATA":null,"MODIFICATION_TIME":"2023-04-14 13:06:10.529","DTYPE":"REVIEW","PARENT_COMMENT_ID":null,"COMMIT_ID":"64bdde64927c937fb214379078fa215d7bebbdd8","FILENAME":null,"LINE":null,"COMMIT_STATUS":"Not Applicable","CACHED_LINE":null,"CACHED_COMMIT_ID":null,"BASE_COMMIT_ID":null,"COMMENTSTATUS":0},{"COMMENT_ID":1,"BUG_ID":1,"WHO":1,"BUG_WHEN":"2023-04-14 12:58:10.26","WORK_TIME":0,"THETEXT":"a_1mek_tasks-longdescs-thetext-8.clob","ISPRIVATE":0,"ALREADY_WRAPPED":1,"TYPE":1,"EXTRA_DATA":null,"MODIFICATION_TIME":"2023-04-14 12:58:10.26","DTYPE":"Comment","PARENT_COMMENT_ID":null,"COMMIT_ID":null,"FILENAME":null,"LINE":null,"COMMIT_STATUS":null,"CACHED_LINE":null,"CACHED_COMMIT_ID":null,"BASE_COMMIT_ID":null,"COMMENTSTATUS":0},{"COMMENT_ID":2,"BUG_ID":1,"WHO":1,"BUG_WHEN":"2023-04-14 12:58:11.179","WORK_TIME":0,"THETEXT":"a_1mek_tasks-longdescs-thetext-9.clob","ISPRIVATE":0,"ALREADY_WRAPPED":0,"TYPE":6,"EXTRA_DATA":null,"MODIFICATION_TIME":"2023-04-14 12:58:11.179","DTYPE":"REVIEW","PARENT_COMMENT_ID":null,"COMMIT_ID":null,"FILENAME":null,"LINE":null,"COMMIT_STATUS":"Not Applicable","CACHED_LINE":null,"CACHED_COMMIT_ID":null,"BASE_COMMIT_ID":null,"COMMENTSTATUS":0},{"COMMENT_ID":3,"BUG_ID":1,"WHO":1,"BUG_WHEN":"2023-04-13 07:15:09.0","WORK_TIME":0,"THETEXT":"a_1mek_tasks-longdescs-thetext-10.clob","ISPRIVATE":0,"ALREADY_WRAPPED":0,"TYPE":7,"EXTRA_DATA":null,"MODIFICATION_TIME":"2023-04-13 07:15:09.0","DTYPE":"REVIEW","PARENT_COMMENT_ID":null,"COMMIT_ID":"d6b8a575a3c2305b469aeb7576c3a9afe0499746","FILENAME":null,"LINE":null,"COMMIT_STATUS":"Not Merged","CACHED_LINE":null,"CACHED_COMMIT_ID":null,"BASE_COMMIT_ID":null,"COMMENTSTATUS":0},{"COMMENT_ID":4,"BUG_ID":1,"WHO":1,"BUG_WHEN":"2023-04-13 07:30:05.0","WORK_TIME":0,"THETEXT":"a_1mek_tasks-longdescs-thetext-11.clob","ISPRIVATE":0,"ALREADY_WRAPPED":0,"TYPE":7,"EXTRA_DATA":null,"MODIFICATION_TIME":"2023-04-13 07:30:05.0","DTYPE":"REVIEW","PARENT_COMMENT_ID":null,"COMMIT_ID":"3f608de1ffbf72cf89e9da7831710460e8017784","FILENAME":null,"LINE":null,"COMMIT_STATUS":"Not Merged","CACHED_LINE":null,"CACHED_COMMIT_ID":null,"BASE_COMMIT_ID":null,"COMMENTSTATUS":0},{"COMMENT_ID":5,"BUG_ID":1,"WHO":1,"BUG_WHEN":"2023-04-14 06:23:17.0","WORK_TIME":0,"THETEXT":"a_1mek_tasks-longdescs-thetext-12.clob","ISPRIVATE":0,"ALREADY_WRAPPED":0,"TYPE":7,"EXTRA_DATA":null,"MODIFICATION_TIME":"2023-04-14 06:23:17.0","DTYPE":"REVIEW","PARENT_COMMENT_ID":null,"COMMIT_ID":"88f76e634771ca5600118383bc774fe23fc20013","FILENAME":null,"LINE":null,"COMMIT_STATUS":"Not Merged","CACHED_LINE":null,"CACHED_COMMIT_ID":null,"BASE_COMMIT_ID":null,"COMMENTSTATUS":0},{"COMMENT_ID":6,"BUG_ID":1,"WHO":1,"BUG_WHEN":"2023-04-14 06:26:24.0","WORK_TIME":0,"THETEXT":"a_1mek_tasks-longdescs-thetext-13.clob","ISPRIVATE":0,"ALREADY_WRAPPED":0,"TYPE":7,"EXTRA_DATA":null,"MODIFICATION_TIME":"2023-04-14 06:26:24.0","DTYPE":"REVIEW","PARENT_COMMENT_ID":null,"COMMIT_ID":"d7db8afa5e951ab45f63b416c313ccec5e79c0c5","FILENAME":null,"LINE":null,"COMMIT_STATUS":"Not Merged","CACHED_LINE":null,"CACHED_COMMIT_ID":null,"BASE_COMMIT_ID":null,"COMMENTSTATUS":0},{"COMMENT_ID":7,"BUG_ID":1,"WHO":1,"BUG_WHEN":"2023-04-14 12:00:08.0","WORK_TIME":0,"THETEXT":"a_1mek_tasks-longdescs-thetext-14.clob","ISPRIVATE":0,"ALREADY_WRAPPED":0,"TYPE":7,"EXTRA_DATA":null,"MODIFICATION_TIME":"2023-04-14 12:00:08.0","DTYPE":"REVIEW","PARENT_COMMENT_ID":null,"COMMIT_ID":"0893f86635abd413c7b150e3cedd238917bfeecd","FILENAME":null,"LINE":null,"COMMIT_STATUS":"Not Merged","CACHED_LINE":null,"CACHED_COMMIT_ID":null,"BASE_COMMIT_ID":null,"COMMENTSTATUS":0},{"COMMENT_ID":8,"BUG_ID":1,"WHO":1,"BUG_WHEN":"2023-04-14 12:33:55.0","WORK_TIME":0,"THETEXT":"a_1mek_tasks-longdescs-thetext-15.clob","ISPRIVATE":0,"ALREADY_WRAPPED":0,"TYPE":7,"EXTRA_DATA":null,"MODIFICATION_TIME":"2023-04-14 12:33:55.0","DTYPE":"REVIEW","PARENT_COMMENT_ID":null,"COMMIT_ID":"e434aab1dbb317ce0a8c4e5b0a18f5e73384d71a","FILENAME":null,"LINE":null,"COMMIT_STATUS":"Not Merged","CACHED_LINE":null,"CACHED_COMMIT_ID":null,"BASE_COMMIT_ID":null,"COMMENTSTATUS":0},{"COMMENT_ID":9,"BUG_ID":1,"WHO":1,"BUG_WHEN":"2023-04-14 12:58:39.367","WORK_TIME":0,"THETEXT":null,"ISPRIVATE":0,"ALREADY_WRAPPED":0,"TYPE":15,"EXTRA_DATA":null,"MODIFICATION_TIME":"2023-04-14 12:58:39.367","DTYPE":"REVIEW","PARENT_COMMENT_ID":null,"COMMIT_ID":"e434aab1dbb317ce0a8c4e5b0a18f5e73384d71a","FILENAME":null,"LINE":null,"COMMIT_STATUS":"Not Applicable","CACHED_LINE":null,"CACHED_COMMIT_ID":null,"BASE_COMMIT_ID":null,"COMMENTSTATUS":0},{"COMMENT_ID":10,"BUG_ID":1,"WHO":1,"BUG_WHEN":"2023-04-14 12:58:39.368","WORK_TIME":0,"THETEXT":"a_1mek_tasks-longdescs-thetext-17.clob","ISPRIVATE":0,"ALREADY_WRAPPED":0,"TYPE":11,"EXTRA_DATA":null,"MODIFICATION_TIME":"2023-04-14 12:58:39.368","DTYPE":"REVIEW","PARENT_COMMENT_ID":9,"COMMIT_ID":"e434aab1dbb317ce0a8c4e5b0a18f5e73384d71a","FILENAME":null,"LINE":null,"COMMIT_STATUS":"Not Applicable","CACHED_LINE":null,"CACHED_COMMIT_ID":null,"BASE_COMMIT_ID":null,"COMMENTSTATUS":0},{"COMMENT_ID":11,"BUG_ID":1,"WHO":1,"BUG_WHEN":"2023-04-14 13:00:11.383","WORK_TIME":0,"THETEXT":"a_1mek_tasks-longdescs-thetext-18.clob","ISPRIVATE":0,"ALREADY_WRAPPED":0,"TYPE":7,"EXTRA_DATA":null,"MODIFICATION_TIME":"2023-04-14 13:00:11.383","DTYPE":"REVIEW","PARENT_COMMENT_ID":null,"COMMIT_ID":"31dee6abb68886084c5ea3e1db6a1f413cec0f28","FILENAME":null,"LINE":null,"COMMIT_STATUS":"Not Merged","CACHED_LINE":null,"CACHED_COMMIT_ID":null,"BASE_COMMIT_ID":null,"COMMENTSTATUS":0},{"COMMENT_ID":12,"BUG_ID":1,"WHO":1,"BUG_WHEN":"2023-04-14 13:00:21.48","WORK_TIME":0,"THETEXT":"a_1mek_tasks-longdescs-thetext-19.clob","ISPRIVATE":0,"ALREADY_WRAPPED":0,"TYPE":17,"EXTRA_DATA":null,"MODIFICATION_TIME":"2023-04-14 13:00:21.48","DTYPE":"REVIEW","PARENT_COMMENT_ID":null,"COMMIT_ID":"1161928df3188f95065670f3943d1934fbecf97c","FILENAME":null,"LINE":null,"COMMIT_STATUS":"Not Applicable","CACHED_LINE":null,"CACHED_COMMIT_ID":null,"BASE_COMMIT_ID":null,"COMMENTSTATUS":0}]