[{"ID":1,"VALUE":null,"SORTKEY":100,"ISACTIVE":1,"VISIBILITY_VALUE_ID":null},{"ID":2,"VALUE":"FIXED","SORTKEY":200,"ISACTIVE":1,"VISIBILITY_VALUE_ID":null},{"ID":3,"VALUE":"INVALID","SORTKEY":300,"ISACTIVE":1,"VISIBILITY_VALUE_ID":null},{"ID":4,"VALUE":"WONTFIX","SORTKEY":400,"ISACTIVE":1,"VISIBILITY_VALUE_ID":null},{"ID":5,"VALUE":"DUPLICATE","SORTKEY":500,"ISACTIVE":1,"VISIBILITY_VALUE_ID":null},{"ID":6,"VALUE":"WORKSFORME","SORTKEY":600,"ISACTIVE":1,"VISIBILITY_VALUE_ID":null},{"ID":7,"VALUE":"NEEDINFO","SORTKEY":700,"ISACTIVE":1,"VISIBILITY_VALUE_ID":null}]