[{"fileName":"liquibase-task-db-master-oracle.xml","path":"data","hash":"ab5d1444ac60c9fa51a5111579e4b0b9d2d1ef5dafafc9a8bb0d192cacb407cb","isMaster":true},{"fileName":"liquibase-task-db-schema-1.0.xml","path":"data","hash":"a446c180c5fa404279afe14ac32ec0518c4021c3be2172f04a352fa743d41b2e","isMaster":false},{"fileName":"liquibase-task-db-schema-1.0-oracle.xml","path":"data","hash":"293e4de99c5d265e452999f10676911f1b3028c63118d35ab212c8949b2fd4f2","isMaster":false},{"fileName":"liquibase-agile-db-schema-1.0.xml","path":"data","hash":"60451bd3be6f3989c535d4250c3d8bd667cb53325b1e5662384d4216be9b6e40","isMaster":false},{"fileName":"liquibase-task-db-initial-data-1.0.xml","path":"data","hash":"2269ca10d7ea46f22b4d33cae89b3f2c780fce720665dd884f642e43d26e9ede","isMaster":false},{"fileName":"liquibase-task-db-initial-data-1.0-oracle.xml","path":"data","hash":"622f4c6a2539ef5fe23ef38d4b4e93b8b25f1b4f802b68c3b2eff3cc452954fc","isMaster":false},{"fileName":"liquibase-agile-db-initial-data-1.0.xml","path":"data","hash":"4b6d44720b1dd49195b9909cea89afe1e1b0e745bdc2e73dde3de7d73e78986a","isMaster":false},{"fileName":"liquibase-task-db-schema-21.04.0-groups-oracle.xml","path":"data","hash":"137b37e82f78ac82a7c51c5b12d264527ed6e66cf3223a6f2c6b7185546cd365","isMaster":false},{"fileName":"liquibase-task-db-schema-21.10.0-oracle.xml","path":"data","hash":"02727713f118063d0f699c532e6900ad53c0dbc69effb56a72d0ed6eb22f3dd2","isMaster":false},{"fileName":"liquibase-task-db-schema-22.04.0-oracle.xml","path":"data","hash":"18ac38465827ba4f3d5779b004ea2772ad22e8dfacda476968313830e67ed41e","isMaster":false},{"fileName":"liquibase-task-db-schema-22.10.0.xml","path":"data","hash":"be55d7976030a6d734e3f39df41236c48cfbd1e5539ddd496359ae1de37f65a5","isMaster":false}]