[{"fileName":"liquibase-mako-db-master-oracle.xml","path":"META-INF/liquibase","hash":"9c5d505b798bca5f8d8e37f6575ce05854d0e1e5b1c3ee6d20e781c568cc06e9","isMaster":true},{"fileName":"liquibase-mako-db-schema-1.0.xml","path":"META-INF/liquibase","hash":"579471eee3161bef8b88a2d2c21dadee2f2262ea839c4437d94c123c2567d467","isMaster":false},{"fileName":"liquibase-mako-db-schema-1.0-oracle.xml","path":"META-INF/liquibase","hash":"897906234aed87e12acadcc7d2a0f31f1f7df751cd0bdc9bf31f4436c0cece75","isMaster":false},{"fileName":"liquibase-mako-db-schema-23.04.0.xml","path":"META-INF/liquibase","hash":"a52a90d0ddd865fe3a2a3cb4d88be414608f15ac91ba9e21488662deae267cbe","isMaster":false}]