[{"name":"ISEQ$$_35592930","lastNumber":1},{"name":"WIKIPAGEWATCH_SEQ","lastNumber":1},{"name":"PERSON_SEQ","lastNumber":21},{"name":"PAGECONTENT_SEQ","lastNumber":1},{"name":"ATTACHMENTCONTENT_SEQ","lastNumber":1},{"name":"ISEQ$$_35592920","lastNumber":1},{"name":"ISEQ$$_35592902","lastNumber":1},{"name":"ISEQ$$_35592946","lastNumber":1},{"name":"WIKICOMMENT_ID_SEQ","lastNumber":1},{"name":"WIKIDRAFT_SEQ","lastNumber":1},{"name":"ATTACHMENT_SEQ","lastNumber":1},{"name":"CONFIGURATIONPROPERTY_SEQ","lastNumber":2},{"name":"WIKICOMMENT_AUTHOR_ID_SEQ","lastNumber":1},{"name":"PAGE_SEQ","lastNumber":1},{"name":"ISEQ$$_35592891","lastNumber":1},{"name":"WIKIPROJECTWATCH_SEQ","lastNumber":1}]